
========================================
[2026-09-21 00:20:59] [INFO] === System Started ===
[2026-09-21 00:20:59] [INFO] Mode: AUTO
[2026-09-21 00:20:59] [INFO] Controller initialized - Fan threshold: 30C, Alarm threshold: 40C, Valid range: [0, 60]C, Fault threshold: 3 cycles
[2026-09-21 00:20:59] [WARNING] Fan turned ON - Temperature WARNING
[2026-09-21 00:20:59] [INFO] Status changed: NORMAL -> WARNING
[2026-09-21 00:20:59] [INFO] Temperature: 39.6C | Status: WARNING | Fan: ON | Alarm: OFF
[2026-09-21 00:21:00] [CRITICAL] Alarm turned ON - Temperature CRITICAL!
[2026-09-21 00:21:00] [INFO] Status changed: WARNING -> CRITICAL
[2026-09-21 00:21:00] [INFO] Temperature: 51.5C | Status: CRITICAL | Fan: ON | Alarm: ON
[2026-09-21 00:21:01] [INFO] Fan turned OFF
[2026-09-21 00:21:01] [INFO] Alarm turned OFF
[2026-09-21 00:21:01] [INFO] Status changed: CRITICAL -> NORMAL
[2026-09-21 00:21:01] [INFO] Temperature: 15.2C | Status: NORMAL | Fan: OFF | Alarm: OFF
[2026-09-21 00:21:02] [CRITICAL] Fan turned ON - Temperature CRITICAL
[2026-09-21 00:21:02] [CRITICAL] Alarm turned ON - Temperature CRITICAL!
[2026-09-21 00:21:02] [INFO] Status changed: NORMAL -> CRITICAL
[2026-09-21 00:21:02] [INFO] Temperature: 42.3C | Status: CRITICAL | Fan: ON | Alarm: ON
[2026-09-21 00:21:03] [INFO] Fan turned OFF
[2026-09-21 00:21:03] [INFO] Alarm turned OFF
[2026-09-21 00:21:03] [INFO] Status changed: CRITICAL -> NORMAL
[2026-09-21 00:21:03] [INFO] Temperature: 0.1C | Status: NORMAL | Fan: OFF | Alarm: OFF
[2026-09-21 00:21:04] [INFO] Temperature: 7.1C | Status: NORMAL | Fan: OFF | Alarm: OFF
[2026-09-21 00:21:05] [WARNING] Sensor transient fault detected (Count: 1/3) - Raw value: -999.0C - Holding last valid state
[2026-09-21 00:21:06] [WARNING] Sensor transient fault detected (Count: 2/3) - Raw value: -999.0C - Holding last valid state
[2026-09-21 00:21:07] [INFO] Sensor recovered after 0 fault cycle(s) - Resuming normal operation
[2026-09-21 00:21:07] [WARNING] Fan turned ON - Temperature WARNING
[2026-09-21 00:21:07] [INFO] Status changed: SENSOR_ERROR -> WARNING
[2026-09-21 00:21:07] [INFO] Temperature: 39.6C | Status: WARNING | Fan: ON | Alarm: OFF
[2026-09-21 00:21:08] [INFO] Fan turned OFF
[2026-09-21 00:21:08] [INFO] Status changed: WARNING -> NORMAL
[2026-09-21 00:21:08] [INFO] Temperature: 21.9C | Status: NORMAL | Fan: OFF | Alarm: OFF
[2026-09-21 00:21:09] [WARNING] Sensor transient fault detected (Count: 1/3) - Raw value: -999.0C - Holding last valid state
[2026-09-21 00:21:10] [INFO] System shutdown requested by user
[2026-09-21 00:21:10] [INFO] === System Shutdown ===
========================================

========================================
[2026-09-21 22:26:44] [INFO] === System Started ===
[2026-09-21 22:26:44] [INFO] Mode: AUTO
[2026-09-21 22:26:44] [INFO] Controller initialized - Fan threshold: 30C, Alarm threshold: 40C, Valid range: [0, 60]C, Fault threshold: 3 cycles
[2026-09-21 22:26:44] [CRITICAL] Fan turned ON - Temperature CRITICAL
[2026-09-21 22:26:44] [CRITICAL] Alarm turned ON - Temperature CRITICAL!
[2026-09-21 22:26:44] [INFO] Status changed: NORMAL -> CRITICAL
[2026-09-21 22:26:44] [INFO] Temperature: 54.2C | Status: CRITICAL | Fan: ON | Alarm: ON
[2026-09-21 22:26:45] [INFO] Fan turned OFF
[2026-09-21 22:26:45] [INFO] Alarm turned OFF
[2026-09-21 22:26:45] [INFO] Status changed: CRITICAL -> NORMAL
[2026-09-21 22:26:45] [INFO] Temperature: 1.0C | Status: NORMAL | Fan: OFF | Alarm: OFF
[2026-09-21 22:26:46] [CRITICAL] Fan turned ON - Temperature CRITICAL
[2026-09-21 22:26:46] [CRITICAL] Alarm turned ON - Temperature CRITICAL!
[2026-09-21 22:26:46] [INFO] Status changed: NORMAL -> CRITICAL
[2026-09-21 22:26:46] [INFO] Temperature: 58.6C | Status: CRITICAL | Fan: ON | Alarm: ON
[2026-09-21 22:26:47] [INFO] Temperature: 43.2C | Status: CRITICAL | Fan: ON | Alarm: ON
[2026-09-21 22:26:48] [INFO] Temperature: 53.0C | Status: CRITICAL | Fan: ON | Alarm: ON
[2026-09-21 22:26:49] [INFO] Alarm turned OFF
[2026-09-21 22:26:49] [INFO] Status changed: CRITICAL -> WARNING
[2026-09-21 22:26:49] [INFO] Temperature: 37.0C | Status: WARNING | Fan: ON | Alarm: OFF
[2026-09-21 22:26:50] [INFO] Temperature: 31.7C | Status: WARNING | Fan: ON | Alarm: OFF
[2026-09-21 22:26:51] [INFO] Fan turned OFF
[2026-09-21 22:26:51] [INFO] Status changed: WARNING -> NORMAL
[2026-09-21 22:26:51] [INFO] Temperature: 2.6C | Status: NORMAL | Fan: OFF | Alarm: OFF
[2026-09-21 22:26:53] [INFO] Temperature: 4.1C | Status: NORMAL | Fan: OFF | Alarm: OFF
[2026-09-21 22:26:54] [CRITICAL] Fan turned ON - Temperature CRITICAL
[2026-09-21 22:26:54] [CRITICAL] Alarm turned ON - Temperature CRITICAL!
[2026-09-21 22:26:54] [INFO] Status changed: NORMAL -> CRITICAL
[2026-09-21 22:26:54] [INFO] Temperature: 53.8C | Status: CRITICAL | Fan: ON | Alarm: ON
[2026-09-21 22:26:55] [INFO] Fan turned OFF
[2026-09-21 22:26:55] [INFO] Alarm turned OFF
[2026-09-21 22:26:55] [INFO] Status changed: CRITICAL -> NORMAL
[2026-09-21 22:26:55] [INFO] Temperature: 2.7C | Status: NORMAL | Fan: OFF | Alarm: OFF
[2026-09-21 22:26:56] [WARNING] Sensor transient fault detected (Count: 1/3) - Raw value: 120.0C - Holding last valid state
[2026-09-21 22:26:57] [INFO] Sensor recovered after 0 fault cycle(s) - Resuming normal operation
[2026-09-21 22:26:57] [CRITICAL] Fan turned ON - Temperature CRITICAL
[2026-09-21 22:26:57] [CRITICAL] Alarm turned ON - Temperature CRITICAL!
[2026-09-21 22:26:57] [INFO] Status changed: SENSOR_ERROR -> CRITICAL
[2026-09-21 22:26:57] [INFO] Temperature: 52.9C | Status: CRITICAL | Fan: ON | Alarm: ON
[2026-09-21 22:26:58] [INFO] Temperature: 50.7C | Status: CRITICAL | Fan: ON | Alarm: ON
[2026-09-21 22:26:59] [INFO] Fan turned OFF
[2026-09-21 22:26:59] [INFO] Alarm turned OFF
[2026-09-21 22:26:59] [INFO] Status changed: CRITICAL -> NORMAL
[2026-09-21 22:26:59] [INFO] Temperature: 11.9C | Status: NORMAL | Fan: OFF | Alarm: OFF
[2026-09-21 22:27:00] [CRITICAL] Fan turned ON - Temperature CRITICAL
[2026-09-21 22:27:00] [CRITICAL] Alarm turned ON - Temperature CRITICAL!
[2026-09-21 22:27:00] [INFO] Status changed: NORMAL -> CRITICAL
[2026-09-21 22:27:00] [INFO] Temperature: 40.8C | Status: CRITICAL | Fan: ON | Alarm: ON
[2026-09-21 22:27:01] [INFO] Fan turned OFF
[2026-09-21 22:27:01] [INFO] Alarm turned OFF
[2026-09-21 22:27:01] [INFO] Status changed: CRITICAL -> NORMAL
[2026-09-21 22:27:01] [INFO] Temperature: 2.7C | Status: NORMAL | Fan: OFF | Alarm: OFF
[2026-09-21 22:27:02] [CRITICAL] Fan turned ON - Temperature CRITICAL
[2026-09-21 22:27:02] [CRITICAL] Alarm turned ON - Temperature CRITICAL!
[2026-09-21 22:27:02] [INFO] Status changed: NORMAL -> CRITICAL
[2026-09-21 22:27:02] [INFO] Temperature: 54.9C | Status: CRITICAL | Fan: ON | Alarm: ON
[2026-09-21 22:27:03] [WARNING] Sensor transient fault detected (Count: 1/3) - Raw value: 120.0C - Holding last valid state
[2026-09-21 22:27:04] [INFO] Sensor recovered after 0 fault cycle(s) - Resuming normal operation
[2026-09-21 22:27:04] [INFO] Fan turned OFF
[2026-09-21 22:27:04] [INFO] Alarm turned OFF
[2026-09-21 22:27:04] [INFO] Status changed: SENSOR_ERROR -> NORMAL
[2026-09-21 22:27:04] [INFO] Temperature: 11.9C | Status: NORMAL | Fan: OFF | Alarm: OFF
[2026-09-21 22:27:05] [WARNING] Fan turned ON - Temperature WARNING
[2026-09-21 22:27:05] [INFO] Status changed: NORMAL -> WARNING
[2026-09-21 22:27:05] [INFO] Temperature: 36.5C | Status: WARNING | Fan: ON | Alarm: OFF
[2026-09-21 22:27:06] [CRITICAL] Alarm turned ON - Temperature CRITICAL!
[2026-09-21 22:27:06] [INFO] Status changed: WARNING -> CRITICAL
[2026-09-21 22:27:06] [INFO] Temperature: 55.8C | Status: CRITICAL | Fan: ON | Alarm: ON
[2026-09-21 22:27:07] [INFO] Temperature: 46.9C | Status: CRITICAL | Fan: ON | Alarm: ON
[2026-09-21 22:27:08] [INFO] Fan turned OFF
[2026-09-21 22:27:08] [INFO] Alarm turned OFF
[2026-09-21 22:27:08] [INFO] Status changed: CRITICAL -> NORMAL
[2026-09-21 22:27:08] [INFO] Temperature: 6.1C | Status: NORMAL | Fan: OFF | Alarm: OFF
[2026-09-21 22:27:09] [INFO] Temperature: 0.3C | Status: NORMAL | Fan: OFF | Alarm: OFF
[2026-09-21 22:27:10] [WARNING] Fan turned ON - Temperature WARNING
[2026-09-21 22:27:10] [INFO] Status changed: NORMAL -> WARNING
[2026-09-21 22:27:10] [INFO] Temperature: 39.1C | Status: WARNING | Fan: ON | Alarm: OFF
[2026-09-21 22:27:11] [INFO] Fan turned OFF
[2026-09-21 22:27:11] [INFO] Status changed: WARNING -> NORMAL
[2026-09-21 22:27:11] [INFO] Temperature: 25.1C | Status: NORMAL | Fan: OFF | Alarm: OFF
[2026-09-21 22:27:12] [INFO] Temperature: 24.6C | Status: NORMAL | Fan: OFF | Alarm: OFF
[2026-09-21 22:27:13] [WARNING] Sensor transient fault detected (Count: 1/3) - Raw value: 120.0C - Holding last valid state
[2026-09-21 22:27:14] [WARNING] Sensor transient fault detected (Count: 2/3) - Raw value: 120.0C - Holding last valid state
[2026-09-21 22:27:15] [INFO] Sensor recovered after 0 fault cycle(s) - Resuming normal operation
[2026-09-21 22:27:15] [WARNING] Fan turned ON - Temperature WARNING
[2026-09-21 22:27:15] [INFO] Status changed: SENSOR_ERROR -> WARNING
[2026-09-21 22:27:15] [INFO] Temperature: 37.7C | Status: WARNING | Fan: ON | Alarm: OFF
[2026-09-21 22:27:16] [INFO] Fan turned OFF
[2026-09-21 22:27:16] [INFO] Status changed: WARNING -> NORMAL
[2026-09-21 22:27:16] [INFO] Temperature: 21.6C | Status: NORMAL | Fan: OFF | Alarm: OFF
[2026-09-21 22:27:17] [INFO] Temperature: 4.0C | Status: NORMAL | Fan: OFF | Alarm: OFF
[2026-09-21 22:27:18] [INFO] Temperature: 6.1C | Status: NORMAL | Fan: OFF | Alarm: OFF
[2026-09-21 22:27:19] [INFO] Temperature: 29.1C | Status: NORMAL | Fan: OFF | Alarm: OFF
[2026-09-21 22:27:20] [WARNING] Fan turned ON - Temperature WARNING
[2026-09-21 22:27:20] [INFO] Status changed: NORMAL -> WARNING
[2026-09-21 22:27:20] [INFO] Temperature: 37.0C | Status: WARNING | Fan: ON | Alarm: OFF
[2026-09-21 22:27:21] [INFO] Fan turned OFF
[2026-09-21 22:27:21] [INFO] Status changed: WARNING -> NORMAL
[2026-09-21 22:27:21] [INFO] Temperature: 26.7C | Status: NORMAL | Fan: OFF | Alarm: OFF
[2026-09-21 22:27:22] [INFO] Temperature: 14.6C | Status: NORMAL | Fan: OFF | Alarm: OFF
[2026-09-21 22:27:23] [INFO] Temperature: 17.6C | Status: NORMAL | Fan: OFF | Alarm: OFF
[2026-09-21 22:27:24] [WARNING] Fan turned ON - Temperature WARNING
[2026-09-21 22:27:24] [INFO] Status changed: NORMAL -> WARNING
[2026-09-21 22:27:24] [INFO] Temperature: 32.2C | Status: WARNING | Fan: ON | Alarm: OFF
[2026-09-21 22:27:25] [INFO] Fan turned OFF
[2026-09-21 22:27:25] [INFO] Status changed: WARNING -> NORMAL
[2026-09-21 22:27:25] [INFO] Temperature: 23.9C | Status: NORMAL | Fan: OFF | Alarm: OFF
[2026-09-21 22:27:26] [INFO] Temperature: 28.6C | Status: NORMAL | Fan: OFF | Alarm: OFF
[2026-09-21 22:27:27] [INFO] Temperature: 4.6C | Status: NORMAL | Fan: OFF | Alarm: OFF
[2026-09-21 22:27:28] [WARNING] Fan turned ON - Temperature WARNING
[2026-09-21 22:27:28] [INFO] Status changed: NORMAL -> WARNING
[2026-09-21 22:27:28] [INFO] Temperature: 30.3C | Status: WARNING | Fan: ON | Alarm: OFF
[2026-09-21 22:27:29] [INFO] Fan turned OFF
[2026-09-21 22:27:29] [INFO] Status changed: WARNING -> NORMAL
[2026-09-21 22:27:29] [INFO] Temperature: 23.5C | Status: NORMAL | Fan: OFF | Alarm: OFF
[2026-09-21 22:27:30] [CRITICAL] Fan turned ON - Temperature CRITICAL
[2026-09-21 22:27:30] [CRITICAL] Alarm turned ON - Temperature CRITICAL!
[2026-09-21 22:27:30] [INFO] Status changed: NORMAL -> CRITICAL
[2026-09-21 22:27:30] [INFO] Temperature: 45.6C | Status: CRITICAL | Fan: ON | Alarm: ON
[2026-09-21 22:27:31] [INFO] Fan turned OFF
[2026-09-21 22:27:31] [INFO] Alarm turned OFF
[2026-09-21 22:27:31] [INFO] Status changed: CRITICAL -> NORMAL
[2026-09-21 22:27:31] [INFO] Temperature: 28.0C | Status: NORMAL | Fan: OFF | Alarm: OFF
[2026-09-21 22:27:32] [WARNING] Fan turned ON - Temperature WARNING
[2026-09-21 22:27:32] [INFO] Status changed: NORMAL -> WARNING
[2026-09-21 22:27:32] [INFO] Temperature: 37.6C | Status: WARNING | Fan: ON | Alarm: OFF
[2026-09-21 22:27:33] [INFO] Fan turned OFF
[2026-09-21 22:27:33] [INFO] Status changed: WARNING -> NORMAL
[2026-09-21 22:27:33] [INFO] Temperature: 25.7C | Status: NORMAL | Fan: OFF | Alarm: OFF
[2026-09-21 22:27:34] [WARNING] Fan turned ON - Temperature WARNING
[2026-09-21 22:27:34] [INFO] Status changed: NORMAL -> WARNING
[2026-09-21 22:27:34] [INFO] Temperature: 36.5C | Status: WARNING | Fan: ON | Alarm: OFF
[2026-09-21 22:27:35] [CRITICAL] Alarm turned ON - Temperature CRITICAL!
[2026-09-21 22:27:35] [INFO] Status changed: WARNING -> CRITICAL
[2026-09-21 22:27:35] [INFO] Temperature: 55.2C | Status: CRITICAL | Fan: ON | Alarm: ON
[2026-09-21 22:27:36] [INFO] Fan turned OFF
[2026-09-21 22:27:36] [INFO] Alarm turned OFF
[2026-09-21 22:27:36] [INFO] Status changed: CRITICAL -> NORMAL
[2026-09-21 22:27:36] [INFO] Temperature: 15.2C | Status: NORMAL | Fan: OFF | Alarm: OFF
[2026-09-21 22:27:37] [CRITICAL] Fan turned ON - Temperature CRITICAL
[2026-09-21 22:27:37] [CRITICAL] Alarm turned ON - Temperature CRITICAL!
[2026-09-21 22:27:37] [INFO] Status changed: NORMAL -> CRITICAL
[2026-09-21 22:27:37] [INFO] Temperature: 58.2C | Status: CRITICAL | Fan: ON | Alarm: ON
[2026-09-21 22:27:38] [INFO] Alarm turned OFF
[2026-09-21 22:27:38] [INFO] Status changed: CRITICAL -> WARNING
[2026-09-21 22:27:38] [INFO] Temperature: 36.0C | Status: WARNING | Fan: ON | Alarm: OFF
[2026-09-21 22:27:40] [CRITICAL] Alarm turned ON - Temperature CRITICAL!
[2026-09-21 22:27:40] [INFO] Status changed: WARNING -> CRITICAL
[2026-09-21 22:27:40] [INFO] Temperature: 46.1C | Status: CRITICAL | Fan: ON | Alarm: ON
[2026-09-21 22:27:41] [INFO] Alarm turned OFF
[2026-09-21 22:27:41] [INFO] Status changed: CRITICAL -> WARNING
[2026-09-21 22:27:41] [INFO] Temperature: 34.1C | Status: WARNING | Fan: ON | Alarm: OFF
[2026-09-21 22:27:42] [INFO] Fan turned OFF
[2026-09-21 22:27:42] [INFO] Status changed: WARNING -> NORMAL
[2026-09-21 22:27:42] [INFO] Temperature: 14.5C | Status: NORMAL | Fan: OFF | Alarm: OFF
[2026-09-21 22:27:43] [WARNING] Fan turned ON - Temperature WARNING
[2026-09-21 22:27:43] [INFO] Status changed: NORMAL -> WARNING
[2026-09-21 22:27:43] [INFO] Temperature: 35.8C | Status: WARNING | Fan: ON | Alarm: OFF
[2026-09-21 22:27:44] [CRITICAL] Alarm turned ON - Temperature CRITICAL!
[2026-09-21 22:27:44] [INFO] Status changed: WARNING -> CRITICAL
[2026-09-21 22:27:44] [INFO] Temperature: 58.2C | Status: CRITICAL | Fan: ON | Alarm: ON
[2026-09-21 22:27:45] [INFO] Temperature: 40.4C | Status: CRITICAL | Fan: ON | Alarm: ON
[2026-09-21 22:27:46] [INFO] Fan turned OFF
[2026-09-21 22:27:46] [INFO] Alarm turned OFF
[2026-09-21 22:27:46] [INFO] Status changed: CRITICAL -> NORMAL
[2026-09-21 22:27:46] [INFO] Temperature: 27.6C | Status: NORMAL | Fan: OFF | Alarm: OFF
[2026-09-21 22:27:47] [CRITICAL] Fan turned ON - Temperature CRITICAL
[2026-09-21 22:27:47] [CRITICAL] Alarm turned ON - Temperature CRITICAL!
[2026-09-21 22:27:47] [INFO] Status changed: NORMAL -> CRITICAL
[2026-09-21 22:27:47] [INFO] Temperature: 51.6C | Status: CRITICAL | Fan: ON | Alarm: ON
[2026-09-21 22:27:48] [INFO] Fan turned OFF
[2026-09-21 22:27:48] [INFO] Alarm turned OFF
[2026-09-21 22:27:48] [INFO] Status changed: CRITICAL -> NORMAL
[2026-09-21 22:27:48] [INFO] Temperature: 26.2C | Status: NORMAL | Fan: OFF | Alarm: OFF
[2026-09-21 22:27:49] [CRITICAL] Fan turned ON - Temperature CRITICAL
[2026-09-21 22:27:49] [CRITICAL] Alarm turned ON - Temperature CRITICAL!
[2026-09-21 22:27:49] [INFO] Status changed: NORMAL -> CRITICAL
[2026-09-21 22:27:49] [INFO] Temperature: 51.7C | Status: CRITICAL | Fan: ON | Alarm: ON
[2026-09-21 22:27:50] [INFO] Temperature: 53.7C | Status: CRITICAL | Fan: ON | Alarm: ON
[2026-09-21 22:27:51] [INFO] Temperature: 53.4C | Status: CRITICAL | Fan: ON | Alarm: ON
[2026-09-21 22:27:52] [INFO] Temperature: 41.0C | Status: CRITICAL | Fan: ON | Alarm: ON
[2026-09-21 22:27:53] [INFO] Fan turned OFF
[2026-09-21 22:27:53] [INFO] Alarm turned OFF
[2026-09-21 22:27:53] [INFO] Status changed: CRITICAL -> NORMAL
[2026-09-21 22:27:53] [INFO] Temperature: 19.9C | Status: NORMAL | Fan: OFF | Alarm: OFF
[2026-09-21 22:27:54] [WARNING] Fan turned ON - Temperature WARNING
[2026-09-21 22:27:54] [INFO] Status changed: NORMAL -> WARNING
[2026-09-21 22:27:54] [INFO] Temperature: 35.0C | Status: WARNING | Fan: ON | Alarm: OFF
[2026-09-21 22:27:55] [CRITICAL] Alarm turned ON - Temperature CRITICAL!
[2026-09-21 22:27:55] [INFO] Status changed: WARNING -> CRITICAL
[2026-09-21 22:27:55] [INFO] Temperature: 50.7C | Status: CRITICAL | Fan: ON | Alarm: ON
[2026-09-21 22:27:56] [INFO] Temperature: 42.4C | Status: CRITICAL | Fan: ON | Alarm: ON
[2026-09-21 22:27:57] [WARNING] Sensor transient fault detected (Count: 1/3) - Raw value: -999.0C - Holding last valid state
[2026-09-21 22:27:58] [INFO] Sensor recovered after 0 fault cycle(s) - Resuming normal operation
[2026-09-21 22:27:58] [INFO] Status changed: SENSOR_ERROR -> CRITICAL
[2026-09-21 22:27:58] [INFO] Temperature: 44.8C | Status: CRITICAL | Fan: ON | Alarm: ON
[2026-09-21 22:27:59] [INFO] Alarm turned OFF
[2026-09-21 22:27:59] [INFO] Status changed: CRITICAL -> WARNING
[2026-09-21 22:27:59] [INFO] Temperature: 37.9C | Status: WARNING | Fan: ON | Alarm: OFF
[2026-09-21 22:28:00] [INFO] Fan turned OFF
[2026-09-21 22:28:00] [INFO] Status changed: WARNING -> NORMAL
[2026-09-21 22:28:00] [INFO] Temperature: 26.7C | Status: NORMAL | Fan: OFF | Alarm: OFF
[2026-09-21 22:28:01] [INFO] Temperature: 8.5C | Status: NORMAL | Fan: OFF | Alarm: OFF
[2026-09-21 22:28:02] [WARNING] Fan turned ON - Temperature WARNING
[2026-09-21 22:28:02] [INFO] Status changed: NORMAL -> WARNING
[2026-09-21 22:28:02] [INFO] Temperature: 40.0C | Status: WARNING | Fan: ON | Alarm: OFF
[2026-09-21 22:28:03] [CRITICAL] Alarm turned ON - Temperature CRITICAL!
[2026-09-21 22:28:03] [INFO] Status changed: WARNING -> CRITICAL
[2026-09-21 22:28:03] [INFO] Temperature: 40.5C | Status: CRITICAL | Fan: ON | Alarm: ON
[2026-09-21 22:28:04] [INFO] Fan turned OFF
[2026-09-21 22:28:04] [INFO] Alarm turned OFF
[2026-09-21 22:28:04] [INFO] Status changed: CRITICAL -> NORMAL
[2026-09-21 22:28:04] [INFO] Temperature: 15.7C | Status: NORMAL | Fan: OFF | Alarm: OFF
[2026-09-21 22:28:05] [WARNING] Fan turned ON - Temperature WARNING
[2026-09-21 22:28:05] [INFO] Status changed: NORMAL -> WARNING
[2026-09-21 22:28:05] [INFO] Temperature: 38.3C | Status: WARNING | Fan: ON | Alarm: OFF
[2026-09-21 22:28:06] [INFO] Fan turned OFF
[2026-09-21 22:28:06] [INFO] Status changed: WARNING -> NORMAL
[2026-09-21 22:28:06] [INFO] Temperature: 11.7C | Status: NORMAL | Fan: OFF | Alarm: OFF
[2026-09-21 22:28:07] [INFO] Temperature: 15.3C | Status: NORMAL | Fan: OFF | Alarm: OFF
[2026-09-21 22:28:08] [INFO] Temperature: 1.7C | Status: NORMAL | Fan: OFF | Alarm: OFF
[2026-09-21 22:28:09] [INFO] Temperature: 15.3C | Status: NORMAL | Fan: OFF | Alarm: OFF
[2026-09-21 22:28:10] [INFO] Temperature: 4.3C | Status: NORMAL | Fan: OFF | Alarm: OFF
[2026-09-21 22:28:11] [INFO] Temperature: 8.3C | Status: NORMAL | Fan: OFF | Alarm: OFF
[2026-09-21 22:28:12] [INFO] Temperature: 20.9C | Status: NORMAL | Fan: OFF | Alarm: OFF
[2026-09-21 22:28:14] [CRITICAL] Fan turned ON - Temperature CRITICAL
[2026-09-21 22:28:14] [CRITICAL] Alarm turned ON - Temperature CRITICAL!
[2026-09-21 22:28:14] [INFO] Status changed: NORMAL -> CRITICAL
[2026-09-21 22:28:14] [INFO] Temperature: 49.7C | Status: CRITICAL | Fan: ON | Alarm: ON
[2026-09-21 22:28:15] [INFO] Fan turned OFF
[2026-09-21 22:28:15] [INFO] Alarm turned OFF
[2026-09-21 22:28:15] [INFO] Status changed: CRITICAL -> NORMAL
[2026-09-21 22:28:15] [INFO] Temperature: 16.6C | Status: NORMAL | Fan: OFF | Alarm: OFF
[2026-09-21 22:28:16] [INFO] Temperature: 16.3C | Status: NORMAL | Fan: OFF | Alarm: OFF
[2026-09-21 22:28:17] [INFO] Temperature: 3.1C | Status: NORMAL | Fan: OFF | Alarm: OFF
[2026-09-21 22:28:18] [CRITICAL] Fan turned ON - Temperature CRITICAL
[2026-09-21 22:28:18] [CRITICAL] Alarm turned ON - Temperature CRITICAL!
[2026-09-21 22:28:18] [INFO] Status changed: NORMAL -> CRITICAL
[2026-09-21 22:28:18] [INFO] Temperature: 43.7C | Status: CRITICAL | Fan: ON | Alarm: ON
[2026-09-21 22:28:19] [INFO] Temperature: 47.5C | Status: CRITICAL | Fan: ON | Alarm: ON
[2026-09-21 22:28:20] [INFO] Fan turned OFF
[2026-09-21 22:28:20] [INFO] Alarm turned OFF
[2026-09-21 22:28:20] [INFO] Status changed: CRITICAL -> NORMAL
[2026-09-21 22:28:20] [INFO] Temperature: 17.7C | Status: NORMAL | Fan: OFF | Alarm: OFF
[2026-09-21 22:28:21] [CRITICAL] Fan turned ON - Temperature CRITICAL
[2026-09-21 22:28:21] [CRITICAL] Alarm turned ON - Temperature CRITICAL!
[2026-09-21 22:28:21] [INFO] Status changed: NORMAL -> CRITICAL
[2026-09-21 22:28:21] [INFO] Temperature: 47.0C | Status: CRITICAL | Fan: ON | Alarm: ON
[2026-09-21 22:28:22] [INFO] Temperature: 57.0C | Status: CRITICAL | Fan: ON | Alarm: ON
[2026-09-21 22:28:23] [INFO] Alarm turned OFF
[2026-09-21 22:28:23] [INFO] Status changed: CRITICAL -> WARNING
[2026-09-21 22:28:23] [INFO] Temperature: 38.6C | Status: WARNING | Fan: ON | Alarm: OFF
[2026-09-21 22:28:24] [INFO] Temperature: 37.2C | Status: WARNING | Fan: ON | Alarm: OFF
[2026-09-21 22:28:25] [WARNING] Sensor transient fault detected (Count: 1/3) - Raw value: 120.0C - Holding last valid state
[2026-09-21 22:28:26] [INFO] Sensor recovered after 0 fault cycle(s) - Resuming normal operation
[2026-09-21 22:28:26] [CRITICAL] Alarm turned ON - Temperature CRITICAL!
[2026-09-21 22:28:26] [INFO] Status changed: SENSOR_ERROR -> CRITICAL
[2026-09-21 22:28:26] [INFO] Temperature: 56.3C | Status: CRITICAL | Fan: ON | Alarm: ON
[2026-09-21 22:28:27] [INFO] Fan turned OFF
[2026-09-21 22:28:27] [INFO] Alarm turned OFF
[2026-09-21 22:28:27] [INFO] Status changed: CRITICAL -> NORMAL
[2026-09-21 22:28:27] [INFO] Temperature: 22.6C | Status: NORMAL | Fan: OFF | Alarm: OFF
[2026-09-21 22:28:28] [CRITICAL] Fan turned ON - Temperature CRITICAL
[2026-09-21 22:28:28] [CRITICAL] Alarm turned ON - Temperature CRITICAL!
[2026-09-21 22:28:28] [INFO] Status changed: NORMAL -> CRITICAL
[2026-09-21 22:28:28] [INFO] Temperature: 41.3C | Status: CRITICAL | Fan: ON | Alarm: ON
[2026-09-21 22:28:29] [INFO] Fan turned OFF
[2026-09-21 22:28:29] [INFO] Alarm turned OFF
[2026-09-21 22:28:29] [INFO] Status changed: CRITICAL -> NORMAL
[2026-09-21 22:28:29] [INFO] Temperature: 25.0C | Status: NORMAL | Fan: OFF | Alarm: OFF
[2026-09-21 22:28:30] [WARNING] Fan turned ON - Temperature WARNING
[2026-09-21 22:28:30] [INFO] Status changed: NORMAL -> WARNING
[2026-09-21 22:28:30] [INFO] Temperature: 32.0C | Status: WARNING | Fan: ON | Alarm: OFF
[2026-09-21 22:28:31] [CRITICAL] Alarm turned ON - Temperature CRITICAL!
[2026-09-21 22:28:31] [INFO] Status changed: WARNING -> CRITICAL
[2026-09-21 22:28:31] [INFO] Temperature: 45.2C | Status: CRITICAL | Fan: ON | Alarm: ON
[2026-09-21 22:28:32] [INFO] Fan turned OFF
[2026-09-21 22:28:32] [INFO] Alarm turned OFF
[2026-09-21 22:28:32] [INFO] Status changed: CRITICAL -> NORMAL
[2026-09-21 22:28:32] [INFO] Temperature: 20.4C | Status: NORMAL | Fan: OFF | Alarm: OFF
[2026-09-21 22:28:33] [WARNING] Fan turned ON - Temperature WARNING
[2026-09-21 22:28:33] [INFO] Status changed: NORMAL -> WARNING
[2026-09-21 22:28:33] [INFO] Temperature: 31.8C | Status: WARNING | Fan: ON | Alarm: OFF
[2026-09-21 22:28:34] [INFO] Fan turned OFF
[2026-09-21 22:28:34] [INFO] Status changed: WARNING -> NORMAL
[2026-09-21 22:28:34] [INFO] Temperature: 18.1C | Status: NORMAL | Fan: OFF | Alarm: OFF
[2026-09-21 22:28:35] [CRITICAL] Fan turned ON - Temperature CRITICAL
[2026-09-21 22:28:35] [CRITICAL] Alarm turned ON - Temperature CRITICAL!
[2026-09-21 22:28:35] [INFO] Status changed: NORMAL -> CRITICAL
[2026-09-21 22:28:35] [INFO] Temperature: 46.4C | Status: CRITICAL | Fan: ON | Alarm: ON
[2026-09-21 22:28:36] [INFO] Fan turned OFF
[2026-09-21 22:28:36] [INFO] Alarm turned OFF
[2026-09-21 22:28:36] [INFO] Status changed: CRITICAL -> NORMAL
[2026-09-21 22:28:36] [INFO] Temperature: 2.4C | Status: NORMAL | Fan: OFF | Alarm: OFF
[2026-09-21 22:28:37] [INFO] Temperature: 19.8C | Status: NORMAL | Fan: OFF | Alarm: OFF
[2026-09-21 22:28:38] [CRITICAL] Fan turned ON - Temperature CRITICAL
[2026-09-21 22:28:38] [CRITICAL] Alarm turned ON - Temperature CRITICAL!
[2026-09-21 22:28:38] [INFO] Status changed: NORMAL -> CRITICAL
[2026-09-21 22:28:38] [INFO] Temperature: 54.9C | Status: CRITICAL | Fan: ON | Alarm: ON
[2026-09-21 22:28:39] [WARNING] Sensor transient fault detected (Count: 1/3) - Raw value: -999.0C - Holding last valid state
[2026-09-21 22:28:40] [INFO] Sensor recovered after 0 fault cycle(s) - Resuming normal operation
[2026-09-21 22:28:40] [INFO] Fan turned OFF
[2026-09-21 22:28:40] [INFO] Alarm turned OFF
[2026-09-21 22:28:40] [INFO] Status changed: SENSOR_ERROR -> NORMAL
[2026-09-21 22:28:40] [INFO] Temperature: 13.6C | Status: NORMAL | Fan: OFF | Alarm: OFF
[2026-09-21 22:28:42] [CRITICAL] Fan turned ON - Temperature CRITICAL
[2026-09-21 22:28:42] [CRITICAL] Alarm turned ON - Temperature CRITICAL!
[2026-09-21 22:28:42] [INFO] Status changed: NORMAL -> CRITICAL
[2026-09-21 22:28:42] [INFO] Temperature: 40.3C | Status: CRITICAL | Fan: ON | Alarm: ON
[2026-09-21 22:28:43] [INFO] Fan turned OFF
[2026-09-21 22:28:43] [INFO] Alarm turned OFF
[2026-09-21 22:28:43] [INFO] Status changed: CRITICAL -> NORMAL
[2026-09-21 22:28:43] [INFO] Temperature: 3.5C | Status: NORMAL | Fan: OFF | Alarm: OFF
[2026-09-21 22:28:44] [INFO] Temperature: 15.4C | Status: NORMAL | Fan: OFF | Alarm: OFF
[2026-09-21 22:28:45] [CRITICAL] Fan turned ON - Temperature CRITICAL
[2026-09-21 22:28:45] [CRITICAL] Alarm turned ON - Temperature CRITICAL!
[2026-09-21 22:28:45] [INFO] Status changed: NORMAL -> CRITICAL
[2026-09-21 22:28:45] [INFO] Temperature: 43.0C | Status: CRITICAL | Fan: ON | Alarm: ON
[2026-09-21 22:28:46] [INFO] Fan turned OFF
[2026-09-21 22:28:46] [INFO] Alarm turned OFF
[2026-09-21 22:28:46] [INFO] Status changed: CRITICAL -> NORMAL
[2026-09-21 22:28:46] [INFO] Temperature: 12.7C | Status: NORMAL | Fan: OFF | Alarm: OFF
[2026-09-21 22:28:47] [CRITICAL] Fan turned ON - Temperature CRITICAL
[2026-09-21 22:28:47] [CRITICAL] Alarm turned ON - Temperature CRITICAL!
[2026-09-21 22:28:47] [INFO] Status changed: NORMAL -> CRITICAL
[2026-09-21 22:28:47] [INFO] Temperature: 45.4C | Status: CRITICAL | Fan: ON | Alarm: ON
[2026-09-21 22:28:48] [INFO] Fan turned OFF
[2026-09-21 22:28:48] [INFO] Alarm turned OFF
[2026-09-21 22:28:48] [INFO] Status changed: CRITICAL -> NORMAL
[2026-09-21 22:28:48] [INFO] Temperature: 22.2C | Status: NORMAL | Fan: OFF | Alarm: OFF
[2026-09-21 22:28:49] [INFO] Temperature: 9.0C | Status: NORMAL | Fan: OFF | Alarm: OFF
[2026-09-21 22:28:50] [INFO] Temperature: 11.1C | Status: NORMAL | Fan: OFF | Alarm: OFF
[2026-09-21 22:28:51] [INFO] Temperature: 27.1C | Status: NORMAL | Fan: OFF | Alarm: OFF
[2026-09-21 22:28:52] [WARNING] Fan turned ON - Temperature WARNING
[2026-09-21 22:28:52] [INFO] Status changed: NORMAL -> WARNING
[2026-09-21 22:28:52] [INFO] Temperature: 31.8C | Status: WARNING | Fan: ON | Alarm: OFF
[2026-09-21 22:28:53] [INFO] Temperature: 36.0C | Status: WARNING | Fan: ON | Alarm: OFF
[2026-09-21 22:28:54] [INFO] Fan turned OFF
[2026-09-21 22:28:54] [INFO] Status changed: WARNING -> NORMAL
[2026-09-21 22:28:54] [INFO] Temperature: 16.5C | Status: NORMAL | Fan: OFF | Alarm: OFF
[2026-09-21 22:28:55] [CRITICAL] Fan turned ON - Temperature CRITICAL
[2026-09-21 22:28:55] [CRITICAL] Alarm turned ON - Temperature CRITICAL!
[2026-09-21 22:28:55] [INFO] Status changed: NORMAL -> CRITICAL
[2026-09-21 22:28:55] [INFO] Temperature: 51.3C | Status: CRITICAL | Fan: ON | Alarm: ON
[2026-09-21 22:28:56] [INFO] Fan turned OFF
[2026-09-21 22:28:56] [INFO] Alarm turned OFF
[2026-09-21 22:28:56] [INFO] Status changed: CRITICAL -> NORMAL
[2026-09-21 22:28:56] [INFO] Temperature: 29.3C | Status: NORMAL | Fan: OFF | Alarm: OFF
[2026-09-21 22:28:57] [INFO] Temperature: 25.1C | Status: NORMAL | Fan: OFF | Alarm: OFF
[2026-09-21 22:28:58] [INFO] Temperature: 10.4C | Status: NORMAL | Fan: OFF | Alarm: OFF
[2026-09-21 22:28:59] [CRITICAL] Fan turned ON - Temperature CRITICAL
[2026-09-21 22:28:59] [CRITICAL] Alarm turned ON - Temperature CRITICAL!
[2026-09-21 22:28:59] [INFO] Status changed: NORMAL -> CRITICAL
[2026-09-21 22:28:59] [INFO] Temperature: 45.3C | Status: CRITICAL | Fan: ON | Alarm: ON
[2026-09-21 22:29:00] [INFO] Temperature: 54.0C | Status: CRITICAL | Fan: ON | Alarm: ON
[2026-09-21 22:29:01] [INFO] Fan turned OFF
[2026-09-21 22:29:01] [INFO] Alarm turned OFF
[2026-09-21 22:29:01] [INFO] Status changed: CRITICAL -> NORMAL
[2026-09-21 22:29:01] [INFO] Temperature: 2.8C | Status: NORMAL | Fan: OFF | Alarm: OFF
[2026-09-21 22:29:02] [WARNING] Fan turned ON - Temperature WARNING
[2026-09-21 22:29:02] [INFO] Status changed: NORMAL -> WARNING
[2026-09-21 22:29:02] [INFO] Temperature: 30.9C | Status: WARNING | Fan: ON | Alarm: OFF
[2026-09-21 22:29:03] [INFO] Fan turned OFF
[2026-09-21 22:29:03] [INFO] Status changed: WARNING -> NORMAL
[2026-09-21 22:29:03] [INFO] Temperature: 24.3C | Status: NORMAL | Fan: OFF | Alarm: OFF
[2026-09-21 22:29:04] [WARNING] Fan turned ON - Temperature WARNING
[2026-09-21 22:29:04] [INFO] Status changed: NORMAL -> WARNING
[2026-09-21 22:29:04] [INFO] Temperature: 38.8C | Status: WARNING | Fan: ON | Alarm: OFF
[2026-09-21 22:29:05] [INFO] Temperature: 35.1C | Status: WARNING | Fan: ON | Alarm: OFF
[2026-09-21 22:29:06] [CRITICAL] Alarm turned ON - Temperature CRITICAL!
[2026-09-21 22:29:06] [INFO] Status changed: WARNING -> CRITICAL
[2026-09-21 22:29:06] [INFO] Temperature: 50.9C | Status: CRITICAL | Fan: ON | Alarm: ON
[2026-09-21 22:29:07] [INFO] Alarm turned OFF
[2026-09-21 22:29:07] [INFO] Status changed: CRITICAL -> WARNING
[2026-09-21 22:29:07] [INFO] Temperature: 34.2C | Status: WARNING | Fan: ON | Alarm: OFF
[2026-09-21 22:29:08] [WARNING] Sensor transient fault detected (Count: 1/3) - Raw value: 120.0C - Holding last valid state
[2026-09-21 22:29:09] [INFO] Sensor recovered after 0 fault cycle(s) - Resuming normal operation
[2026-09-21 22:29:09] [CRITICAL] Alarm turned ON - Temperature CRITICAL!
[2026-09-21 22:29:09] [INFO] Status changed: SENSOR_ERROR -> CRITICAL
[2026-09-21 22:29:09] [INFO] Temperature: 44.5C | Status: CRITICAL | Fan: ON | Alarm: ON
[2026-09-21 22:29:10] [INFO] Fan turned OFF
[2026-09-21 22:29:10] [INFO] Alarm turned OFF
[2026-09-21 22:29:10] [INFO] Status changed: CRITICAL -> NORMAL
[2026-09-21 22:29:10] [INFO] Temperature: 8.4C | Status: NORMAL | Fan: OFF | Alarm: OFF
[2026-09-21 22:29:11] [WARNING] Fan turned ON - Temperature WARNING
[2026-09-21 22:29:11] [INFO] Status changed: NORMAL -> WARNING
[2026-09-21 22:29:11] [INFO] Temperature: 32.5C | Status: WARNING | Fan: ON | Alarm: OFF
[2026-09-21 22:29:13] [INFO] Fan turned OFF
[2026-09-21 22:29:13] [INFO] Status changed: WARNING -> NORMAL
[2026-09-21 22:29:13] [INFO] Temperature: 10.9C | Status: NORMAL | Fan: OFF | Alarm: OFF
[2026-09-21 22:29:14] [INFO] Temperature: 22.8C | Status: NORMAL | Fan: OFF | Alarm: OFF
[2026-09-21 22:29:15] [CRITICAL] Fan turned ON - Temperature CRITICAL
[2026-09-21 22:29:15] [CRITICAL] Alarm turned ON - Temperature CRITICAL!
[2026-09-21 22:29:15] [INFO] Status changed: NORMAL -> CRITICAL
[2026-09-21 22:29:15] [INFO] Temperature: 50.9C | Status: CRITICAL | Fan: ON | Alarm: ON
[2026-09-21 22:29:16] [INFO] Alarm turned OFF
[2026-09-21 22:29:16] [INFO] Status changed: CRITICAL -> WARNING
[2026-09-21 22:29:16] [INFO] Temperature: 38.5C | Status: WARNING | Fan: ON | Alarm: OFF
[2026-09-21 22:29:17] [INFO] Fan turned OFF
[2026-09-21 22:29:17] [INFO] Status changed: WARNING -> NORMAL
[2026-09-21 22:29:17] [INFO] Temperature: 23.8C | Status: NORMAL | Fan: OFF | Alarm: OFF
[2026-09-21 22:29:18] [INFO] Temperature: 6.8C | Status: NORMAL | Fan: OFF | Alarm: OFF
[2026-09-21 22:29:19] [INFO] Temperature: 12.7C | Status: NORMAL | Fan: OFF | Alarm: OFF
[2026-09-21 22:29:20] [CRITICAL] Fan turned ON - Temperature CRITICAL
[2026-09-21 22:29:20] [CRITICAL] Alarm turned ON - Temperature CRITICAL!
[2026-09-21 22:29:20] [INFO] Status changed: NORMAL -> CRITICAL
[2026-09-21 22:29:20] [INFO] Temperature: 45.6C | Status: CRITICAL | Fan: ON | Alarm: ON
[2026-09-21 22:29:21] [INFO] Temperature: 54.5C | Status: CRITICAL | Fan: ON | Alarm: ON
[2026-09-21 22:29:22] [INFO] Fan turned OFF
[2026-09-21 22:29:22] [INFO] Alarm turned OFF
[2026-09-21 22:29:22] [INFO] Status changed: CRITICAL -> NORMAL
[2026-09-21 22:29:22] [INFO] Temperature: 23.2C | Status: NORMAL | Fan: OFF | Alarm: OFF
[2026-09-21 22:29:23] [WARNING] Fan turned ON - Temperature WARNING
[2026-09-21 22:29:23] [INFO] Status changed: NORMAL -> WARNING
[2026-09-21 22:29:23] [INFO] Temperature: 35.8C | Status: WARNING | Fan: ON | Alarm: OFF
[2026-09-21 22:29:24] [INFO] Fan turned OFF
[2026-09-21 22:29:24] [INFO] Status changed: WARNING -> NORMAL
[2026-09-21 22:29:24] [INFO] Temperature: 0.5C | Status: NORMAL | Fan: OFF | Alarm: OFF
[2026-09-21 22:29:25] [INFO] Temperature: 8.7C | Status: NORMAL | Fan: OFF | Alarm: OFF
[2026-09-21 22:29:26] [INFO] Temperature: 4.4C | Status: NORMAL | Fan: OFF | Alarm: OFF
[2026-09-21 22:29:27] [CRITICAL] Fan turned ON - Temperature CRITICAL
[2026-09-21 22:29:27] [CRITICAL] Alarm turned ON - Temperature CRITICAL!
[2026-09-21 22:29:27] [INFO] Status changed: NORMAL -> CRITICAL
[2026-09-21 22:29:27] [INFO] Temperature: 59.9C | Status: CRITICAL | Fan: ON | Alarm: ON
[2026-09-21 22:29:28] [INFO] Fan turned OFF
[2026-09-21 22:29:28] [INFO] Alarm turned OFF
[2026-09-21 22:29:28] [INFO] Status changed: CRITICAL -> NORMAL
[2026-09-21 22:29:28] [INFO] Temperature: 12.5C | Status: NORMAL | Fan: OFF | Alarm: OFF
[2026-09-21 22:29:29] [INFO] Temperature: 9.4C | Status: NORMAL | Fan: OFF | Alarm: OFF
[2026-09-21 22:29:30] [INFO] Temperature: 26.3C | Status: NORMAL | Fan: OFF | Alarm: OFF
[2026-09-21 22:29:31] [INFO] Temperature: 10.2C | Status: NORMAL | Fan: OFF | Alarm: OFF
[2026-09-21 22:29:32] [INFO] Temperature: 24.7C | Status: NORMAL | Fan: OFF | Alarm: OFF
[2026-09-21 22:29:33] [CRITICAL] Fan turned ON - Temperature CRITICAL
[2026-09-21 22:29:33] [CRITICAL] Alarm turned ON - Temperature CRITICAL!
[2026-09-21 22:29:33] [INFO] Status changed: NORMAL -> CRITICAL
[2026-09-21 22:29:33] [INFO] Temperature: 55.3C | Status: CRITICAL | Fan: ON | Alarm: ON
[2026-09-21 22:29:34] [INFO] Fan turned OFF
[2026-09-21 22:29:34] [INFO] Alarm turned OFF
[2026-09-21 22:29:34] [INFO] Status changed: CRITICAL -> NORMAL
[2026-09-21 22:29:34] [INFO] Temperature: 22.4C | Status: NORMAL | Fan: OFF | Alarm: OFF
[2026-09-21 22:29:35] [CRITICAL] Fan turned ON - Temperature CRITICAL
[2026-09-21 22:29:35] [CRITICAL] Alarm turned ON - Temperature CRITICAL!
[2026-09-21 22:29:35] [INFO] Status changed: NORMAL -> CRITICAL
[2026-09-21 22:29:35] [INFO] Temperature: 45.9C | Status: CRITICAL | Fan: ON | Alarm: ON
[2026-09-21 22:29:36] [INFO] Fan turned OFF
[2026-09-21 22:29:36] [INFO] Alarm turned OFF
[2026-09-21 22:29:36] [INFO] Status changed: CRITICAL -> NORMAL
[2026-09-21 22:29:36] [INFO] Temperature: 23.8C | Status: NORMAL | Fan: OFF | Alarm: OFF
[2026-09-21 22:29:37] [INFO] Temperature: 1.8C | Status: NORMAL | Fan: OFF | Alarm: OFF
[2026-09-21 22:29:38] [INFO] Temperature: 19.6C | Status: NORMAL | Fan: OFF | Alarm: OFF
[2026-09-21 22:29:39] [CRITICAL] Fan turned ON - Temperature CRITICAL
[2026-09-21 22:29:39] [CRITICAL] Alarm turned ON - Temperature CRITICAL!
[2026-09-21 22:29:39] [INFO] Status changed: NORMAL -> CRITICAL
[2026-09-21 22:29:39] [INFO] Temperature: 58.8C | Status: CRITICAL | Fan: ON | Alarm: ON
[2026-09-21 22:29:40] [INFO] Fan turned OFF
[2026-09-21 22:29:40] [INFO] Alarm turned OFF
[2026-09-21 22:29:40] [INFO] Status changed: CRITICAL -> NORMAL
[2026-09-21 22:29:40] [INFO] Temperature: 2.2C | Status: NORMAL | Fan: OFF | Alarm: OFF
[2026-09-21 22:29:41] [CRITICAL] Fan turned ON - Temperature CRITICAL
[2026-09-21 22:29:41] [CRITICAL] Alarm turned ON - Temperature CRITICAL!
[2026-09-21 22:29:41] [INFO] Status changed: NORMAL -> CRITICAL
[2026-09-21 22:29:41] [INFO] Temperature: 58.2C | Status: CRITICAL | Fan: ON | Alarm: ON
[2026-09-21 22:29:42] [INFO] Temperature: 44.0C | Status: CRITICAL | Fan: ON | Alarm: ON
[2026-09-21 22:29:43] [INFO] Fan turned OFF
[2026-09-21 22:29:43] [INFO] Alarm turned OFF
[2026-09-21 22:29:43] [INFO] Status changed: CRITICAL -> NORMAL
[2026-09-21 22:29:43] [INFO] Temperature: 12.0C | Status: NORMAL | Fan: OFF | Alarm: OFF
[2026-09-21 22:29:44] [INFO] Temperature: 23.2C | Status: NORMAL | Fan: OFF | Alarm: OFF
[2026-09-21 22:29:45] [INFO] Temperature: 13.2C | Status: NORMAL | Fan: OFF | Alarm: OFF
[2026-09-21 22:29:46] [CRITICAL] Fan turned ON - Temperature CRITICAL
[2026-09-21 22:29:46] [CRITICAL] Alarm turned ON - Temperature CRITICAL!
[2026-09-21 22:29:46] [INFO] Status changed: NORMAL -> CRITICAL
[2026-09-21 22:29:46] [INFO] Temperature: 43.1C | Status: CRITICAL | Fan: ON | Alarm: ON
[2026-09-21 22:29:48] [WARNING] Sensor transient fault detected (Count: 1/3) - Raw value: 120.0C - Holding last valid state
[2026-09-21 22:29:49] [INFO] Sensor recovered after 0 fault cycle(s) - Resuming normal operation
[2026-09-21 22:29:49] [INFO] Fan turned OFF
[2026-09-21 22:29:49] [INFO] Alarm turned OFF
[2026-09-21 22:29:49] [INFO] Status changed: SENSOR_ERROR -> NORMAL
[2026-09-21 22:29:49] [INFO] Temperature: 3.8C | Status: NORMAL | Fan: OFF | Alarm: OFF
[2026-09-21 22:29:50] [CRITICAL] Fan turned ON - Temperature CRITICAL
[2026-09-21 22:29:50] [CRITICAL] Alarm turned ON - Temperature CRITICAL!
[2026-09-21 22:29:50] [INFO] Status changed: NORMAL -> CRITICAL
[2026-09-21 22:29:50] [INFO] Temperature: 50.9C | Status: CRITICAL | Fan: ON | Alarm: ON
[2026-09-21 22:29:51] [INFO] Temperature: 40.2C | Status: CRITICAL | Fan: ON | Alarm: ON
[2026-09-21 22:29:52] [INFO] Temperature: 48.8C | Status: CRITICAL | Fan: ON | Alarm: ON
[2026-09-21 22:29:53] [INFO] Temperature: 52.4C | Status: CRITICAL | Fan: ON | Alarm: ON
[2026-09-21 22:29:54] [INFO] Alarm turned OFF
[2026-09-21 22:29:54] [INFO] Status changed: CRITICAL -> WARNING
[2026-09-21 22:29:54] [INFO] Temperature: 33.1C | Status: WARNING | Fan: ON | Alarm: OFF
[2026-09-21 22:29:55] [CRITICAL] Alarm turned ON - Temperature CRITICAL!
[2026-09-21 22:29:55] [INFO] Status changed: WARNING -> CRITICAL
[2026-09-21 22:29:55] [INFO] Temperature: 52.5C | Status: CRITICAL | Fan: ON | Alarm: ON
[2026-09-21 22:29:56] [INFO] Fan turned OFF
[2026-09-21 22:29:56] [INFO] Alarm turned OFF
[2026-09-21 22:29:56] [INFO] Status changed: CRITICAL -> NORMAL
[2026-09-21 22:29:56] [INFO] Temperature: 23.1C | Status: NORMAL | Fan: OFF | Alarm: OFF
[2026-09-21 22:29:57] [INFO] Temperature: 10.6C | Status: NORMAL | Fan: OFF | Alarm: OFF
[2026-09-21 22:29:58] [INFO] Temperature: 4.4C | Status: NORMAL | Fan: OFF | Alarm: OFF
[2026-09-21 22:29:59] [INFO] Temperature: 10.6C | Status: NORMAL | Fan: OFF | Alarm: OFF
[2026-09-21 22:30:00] [WARNING] Sensor transient fault detected (Count: 1/3) - Raw value: -999.0C - Holding last valid state
[2026-09-21 22:30:01] [INFO] Sensor recovered after 0 fault cycle(s) - Resuming normal operation
[2026-09-21 22:30:01] [INFO] Status changed: SENSOR_ERROR -> NORMAL
[2026-09-21 22:30:01] [INFO] Temperature: 9.9C | Status: NORMAL | Fan: OFF | Alarm: OFF
[2026-09-21 22:30:02] [WARNING] Fan turned ON - Temperature WARNING
[2026-09-21 22:30:02] [INFO] Status changed: NORMAL -> WARNING
[2026-09-21 22:30:02] [INFO] Temperature: 35.6C | Status: WARNING | Fan: ON | Alarm: OFF
[2026-09-21 22:30:03] [CRITICAL] Alarm turned ON - Temperature CRITICAL!
[2026-09-21 22:30:03] [INFO] Status changed: WARNING -> CRITICAL
[2026-09-21 22:30:03] [INFO] Temperature: 53.8C | Status: CRITICAL | Fan: ON | Alarm: ON
[2026-09-21 22:30:04] [INFO] Temperature: 55.9C | Status: CRITICAL | Fan: ON | Alarm: ON
[2026-09-21 22:30:05] [INFO] Fan turned OFF
[2026-09-21 22:30:05] [INFO] Alarm turned OFF
[2026-09-21 22:30:05] [INFO] Status changed: CRITICAL -> NORMAL
[2026-09-21 22:30:05] [INFO] Temperature: 14.1C | Status: NORMAL | Fan: OFF | Alarm: OFF
[2026-09-21 22:30:06] [WARNING] Fan turned ON - Temperature WARNING
[2026-09-21 22:30:06] [INFO] Status changed: NORMAL -> WARNING
[2026-09-21 22:30:06] [INFO] Temperature: 39.1C | Status: WARNING | Fan: ON | Alarm: OFF
[2026-09-21 22:30:07] [CRITICAL] Alarm turned ON - Temperature CRITICAL!
[2026-09-21 22:30:07] [INFO] Status changed: WARNING -> CRITICAL
[2026-09-21 22:30:07] [INFO] Temperature: 41.9C | Status: CRITICAL | Fan: ON | Alarm: ON
[2026-09-21 22:30:08] [INFO] Fan turned OFF
[2026-09-21 22:30:08] [INFO] Alarm turned OFF
[2026-09-21 22:30:08] [INFO] Status changed: CRITICAL -> NORMAL
[2026-09-21 22:30:08] [INFO] Temperature: 8.3C | Status: NORMAL | Fan: OFF | Alarm: OFF
[2026-09-21 22:30:09] [CRITICAL] Fan turned ON - Temperature CRITICAL
[2026-09-21 22:30:09] [CRITICAL] Alarm turned ON - Temperature CRITICAL!
[2026-09-21 22:30:09] [INFO] Status changed: NORMAL -> CRITICAL
[2026-09-21 22:30:09] [INFO] Temperature: 55.4C | Status: CRITICAL | Fan: ON | Alarm: ON
[2026-09-21 22:30:10] [INFO] Temperature: 56.3C | Status: CRITICAL | Fan: ON | Alarm: ON
[2026-09-21 22:30:12] [INFO] Fan turned OFF
[2026-09-21 22:30:12] [INFO] Alarm turned OFF
[2026-09-21 22:30:12] [INFO] Status changed: CRITICAL -> NORMAL
[2026-09-21 22:30:12] [INFO] Temperature: 11.2C | Status: NORMAL | Fan: OFF | Alarm: OFF
[2026-09-21 22:30:13] [CRITICAL] Fan turned ON - Temperature CRITICAL
[2026-09-21 22:30:13] [CRITICAL] Alarm turned ON - Temperature CRITICAL!
[2026-09-21 22:30:13] [INFO] Status changed: NORMAL -> CRITICAL
[2026-09-21 22:30:13] [INFO] Temperature: 47.3C | Status: CRITICAL | Fan: ON | Alarm: ON
[2026-09-21 22:30:14] [INFO] Alarm turned OFF
[2026-09-21 22:30:14] [INFO] Status changed: CRITICAL -> WARNING
[2026-09-21 22:30:14] [INFO] Temperature: 31.2C | Status: WARNING | Fan: ON | Alarm: OFF
[2026-09-21 22:30:15] [CRITICAL] Alarm turned ON - Temperature CRITICAL!
[2026-09-21 22:30:15] [INFO] Status changed: WARNING -> CRITICAL
[2026-09-21 22:30:15] [INFO] Temperature: 40.1C | Status: CRITICAL | Fan: ON | Alarm: ON
[2026-09-21 22:30:16] [INFO] Temperature: 43.3C | Status: CRITICAL | Fan: ON | Alarm: ON
[2026-09-21 22:30:17] [INFO] Fan turned OFF
[2026-09-21 22:30:17] [INFO] Alarm turned OFF
[2026-09-21 22:30:17] [INFO] Status changed: CRITICAL -> NORMAL
[2026-09-21 22:30:17] [INFO] Temperature: 0.8C | Status: NORMAL | Fan: OFF | Alarm: OFF
[2026-09-21 22:30:18] [WARNING] Sensor transient fault detected (Count: 1/3) - Raw value: 120.0C - Holding last valid state
[2026-09-21 22:30:19] [INFO] Sensor recovered after 0 fault cycle(s) - Resuming normal operation
[2026-09-21 22:30:19] [WARNING] Fan turned ON - Temperature WARNING
[2026-09-21 22:30:19] [INFO] Status changed: SENSOR_ERROR -> WARNING
[2026-09-21 22:30:19] [INFO] Temperature: 32.0C | Status: WARNING | Fan: ON | Alarm: OFF
[2026-09-21 22:30:20] [INFO] Fan turned OFF
[2026-09-21 22:30:20] [INFO] Status changed: WARNING -> NORMAL
[2026-09-21 22:30:20] [INFO] Temperature: 10.2C | Status: NORMAL | Fan: OFF | Alarm: OFF
[2026-09-21 22:30:21] [CRITICAL] Fan turned ON - Temperature CRITICAL
[2026-09-21 22:30:21] [CRITICAL] Alarm turned ON - Temperature CRITICAL!
[2026-09-21 22:30:21] [INFO] Status changed: NORMAL -> CRITICAL
[2026-09-21 22:30:21] [INFO] Temperature: 58.3C | Status: CRITICAL | Fan: ON | Alarm: ON
[2026-09-21 22:30:22] [INFO] Fan turned OFF
[2026-09-21 22:30:22] [INFO] Alarm turned OFF
[2026-09-21 22:30:22] [INFO] Status changed: CRITICAL -> NORMAL
[2026-09-21 22:30:22] [INFO] Temperature: 29.4C | Status: NORMAL | Fan: OFF | Alarm: OFF
[2026-09-21 22:30:23] [WARNING] Fan turned ON - Temperature WARNING
[2026-09-21 22:30:23] [INFO] Status changed: NORMAL -> WARNING
[2026-09-21 22:30:23] [INFO] Temperature: 39.3C | Status: WARNING | Fan: ON | Alarm: OFF
[2026-09-21 22:30:24] [INFO] Fan turned OFF
[2026-09-21 22:30:24] [INFO] Status changed: WARNING -> NORMAL
[2026-09-21 22:30:24] [INFO] Temperature: 20.3C | Status: NORMAL | Fan: OFF | Alarm: OFF
[2026-09-21 22:30:25] [CRITICAL] Fan turned ON - Temperature CRITICAL
[2026-09-21 22:30:25] [CRITICAL] Alarm turned ON - Temperature CRITICAL!
[2026-09-21 22:30:25] [INFO] Status changed: NORMAL -> CRITICAL
[2026-09-21 22:30:25] [INFO] Temperature: 43.7C | Status: CRITICAL | Fan: ON | Alarm: ON
[2026-09-21 22:30:26] [INFO] Fan turned OFF
[2026-09-21 22:30:26] [INFO] Alarm turned OFF
[2026-09-21 22:30:26] [INFO] Status changed: CRITICAL -> NORMAL
[2026-09-21 22:30:26] [INFO] Temperature: 29.2C | Status: NORMAL | Fan: OFF | Alarm: OFF
[2026-09-21 22:30:27] [CRITICAL] Fan turned ON - Temperature CRITICAL
[2026-09-21 22:30:27] [CRITICAL] Alarm turned ON - Temperature CRITICAL!
[2026-09-21 22:30:27] [INFO] Status changed: NORMAL -> CRITICAL
[2026-09-21 22:30:27] [INFO] Temperature: 42.2C | Status: CRITICAL | Fan: ON | Alarm: ON
[2026-09-21 22:30:28] [INFO] Alarm turned OFF
[2026-09-21 22:30:28] [INFO] Status changed: CRITICAL -> WARNING
[2026-09-21 22:30:28] [INFO] Temperature: 37.2C | Status: WARNING | Fan: ON | Alarm: OFF
[2026-09-21 22:30:29] [CRITICAL] Alarm turned ON - Temperature CRITICAL!
[2026-09-21 22:30:29] [INFO] Status changed: WARNING -> CRITICAL
[2026-09-21 22:30:29] [INFO] Temperature: 52.5C | Status: CRITICAL | Fan: ON | Alarm: ON
[2026-09-21 22:30:30] [INFO] Temperature: 41.8C | Status: CRITICAL | Fan: ON | Alarm: ON
[2026-09-21 22:30:31] [INFO] Fan turned OFF
[2026-09-21 22:30:31] [INFO] Alarm turned OFF
[2026-09-21 22:30:31] [INFO] Status changed: CRITICAL -> NORMAL
[2026-09-21 22:30:31] [INFO] Temperature: 3.5C | Status: NORMAL | Fan: OFF | Alarm: OFF
[2026-09-21 22:30:32] [CRITICAL] Fan turned ON - Temperature CRITICAL
[2026-09-21 22:30:32] [CRITICAL] Alarm turned ON - Temperature CRITICAL!
[2026-09-21 22:30:32] [INFO] Status changed: NORMAL -> CRITICAL
[2026-09-21 22:30:32] [INFO] Temperature: 45.1C | Status: CRITICAL | Fan: ON | Alarm: ON
[2026-09-21 22:30:33] [INFO] Fan turned OFF
[2026-09-21 22:30:33] [INFO] Alarm turned OFF
[2026-09-21 22:30:33] [INFO] Status changed: CRITICAL -> NORMAL
[2026-09-21 22:30:33] [INFO] Temperature: 4.8C | Status: NORMAL | Fan: OFF | Alarm: OFF
[2026-09-21 22:30:34] [INFO] Temperature: 23.0C | Status: NORMAL | Fan: OFF | Alarm: OFF
[2026-09-21 22:30:35] [INFO] Temperature: 23.9C | Status: NORMAL | Fan: OFF | Alarm: OFF
[2026-09-21 22:30:36] [INFO] Temperature: 20.3C | Status: NORMAL | Fan: OFF | Alarm: OFF
[2026-09-21 22:30:37] [INFO] Temperature: 16.0C | Status: NORMAL | Fan: OFF | Alarm: OFF
[2026-09-21 22:30:38] [CRITICAL] Fan turned ON - Temperature CRITICAL
[2026-09-21 22:30:38] [CRITICAL] Alarm turned ON - Temperature CRITICAL!
[2026-09-21 22:30:38] [INFO] Status changed: NORMAL -> CRITICAL
[2026-09-21 22:30:38] [INFO] Temperature: 42.4C | Status: CRITICAL | Fan: ON | Alarm: ON
[2026-09-21 22:30:39] [WARNING] Sensor transient fault detected (Count: 1/3) - Raw value: -999.0C - Holding last valid state
[2026-09-21 22:30:40] [INFO] Sensor recovered after 0 fault cycle(s) - Resuming normal operation
[2026-09-21 22:30:40] [INFO] Alarm turned OFF
[2026-09-21 22:30:40] [INFO] Status changed: SENSOR_ERROR -> WARNING
[2026-09-21 22:30:40] [INFO] Temperature: 32.3C | Status: WARNING | Fan: ON | Alarm: OFF
[2026-09-21 22:30:41] [CRITICAL] Alarm turned ON - Temperature CRITICAL!
[2026-09-21 22:30:41] [INFO] Status changed: WARNING -> CRITICAL
[2026-09-21 22:30:41] [INFO] Temperature: 43.5C | Status: CRITICAL | Fan: ON | Alarm: ON
[2026-09-21 22:30:42] [INFO] Fan turned OFF
[2026-09-21 22:30:42] [INFO] Alarm turned OFF
[2026-09-21 22:30:42] [INFO] Status changed: CRITICAL -> NORMAL
[2026-09-21 22:30:42] [INFO] Temperature: 14.1C | Status: NORMAL | Fan: OFF | Alarm: OFF
[2026-09-21 22:30:43] [INFO] Temperature: 27.9C | Status: NORMAL | Fan: OFF | Alarm: OFF
[2026-09-21 22:30:44] [INFO] Temperature: 13.7C | Status: NORMAL | Fan: OFF | Alarm: OFF
[2026-09-21 22:30:45] [INFO] Temperature: 13.6C | Status: NORMAL | Fan: OFF | Alarm: OFF
[2026-09-21 22:30:47] [CRITICAL] Fan turned ON - Temperature CRITICAL
[2026-09-21 22:30:47] [CRITICAL] Alarm turned ON - Temperature CRITICAL!
[2026-09-21 22:30:47] [INFO] Status changed: NORMAL -> CRITICAL
[2026-09-21 22:30:47] [INFO] Temperature: 43.8C | Status: CRITICAL | Fan: ON | Alarm: ON
[2026-09-21 22:30:48] [INFO] Temperature: 55.1C | Status: CRITICAL | Fan: ON | Alarm: ON
[2026-09-21 22:30:49] [INFO] Fan turned OFF
[2026-09-21 22:30:49] [INFO] Alarm turned OFF
[2026-09-21 22:30:49] [INFO] Status changed: CRITICAL -> NORMAL
[2026-09-21 22:30:49] [INFO] Temperature: 17.3C | Status: NORMAL | Fan: OFF | Alarm: OFF
[2026-09-21 22:30:50] [CRITICAL] Fan turned ON - Temperature CRITICAL
[2026-09-21 22:30:50] [CRITICAL] Alarm turned ON - Temperature CRITICAL!
[2026-09-21 22:30:50] [INFO] Status changed: NORMAL -> CRITICAL
[2026-09-21 22:30:50] [INFO] Temperature: 42.8C | Status: CRITICAL | Fan: ON | Alarm: ON
[2026-09-21 22:30:51] [INFO] Fan turned OFF
[2026-09-21 22:30:51] [INFO] Alarm turned OFF
[2026-09-21 22:30:51] [INFO] Status changed: CRITICAL -> NORMAL
[2026-09-21 22:30:51] [INFO] Temperature: 8.7C | Status: NORMAL | Fan: OFF | Alarm: OFF
[2026-09-21 22:30:52] [INFO] Temperature: 18.2C | Status: NORMAL | Fan: OFF | Alarm: OFF
[2026-09-21 22:30:53] [WARNING] Fan turned ON - Temperature WARNING
[2026-09-21 22:30:53] [INFO] Status changed: NORMAL -> WARNING
[2026-09-21 22:30:53] [INFO] Temperature: 39.0C | Status: WARNING | Fan: ON | Alarm: OFF
[2026-09-21 22:30:54] [CRITICAL] Alarm turned ON - Temperature CRITICAL!
[2026-09-21 22:30:54] [INFO] Status changed: WARNING -> CRITICAL
[2026-09-21 22:30:54] [INFO] Temperature: 49.3C | Status: CRITICAL | Fan: ON | Alarm: ON
[2026-09-21 22:30:55] [INFO] Fan turned OFF
[2026-09-21 22:30:55] [INFO] Alarm turned OFF
[2026-09-21 22:30:55] [INFO] Status changed: CRITICAL -> NORMAL
[2026-09-21 22:30:55] [INFO] Temperature: 29.6C | Status: NORMAL | Fan: OFF | Alarm: OFF
[2026-09-21 22:30:56] [CRITICAL] Fan turned ON - Temperature CRITICAL
[2026-09-21 22:30:56] [CRITICAL] Alarm turned ON - Temperature CRITICAL!
[2026-09-21 22:30:56] [INFO] Status changed: NORMAL -> CRITICAL
[2026-09-21 22:30:56] [INFO] Temperature: 59.8C | Status: CRITICAL | Fan: ON | Alarm: ON
[2026-09-21 22:30:57] [INFO] Alarm turned OFF
[2026-09-21 22:30:57] [INFO] Status changed: CRITICAL -> WARNING
[2026-09-21 22:30:57] [INFO] Temperature: 36.5C | Status: WARNING | Fan: ON | Alarm: OFF
[2026-09-21 22:30:58] [CRITICAL] Alarm turned ON - Temperature CRITICAL!
[2026-09-21 22:30:58] [INFO] Status changed: WARNING -> CRITICAL
[2026-09-21 22:30:58] [INFO] Temperature: 56.7C | Status: CRITICAL | Fan: ON | Alarm: ON
[2026-09-21 22:30:59] [INFO] Fan turned OFF
[2026-09-21 22:30:59] [INFO] Alarm turned OFF
[2026-09-21 22:30:59] [INFO] Status changed: CRITICAL -> NORMAL
[2026-09-21 22:30:59] [INFO] Temperature: 2.7C | Status: NORMAL | Fan: OFF | Alarm: OFF
[2026-09-21 22:31:00] [INFO] Temperature: 18.3C | Status: NORMAL | Fan: OFF | Alarm: OFF
[2026-09-21 22:31:01] [INFO] Temperature: 1.4C | Status: NORMAL | Fan: OFF | Alarm: OFF
[2026-09-21 22:31:02] [CRITICAL] Fan turned ON - Temperature CRITICAL
[2026-09-21 22:31:02] [CRITICAL] Alarm turned ON - Temperature CRITICAL!
[2026-09-21 22:31:02] [INFO] Status changed: NORMAL -> CRITICAL
[2026-09-21 22:31:02] [INFO] Temperature: 40.6C | Status: CRITICAL | Fan: ON | Alarm: ON
[2026-09-21 22:31:03] [INFO] Temperature: 58.6C | Status: CRITICAL | Fan: ON | Alarm: ON
[2026-09-21 22:31:04] [INFO] Temperature: 41.2C | Status: CRITICAL | Fan: ON | Alarm: ON
[2026-09-21 22:31:05] [INFO] Fan turned OFF
[2026-09-21 22:31:05] [INFO] Alarm turned OFF
[2026-09-21 22:31:05] [INFO] Status changed: CRITICAL -> NORMAL
[2026-09-21 22:31:05] [INFO] Temperature: 18.9C | Status: NORMAL | Fan: OFF | Alarm: OFF
[2026-09-21 22:31:06] [CRITICAL] Fan turned ON - Temperature CRITICAL
[2026-09-21 22:31:06] [CRITICAL] Alarm turned ON - Temperature CRITICAL!
[2026-09-21 22:31:06] [INFO] Status changed: NORMAL -> CRITICAL
[2026-09-21 22:31:06] [INFO] Temperature: 58.7C | Status: CRITICAL | Fan: ON | Alarm: ON
[2026-09-21 22:31:07] [INFO] Temperature: 48.8C | Status: CRITICAL | Fan: ON | Alarm: ON
[2026-09-21 22:31:08] [INFO] Temperature: 54.0C | Status: CRITICAL | Fan: ON | Alarm: ON
[2026-09-21 22:31:09] [INFO] Temperature: 51.9C | Status: CRITICAL | Fan: ON | Alarm: ON
[2026-09-21 22:31:10] [INFO] Fan turned OFF
[2026-09-21 22:31:10] [INFO] Alarm turned OFF
[2026-09-21 22:31:10] [INFO] Status changed: CRITICAL -> NORMAL
[2026-09-21 22:31:10] [INFO] Temperature: 0.8C | Status: NORMAL | Fan: OFF | Alarm: OFF
[2026-09-21 22:31:11] [CRITICAL] Fan turned ON - Temperature CRITICAL
[2026-09-21 22:31:11] [CRITICAL] Alarm turned ON - Temperature CRITICAL!
[2026-09-21 22:31:11] [INFO] Status changed: NORMAL -> CRITICAL
[2026-09-21 22:31:11] [INFO] Temperature: 50.8C | Status: CRITICAL | Fan: ON | Alarm: ON
[2026-09-21 22:31:12] [INFO] Fan turned OFF
[2026-09-21 22:31:12] [INFO] Alarm turned OFF
[2026-09-21 22:31:12] [INFO] Status changed: CRITICAL -> NORMAL
[2026-09-21 22:31:12] [INFO] Temperature: 27.1C | Status: NORMAL | Fan: OFF | Alarm: OFF
[2026-09-21 22:31:13] [CRITICAL] Fan turned ON - Temperature CRITICAL
[2026-09-21 22:31:13] [CRITICAL] Alarm turned ON - Temperature CRITICAL!
[2026-09-21 22:31:13] [INFO] Status changed: NORMAL -> CRITICAL
[2026-09-21 22:31:13] [INFO] Temperature: 49.1C | Status: CRITICAL | Fan: ON | Alarm: ON
[2026-09-21 22:31:14] [INFO] Temperature: 41.4C | Status: CRITICAL | Fan: ON | Alarm: ON
[2026-09-21 22:31:15] [INFO] Temperature: 42.3C | Status: CRITICAL | Fan: ON | Alarm: ON
[2026-09-21 22:31:16] [INFO] Fan turned OFF
[2026-09-21 22:31:16] [INFO] Alarm turned OFF
[2026-09-21 22:31:16] [INFO] Status changed: CRITICAL -> NORMAL
[2026-09-21 22:31:16] [INFO] Temperature: 2.5C | Status: NORMAL | Fan: OFF | Alarm: OFF
[2026-09-21 22:31:17] [CRITICAL] Fan turned ON - Temperature CRITICAL
[2026-09-21 22:31:17] [CRITICAL] Alarm turned ON - Temperature CRITICAL!
[2026-09-21 22:31:17] [INFO] Status changed: NORMAL -> CRITICAL
[2026-09-21 22:31:17] [INFO] Temperature: 58.1C | Status: CRITICAL | Fan: ON | Alarm: ON
[2026-09-21 22:31:18] [INFO] Alarm turned OFF
[2026-09-21 22:31:18] [INFO] Status changed: CRITICAL -> WARNING
[2026-09-21 22:31:18] [INFO] Temperature: 33.5C | Status: WARNING | Fan: ON | Alarm: OFF
[2026-09-21 22:31:19] [INFO] Fan turned OFF
[2026-09-21 22:31:19] [INFO] Status changed: WARNING -> NORMAL
[2026-09-21 22:31:19] [INFO] Temperature: 13.8C | Status: NORMAL | Fan: OFF | Alarm: OFF
[2026-09-21 22:31:20] [INFO] Temperature: 8.6C | Status: NORMAL | Fan: OFF | Alarm: OFF
[2026-09-21 22:31:21] [CRITICAL] Fan turned ON - Temperature CRITICAL
[2026-09-21 22:31:21] [CRITICAL] Alarm turned ON - Temperature CRITICAL!
[2026-09-21 22:31:21] [INFO] Status changed: NORMAL -> CRITICAL
[2026-09-21 22:31:21] [INFO] Temperature: 59.4C | Status: CRITICAL | Fan: ON | Alarm: ON
[2026-09-21 22:31:22] [INFO] Temperature: 48.2C | Status: CRITICAL | Fan: ON | Alarm: ON
[2026-09-21 22:31:23] [INFO] Temperature: 48.3C | Status: CRITICAL | Fan: ON | Alarm: ON
[2026-09-21 22:31:24] [INFO] Fan turned OFF
[2026-09-21 22:31:24] [INFO] Alarm turned OFF
[2026-09-21 22:31:24] [INFO] Status changed: CRITICAL -> NORMAL
[2026-09-21 22:31:24] [INFO] Temperature: 14.0C | Status: NORMAL | Fan: OFF | Alarm: OFF
[2026-09-21 22:31:26] [CRITICAL] Fan turned ON - Temperature CRITICAL
[2026-09-21 22:31:26] [CRITICAL] Alarm turned ON - Temperature CRITICAL!
[2026-09-21 22:31:26] [INFO] Status changed: NORMAL -> CRITICAL
[2026-09-21 22:31:26] [INFO] Temperature: 40.6C | Status: CRITICAL | Fan: ON | Alarm: ON
[2026-09-21 22:31:27] [INFO] Temperature: 49.7C | Status: CRITICAL | Fan: ON | Alarm: ON
[2026-09-21 22:31:28] [INFO] Temperature: 43.6C | Status: CRITICAL | Fan: ON | Alarm: ON
[2026-09-21 22:31:29] [INFO] Temperature: 57.0C | Status: CRITICAL | Fan: ON | Alarm: ON
[2026-09-21 22:31:30] [INFO] Alarm turned OFF
[2026-09-21 22:31:30] [INFO] Status changed: CRITICAL -> WARNING
[2026-09-21 22:31:30] [INFO] Temperature: 38.6C | Status: WARNING | Fan: ON | Alarm: OFF
[2026-09-21 22:31:31] [INFO] Temperature: 32.0C | Status: WARNING | Fan: ON | Alarm: OFF
[2026-09-21 22:31:32] [CRITICAL] Alarm turned ON - Temperature CRITICAL!
[2026-09-21 22:31:32] [INFO] Status changed: WARNING -> CRITICAL
[2026-09-21 22:31:32] [INFO] Temperature: 42.6C | Status: CRITICAL | Fan: ON | Alarm: ON
[2026-09-21 22:31:33] [INFO] Fan turned OFF
[2026-09-21 22:31:33] [INFO] Alarm turned OFF
[2026-09-21 22:31:33] [INFO] Status changed: CRITICAL -> NORMAL
[2026-09-21 22:31:33] [INFO] Temperature: 3.8C | Status: NORMAL | Fan: OFF | Alarm: OFF
[2026-09-21 22:31:34] [INFO] Temperature: 23.8C | Status: NORMAL | Fan: OFF | Alarm: OFF
[2026-09-21 22:31:35] [WARNING] Fan turned ON - Temperature WARNING
[2026-09-21 22:31:35] [INFO] Status changed: NORMAL -> WARNING
[2026-09-21 22:31:35] [INFO] Temperature: 33.2C | Status: WARNING | Fan: ON | Alarm: OFF
[2026-09-21 22:31:36] [INFO] Fan turned OFF
[2026-09-21 22:31:36] [INFO] Status changed: WARNING -> NORMAL
[2026-09-21 22:31:36] [INFO] Temperature: 19.5C | Status: NORMAL | Fan: OFF | Alarm: OFF
[2026-09-21 22:31:37] [INFO] Temperature: 21.0C | Status: NORMAL | Fan: OFF | Alarm: OFF
[2026-09-21 22:31:38] [CRITICAL] Fan turned ON - Temperature CRITICAL
[2026-09-21 22:31:38] [CRITICAL] Alarm turned ON - Temperature CRITICAL!
[2026-09-21 22:31:38] [INFO] Status changed: NORMAL -> CRITICAL
[2026-09-21 22:31:38] [INFO] Temperature: 56.1C | Status: CRITICAL | Fan: ON | Alarm: ON
[2026-09-21 22:31:39] [WARNING] Sensor transient fault detected (Count: 1/3) - Raw value: 120.0C - Holding last valid state
[2026-09-21 22:31:40] [INFO] Sensor recovered after 0 fault cycle(s) - Resuming normal operation
[2026-09-21 22:31:40] [INFO] Status changed: SENSOR_ERROR -> CRITICAL
[2026-09-21 22:31:40] [INFO] Temperature: 42.4C | Status: CRITICAL | Fan: ON | Alarm: ON
[2026-09-21 22:31:41] [INFO] Alarm turned OFF
[2026-09-21 22:31:41] [INFO] Status changed: CRITICAL -> WARNING
[2026-09-21 22:31:41] [INFO] Temperature: 36.7C | Status: WARNING | Fan: ON | Alarm: OFF
[2026-09-21 22:31:42] [CRITICAL] Alarm turned ON - Temperature CRITICAL!
[2026-09-21 22:31:42] [INFO] Status changed: WARNING -> CRITICAL
[2026-09-21 22:31:42] [INFO] Temperature: 44.4C | Status: CRITICAL | Fan: ON | Alarm: ON
[2026-09-21 22:31:43] [INFO] Fan turned OFF
[2026-09-21 22:31:43] [INFO] Alarm turned OFF
[2026-09-21 22:31:43] [INFO] Status changed: CRITICAL -> NORMAL
[2026-09-21 22:31:43] [INFO] Temperature: 9.3C | Status: NORMAL | Fan: OFF | Alarm: OFF
[2026-09-21 22:31:44] [WARNING] Fan turned ON - Temperature WARNING
[2026-09-21 22:31:44] [INFO] Status changed: NORMAL -> WARNING
[2026-09-21 22:31:44] [INFO] Temperature: 34.2C | Status: WARNING | Fan: ON | Alarm: OFF
[2026-09-21 22:31:45] [INFO] Fan turned OFF
[2026-09-21 22:31:45] [INFO] Status changed: WARNING -> NORMAL
[2026-09-21 22:31:45] [INFO] Temperature: 8.5C | Status: NORMAL | Fan: OFF | Alarm: OFF
[2026-09-21 22:31:46] [INFO] Temperature: 8.3C | Status: NORMAL | Fan: OFF | Alarm: OFF
[2026-09-21 22:31:47] [INFO] Temperature: 4.8C | Status: NORMAL | Fan: OFF | Alarm: OFF
[2026-09-21 22:31:48] [INFO] Temperature: 0.7C | Status: NORMAL | Fan: OFF | Alarm: OFF
[2026-09-21 22:31:49] [CRITICAL] Fan turned ON - Temperature CRITICAL
[2026-09-21 22:31:49] [CRITICAL] Alarm turned ON - Temperature CRITICAL!
[2026-09-21 22:31:49] [INFO] Status changed: NORMAL -> CRITICAL
[2026-09-21 22:31:49] [INFO] Temperature: 51.5C | Status: CRITICAL | Fan: ON | Alarm: ON
[2026-09-21 22:31:50] [INFO] Temperature: 41.2C | Status: CRITICAL | Fan: ON | Alarm: ON
[2026-09-21 22:31:51] [INFO] Temperature: 58.8C | Status: CRITICAL | Fan: ON | Alarm: ON
[2026-09-21 22:31:52] [INFO] Fan turned OFF
[2026-09-21 22:31:52] [INFO] Alarm turned OFF
[2026-09-21 22:31:52] [INFO] Status changed: CRITICAL -> NORMAL
[2026-09-21 22:31:52] [INFO] Temperature: 18.1C | Status: NORMAL | Fan: OFF | Alarm: OFF
[2026-09-21 22:31:53] [CRITICAL] Fan turned ON - Temperature CRITICAL
[2026-09-21 22:31:53] [CRITICAL] Alarm turned ON - Temperature CRITICAL!
[2026-09-21 22:31:53] [INFO] Status changed: NORMAL -> CRITICAL
[2026-09-21 22:31:53] [INFO] Temperature: 56.5C | Status: CRITICAL | Fan: ON | Alarm: ON
[2026-09-21 22:31:54] [INFO] Fan turned OFF
[2026-09-21 22:31:54] [INFO] Alarm turned OFF
[2026-09-21 22:31:54] [INFO] Status changed: CRITICAL -> NORMAL
[2026-09-21 22:31:54] [INFO] Temperature: 3.0C | Status: NORMAL | Fan: OFF | Alarm: OFF
[2026-09-21 22:31:55] [INFO] Temperature: 14.8C | Status: NORMAL | Fan: OFF | Alarm: OFF
[2026-09-21 22:31:57] [INFO] Temperature: 17.2C | Status: NORMAL | Fan: OFF | Alarm: OFF
[2026-09-21 22:31:58] [INFO] Temperature: 6.4C | Status: NORMAL | Fan: OFF | Alarm: OFF
[2026-09-21 22:31:59] [WARNING] Fan turned ON - Temperature WARNING
[2026-09-21 22:31:59] [INFO] Status changed: NORMAL -> WARNING
[2026-09-21 22:31:59] [INFO] Temperature: 31.3C | Status: WARNING | Fan: ON | Alarm: OFF
[2026-09-21 22:32:00] [INFO] Fan turned OFF
[2026-09-21 22:32:00] [INFO] Status changed: WARNING -> NORMAL
[2026-09-21 22:32:00] [INFO] Temperature: 13.5C | Status: NORMAL | Fan: OFF | Alarm: OFF
[2026-09-21 22:32:01] [INFO] Temperature: 5.2C | Status: NORMAL | Fan: OFF | Alarm: OFF
[2026-09-21 22:32:02] [CRITICAL] Fan turned ON - Temperature CRITICAL
[2026-09-21 22:32:02] [CRITICAL] Alarm turned ON - Temperature CRITICAL!
[2026-09-21 22:32:02] [INFO] Status changed: NORMAL -> CRITICAL
[2026-09-21 22:32:02] [INFO] Temperature: 40.4C | Status: CRITICAL | Fan: ON | Alarm: ON
[2026-09-21 22:32:03] [INFO] Temperature: 56.4C | Status: CRITICAL | Fan: ON | Alarm: ON
[2026-09-21 22:32:04] [INFO] Fan turned OFF
[2026-09-21 22:32:04] [INFO] Alarm turned OFF
[2026-09-21 22:32:04] [INFO] Status changed: CRITICAL -> NORMAL
[2026-09-21 22:32:04] [INFO] Temperature: 10.6C | Status: NORMAL | Fan: OFF | Alarm: OFF
[2026-09-21 22:32:05] [CRITICAL] Fan turned ON - Temperature CRITICAL
[2026-09-21 22:32:05] [CRITICAL] Alarm turned ON - Temperature CRITICAL!
[2026-09-21 22:32:05] [INFO] Status changed: NORMAL -> CRITICAL
[2026-09-21 22:32:05] [INFO] Temperature: 52.1C | Status: CRITICAL | Fan: ON | Alarm: ON
[2026-09-21 22:32:06] [INFO] Temperature: 43.9C | Status: CRITICAL | Fan: ON | Alarm: ON
[2026-09-21 22:32:07] [INFO] Fan turned OFF
[2026-09-21 22:32:07] [INFO] Alarm turned OFF
[2026-09-21 22:32:07] [INFO] Status changed: CRITICAL -> NORMAL
[2026-09-21 22:32:07] [INFO] Temperature: 16.3C | Status: NORMAL | Fan: OFF | Alarm: OFF
[2026-09-21 22:32:08] [CRITICAL] Fan turned ON - Temperature CRITICAL
[2026-09-21 22:32:08] [CRITICAL] Alarm turned ON - Temperature CRITICAL!
[2026-09-21 22:32:08] [INFO] Status changed: NORMAL -> CRITICAL
[2026-09-21 22:32:08] [INFO] Temperature: 44.8C | Status: CRITICAL | Fan: ON | Alarm: ON
[2026-09-21 22:32:09] [INFO] Temperature: 44.5C | Status: CRITICAL | Fan: ON | Alarm: ON
[2026-09-21 22:32:10] [INFO] Fan turned OFF
[2026-09-21 22:32:10] [INFO] Alarm turned OFF
[2026-09-21 22:32:10] [INFO] Status changed: CRITICAL -> NORMAL
[2026-09-21 22:32:10] [INFO] Temperature: 0.5C | Status: NORMAL | Fan: OFF | Alarm: OFF
[2026-09-21 22:32:11] [INFO] Temperature: 8.4C | Status: NORMAL | Fan: OFF | Alarm: OFF
[2026-09-21 22:32:12] [CRITICAL] Fan turned ON - Temperature CRITICAL
[2026-09-21 22:32:12] [CRITICAL] Alarm turned ON - Temperature CRITICAL!
[2026-09-21 22:32:12] [INFO] Status changed: NORMAL -> CRITICAL
[2026-09-21 22:32:12] [INFO] Temperature: 57.5C | Status: CRITICAL | Fan: ON | Alarm: ON
[2026-09-21 22:32:13] [INFO] Temperature: 48.9C | Status: CRITICAL | Fan: ON | Alarm: ON
[2026-09-21 22:32:14] [INFO] Fan turned OFF
[2026-09-21 22:32:14] [INFO] Alarm turned OFF
[2026-09-21 22:32:14] [INFO] Status changed: CRITICAL -> NORMAL
[2026-09-21 22:32:14] [INFO] Temperature: 18.9C | Status: NORMAL | Fan: OFF | Alarm: OFF
[2026-09-21 22:32:15] [CRITICAL] Fan turned ON - Temperature CRITICAL
[2026-09-21 22:32:15] [CRITICAL] Alarm turned ON - Temperature CRITICAL!
[2026-09-21 22:32:15] [INFO] Status changed: NORMAL -> CRITICAL
[2026-09-21 22:32:15] [INFO] Temperature: 40.9C | Status: CRITICAL | Fan: ON | Alarm: ON
[2026-09-21 22:32:16] [INFO] Fan turned OFF
[2026-09-21 22:32:16] [INFO] Alarm turned OFF
[2026-09-21 22:32:16] [INFO] Status changed: CRITICAL -> NORMAL
[2026-09-21 22:32:16] [INFO] Temperature: 13.6C | Status: NORMAL | Fan: OFF | Alarm: OFF
[2026-09-21 22:32:17] [INFO] Temperature: 6.0C | Status: NORMAL | Fan: OFF | Alarm: OFF
[2026-09-21 22:32:18] [INFO] Temperature: 23.9C | Status: NORMAL | Fan: OFF | Alarm: OFF
[2026-09-21 22:32:19] [INFO] Temperature: 29.3C | Status: NORMAL | Fan: OFF | Alarm: OFF
[2026-09-21 22:32:20] [WARNING] Fan turned ON - Temperature WARNING
[2026-09-21 22:32:20] [INFO] Status changed: NORMAL -> WARNING
[2026-09-21 22:32:20] [INFO] Temperature: 38.0C | Status: WARNING | Fan: ON | Alarm: OFF
[2026-09-21 22:32:21] [INFO] Fan turned OFF
[2026-09-21 22:32:21] [INFO] Status changed: WARNING -> NORMAL
[2026-09-21 22:32:21] [INFO] Temperature: 9.6C | Status: NORMAL | Fan: OFF | Alarm: OFF
[2026-09-21 22:32:22] [INFO] Temperature: 27.3C | Status: NORMAL | Fan: OFF | Alarm: OFF
[2026-09-21 22:32:23] [INFO] System shutdown requested by user
[2026-09-21 22:32:23] [INFO] === System Shutdown ===
========================================

========================================
[2026-09-21 22:33:43] [INFO] === System Started ===
[2026-09-21 22:33:43] [INFO] Mode: AUTO
[2026-09-21 22:33:43] [INFO] Controller initialized - Fan threshold: 30C, Alarm threshold: 40C, Valid range: [0, 60]C, Fault threshold: 3 cycles
[2026-09-21 22:33:43] [WARNING] Fan turned ON - Temperature WARNING
[2026-09-21 22:33:43] [INFO] Status changed: NORMAL -> WARNING
[2026-09-21 22:33:43] [INFO] Temperature: 34.2C | Status: WARNING | Fan: ON | Alarm: OFF
[2026-09-21 22:33:44] [CRITICAL] Alarm turned ON - Temperature CRITICAL!
[2026-09-21 22:33:44] [INFO] Status changed: WARNING -> CRITICAL
[2026-09-21 22:33:44] [INFO] Temperature: 45.5C | Status: CRITICAL | Fan: ON | Alarm: ON
[2026-09-21 22:33:45] [INFO] Alarm turned OFF
[2026-09-21 22:33:45] [INFO] Status changed: CRITICAL -> WARNING
[2026-09-21 22:33:45] [INFO] Temperature: 33.7C | Status: WARNING | Fan: ON | Alarm: OFF
[2026-09-21 22:33:46] [CRITICAL] Alarm turned ON - Temperature CRITICAL!
[2026-09-21 22:33:46] [INFO] Status changed: WARNING -> CRITICAL
[2026-09-21 22:33:46] [INFO] Temperature: 41.0C | Status: CRITICAL | Fan: ON | Alarm: ON
[2026-09-21 22:33:47] [INFO] Fan turned OFF
[2026-09-21 22:33:47] [INFO] Alarm turned OFF
[2026-09-21 22:33:47] [INFO] Status changed: CRITICAL -> NORMAL
[2026-09-21 22:33:47] [INFO] Temperature: 6.7C | Status: NORMAL | Fan: OFF | Alarm: OFF
[2026-09-21 22:33:48] [INFO] Temperature: 22.8C | Status: NORMAL | Fan: OFF | Alarm: OFF
[2026-09-21 22:33:49] [INFO] Temperature: 22.5C | Status: NORMAL | Fan: OFF | Alarm: OFF
[2026-09-21 22:33:50] [CRITICAL] Fan turned ON - Temperature CRITICAL
[2026-09-21 22:33:50] [CRITICAL] Alarm turned ON - Temperature CRITICAL!
[2026-09-21 22:33:50] [INFO] Status changed: NORMAL -> CRITICAL
[2026-09-21 22:33:50] [INFO] Temperature: 40.5C | Status: CRITICAL | Fan: ON | Alarm: ON
[2026-09-21 22:33:51] [INFO] Alarm turned OFF
[2026-09-21 22:33:51] [INFO] Status changed: CRITICAL -> WARNING
[2026-09-21 22:33:51] [INFO] Temperature: 39.0C | Status: WARNING | Fan: ON | Alarm: OFF
[2026-09-21 22:33:52] [INFO] Fan turned OFF
[2026-09-21 22:33:52] [INFO] Status changed: WARNING -> NORMAL
[2026-09-21 22:33:52] [INFO] Temperature: 13.2C | Status: NORMAL | Fan: OFF | Alarm: OFF
[2026-09-21 22:33:53] [WARNING] Fan turned ON - Temperature WARNING
[2026-09-21 22:33:53] [INFO] Status changed: NORMAL -> WARNING
[2026-09-21 22:33:53] [INFO] Temperature: 38.7C | Status: WARNING | Fan: ON | Alarm: OFF
[2026-09-21 22:33:54] [INFO] Fan turned OFF
[2026-09-21 22:33:54] [INFO] Status changed: WARNING -> NORMAL
[2026-09-21 22:33:54] [INFO] Temperature: 16.0C | Status: NORMAL | Fan: OFF | Alarm: OFF
[2026-09-21 22:33:55] [CRITICAL] Fan turned ON - Temperature CRITICAL
[2026-09-21 22:33:55] [CRITICAL] Alarm turned ON - Temperature CRITICAL!
[2026-09-21 22:33:55] [INFO] Status changed: NORMAL -> CRITICAL
[2026-09-21 22:33:55] [INFO] Temperature: 42.6C | Status: CRITICAL | Fan: ON | Alarm: ON
[2026-09-21 22:33:56] [INFO] Alarm turned OFF
[2026-09-21 22:33:56] [INFO] Status changed: CRITICAL -> WARNING
[2026-09-21 22:33:56] [INFO] Temperature: 39.5C | Status: WARNING | Fan: ON | Alarm: OFF
[2026-09-21 22:33:57] [CRITICAL] Alarm turned ON - Temperature CRITICAL!
[2026-09-21 22:33:57] [INFO] Status changed: WARNING -> CRITICAL
[2026-09-21 22:33:57] [INFO] Temperature: 50.9C | Status: CRITICAL | Fan: ON | Alarm: ON
[2026-09-21 22:33:58] [INFO] Fan turned OFF
[2026-09-21 22:33:58] [INFO] Alarm turned OFF
[2026-09-21 22:33:58] [INFO] Status changed: CRITICAL -> NORMAL
[2026-09-21 22:33:58] [INFO] Temperature: 2.5C | Status: NORMAL | Fan: OFF | Alarm: OFF
[2026-09-21 22:33:59] [INFO] Temperature: 1.1C | Status: NORMAL | Fan: OFF | Alarm: OFF
[2026-09-21 22:34:00] [CRITICAL] Fan turned ON - Temperature CRITICAL
[2026-09-21 22:34:00] [CRITICAL] Alarm turned ON - Temperature CRITICAL!
[2026-09-21 22:34:00] [INFO] Status changed: NORMAL -> CRITICAL
[2026-09-21 22:34:00] [INFO] Temperature: 41.7C | Status: CRITICAL | Fan: ON | Alarm: ON
[2026-09-21 22:34:01] [INFO] Alarm turned OFF
[2026-09-21 22:34:01] [INFO] Status changed: CRITICAL -> WARNING
[2026-09-21 22:34:01] [INFO] Temperature: 32.5C | Status: WARNING | Fan: ON | Alarm: OFF
[2026-09-21 22:34:02] [CRITICAL] Alarm turned ON - Temperature CRITICAL!
[2026-09-21 22:34:02] [INFO] Status changed: WARNING -> CRITICAL
[2026-09-21 22:34:02] [INFO] Temperature: 50.2C | Status: CRITICAL | Fan: ON | Alarm: ON
[2026-09-21 22:34:03] [INFO] Alarm turned OFF
[2026-09-21 22:34:03] [INFO] Status changed: CRITICAL -> WARNING
[2026-09-21 22:34:03] [INFO] Temperature: 35.2C | Status: WARNING | Fan: ON | Alarm: OFF
[2026-09-21 22:34:04] [INFO] Fan turned OFF
[2026-09-21 22:34:04] [INFO] Status changed: WARNING -> NORMAL
[2026-09-21 22:34:04] [INFO] Temperature: 19.7C | Status: NORMAL | Fan: OFF | Alarm: OFF
[2026-09-21 22:34:05] [WARNING] Fan turned ON - Temperature WARNING
[2026-09-21 22:34:05] [INFO] Status changed: NORMAL -> WARNING
[2026-09-21 22:34:05] [INFO] Temperature: 30.2C | Status: WARNING | Fan: ON | Alarm: OFF
[2026-09-21 22:34:06] [CRITICAL] Alarm turned ON - Temperature CRITICAL!
[2026-09-21 22:34:06] [INFO] Status changed: WARNING -> CRITICAL
[2026-09-21 22:34:06] [INFO] Temperature: 53.2C | Status: CRITICAL | Fan: ON | Alarm: ON
[2026-09-21 22:34:08] [INFO] Temperature: 51.5C | Status: CRITICAL | Fan: ON | Alarm: ON
[2026-09-21 22:34:09] [INFO] Temperature: 52.7C | Status: CRITICAL | Fan: ON | Alarm: ON
[2026-09-21 22:34:10] [INFO] Fan turned OFF
[2026-09-21 22:34:10] [INFO] Alarm turned OFF
[2026-09-21 22:34:10] [INFO] Status changed: CRITICAL -> NORMAL
[2026-09-21 22:34:10] [INFO] Temperature: 1.0C | Status: NORMAL | Fan: OFF | Alarm: OFF
[2026-09-21 22:34:11] [INFO] Temperature: 6.6C | Status: NORMAL | Fan: OFF | Alarm: OFF
[2026-09-21 22:34:12] [CRITICAL] Fan turned ON - Temperature CRITICAL
[2026-09-21 22:34:12] [CRITICAL] Alarm turned ON - Temperature CRITICAL!
[2026-09-21 22:34:12] [INFO] Status changed: NORMAL -> CRITICAL
[2026-09-21 22:34:12] [INFO] Temperature: 52.6C | Status: CRITICAL | Fan: ON | Alarm: ON
[2026-09-21 22:34:13] [INFO] Alarm turned OFF
[2026-09-21 22:34:13] [INFO] Status changed: CRITICAL -> WARNING
[2026-09-21 22:34:13] [INFO] Temperature: 30.3C | Status: WARNING | Fan: ON | Alarm: OFF
[2026-09-21 22:34:14] [INFO] Fan turned OFF
[2026-09-21 22:34:14] [INFO] Status changed: WARNING -> NORMAL
[2026-09-21 22:34:14] [INFO] Temperature: 28.4C | Status: NORMAL | Fan: OFF | Alarm: OFF
[2026-09-21 22:34:15] [INFO] Temperature: 3.8C | Status: NORMAL | Fan: OFF | Alarm: OFF
[2026-09-21 22:34:16] [INFO] Temperature: 18.8C | Status: NORMAL | Fan: OFF | Alarm: OFF
[2026-09-21 22:34:17] [CRITICAL] Fan turned ON - Temperature CRITICAL
[2026-09-21 22:34:17] [CRITICAL] Alarm turned ON - Temperature CRITICAL!
[2026-09-21 22:34:17] [INFO] Status changed: NORMAL -> CRITICAL
[2026-09-21 22:34:17] [INFO] Temperature: 50.2C | Status: CRITICAL | Fan: ON | Alarm: ON
[2026-09-21 22:34:18] [INFO] Alarm turned OFF
[2026-09-21 22:34:18] [INFO] Status changed: CRITICAL -> WARNING
[2026-09-21 22:34:18] [INFO] Temperature: 33.1C | Status: WARNING | Fan: ON | Alarm: OFF
[2026-09-21 22:34:19] [INFO] Fan turned OFF
[2026-09-21 22:34:19] [INFO] Status changed: WARNING -> NORMAL
[2026-09-21 22:34:19] [INFO] Temperature: 24.6C | Status: NORMAL | Fan: OFF | Alarm: OFF
[2026-09-21 22:34:20] [WARNING] Fan turned ON - Temperature WARNING
[2026-09-21 22:34:20] [INFO] Status changed: NORMAL -> WARNING
[2026-09-21 22:34:20] [INFO] Temperature: 31.9C | Status: WARNING | Fan: ON | Alarm: OFF
[2026-09-21 22:34:21] [INFO] Fan turned OFF
[2026-09-21 22:34:21] [INFO] Status changed: WARNING -> NORMAL
[2026-09-21 22:34:21] [INFO] Temperature: 18.7C | Status: NORMAL | Fan: OFF | Alarm: OFF
[2026-09-21 22:34:22] [INFO] Temperature: 26.4C | Status: NORMAL | Fan: OFF | Alarm: OFF
[2026-09-21 22:34:23] [WARNING] Fan turned ON - Temperature WARNING
[2026-09-21 22:34:23] [INFO] Status changed: NORMAL -> WARNING
[2026-09-21 22:34:23] [INFO] Temperature: 37.4C | Status: WARNING | Fan: ON | Alarm: OFF
[2026-09-21 22:34:24] [INFO] Temperature: 30.3C | Status: WARNING | Fan: ON | Alarm: OFF
[2026-09-21 22:34:25] [CRITICAL] Alarm turned ON - Temperature CRITICAL!
[2026-09-21 22:34:25] [INFO] Status changed: WARNING -> CRITICAL
[2026-09-21 22:34:25] [INFO] Temperature: 49.8C | Status: CRITICAL | Fan: ON | Alarm: ON
[2026-09-21 22:34:26] [INFO] Alarm turned OFF
[2026-09-21 22:34:26] [INFO] Status changed: CRITICAL -> WARNING
[2026-09-21 22:34:26] [INFO] Temperature: 32.5C | Status: WARNING | Fan: ON | Alarm: OFF
[2026-09-21 22:34:27] [CRITICAL] Alarm turned ON - Temperature CRITICAL!
[2026-09-21 22:34:27] [INFO] Status changed: WARNING -> CRITICAL
[2026-09-21 22:34:27] [INFO] Temperature: 48.6C | Status: CRITICAL | Fan: ON | Alarm: ON
[2026-09-21 22:34:28] [INFO] Fan turned OFF
[2026-09-21 22:34:28] [INFO] Alarm turned OFF
[2026-09-21 22:34:28] [INFO] Status changed: CRITICAL -> NORMAL
[2026-09-21 22:34:28] [INFO] Temperature: 12.7C | Status: NORMAL | Fan: OFF | Alarm: OFF
[2026-09-21 22:34:29] [INFO] Temperature: 14.8C | Status: NORMAL | Fan: OFF | Alarm: OFF
[2026-09-21 22:34:30] [CRITICAL] Fan turned ON - Temperature CRITICAL
[2026-09-21 22:34:30] [CRITICAL] Alarm turned ON - Temperature CRITICAL!
[2026-09-21 22:34:30] [INFO] Status changed: NORMAL -> CRITICAL
[2026-09-21 22:34:30] [INFO] Temperature: 47.4C | Status: CRITICAL | Fan: ON | Alarm: ON
[2026-09-21 22:34:31] [INFO] Alarm turned OFF
[2026-09-21 22:34:31] [INFO] Status changed: CRITICAL -> WARNING
[2026-09-21 22:34:31] [INFO] Temperature: 32.1C | Status: WARNING | Fan: ON | Alarm: OFF
[2026-09-21 22:34:32] [INFO] Fan turned OFF
[2026-09-21 22:34:32] [INFO] Status changed: WARNING -> NORMAL
[2026-09-21 22:34:32] [INFO] Temperature: 6.0C | Status: NORMAL | Fan: OFF | Alarm: OFF
[2026-09-21 22:34:33] [CRITICAL] Fan turned ON - Temperature CRITICAL
[2026-09-21 22:34:33] [CRITICAL] Alarm turned ON - Temperature CRITICAL!
[2026-09-21 22:34:33] [INFO] Status changed: NORMAL -> CRITICAL
[2026-09-21 22:34:33] [INFO] Temperature: 43.0C | Status: CRITICAL | Fan: ON | Alarm: ON
[2026-09-21 22:34:34] [INFO] Fan turned OFF
[2026-09-21 22:34:34] [INFO] Alarm turned OFF
[2026-09-21 22:34:34] [INFO] Status changed: CRITICAL -> NORMAL
[2026-09-21 22:34:34] [INFO] Temperature: 6.5C | Status: NORMAL | Fan: OFF | Alarm: OFF
[2026-09-21 22:34:35] [INFO] Temperature: 25.0C | Status: NORMAL | Fan: OFF | Alarm: OFF
[2026-09-21 22:34:36] [CRITICAL] Fan turned ON - Temperature CRITICAL
[2026-09-21 22:34:36] [CRITICAL] Alarm turned ON - Temperature CRITICAL!
[2026-09-21 22:34:36] [INFO] Status changed: NORMAL -> CRITICAL
[2026-09-21 22:34:36] [INFO] Temperature: 44.8C | Status: CRITICAL | Fan: ON | Alarm: ON
[2026-09-21 22:34:37] [INFO] Alarm turned OFF
[2026-09-21 22:34:37] [INFO] Status changed: CRITICAL -> WARNING
[2026-09-21 22:34:37] [INFO] Temperature: 35.7C | Status: WARNING | Fan: ON | Alarm: OFF
[2026-09-21 22:34:38] [INFO] Fan turned OFF
[2026-09-21 22:34:38] [INFO] Status changed: WARNING -> NORMAL
[2026-09-21 22:34:38] [INFO] Temperature: 6.1C | Status: NORMAL | Fan: OFF | Alarm: OFF
[2026-09-21 22:34:39] [INFO] Temperature: 8.6C | Status: NORMAL | Fan: OFF | Alarm: OFF
[2026-09-21 22:34:40] [INFO] Temperature: 3.9C | Status: NORMAL | Fan: OFF | Alarm: OFF
[2026-09-21 22:34:41] [INFO] Temperature: 9.2C | Status: NORMAL | Fan: OFF | Alarm: OFF
[2026-09-21 22:34:42] [INFO] Temperature: 22.6C | Status: NORMAL | Fan: OFF | Alarm: OFF
[2026-09-21 22:34:43] [WARNING] Fan turned ON - Temperature WARNING
[2026-09-21 22:34:43] [INFO] Status changed: NORMAL -> WARNING
[2026-09-21 22:34:43] [INFO] Temperature: 32.3C | Status: WARNING | Fan: ON | Alarm: OFF
[2026-09-21 22:34:44] [CRITICAL] Alarm turned ON - Temperature CRITICAL!
[2026-09-21 22:34:44] [INFO] Status changed: WARNING -> CRITICAL
[2026-09-21 22:34:44] [INFO] Temperature: 42.8C | Status: CRITICAL | Fan: ON | Alarm: ON
[2026-09-21 22:34:45] [INFO] Temperature: 49.7C | Status: CRITICAL | Fan: ON | Alarm: ON
[2026-09-21 22:34:46] [INFO] Fan turned OFF
[2026-09-21 22:34:46] [INFO] Alarm turned OFF
[2026-09-21 22:34:46] [INFO] Status changed: CRITICAL -> NORMAL
[2026-09-21 22:34:46] [INFO] Temperature: 7.0C | Status: NORMAL | Fan: OFF | Alarm: OFF
[2026-09-21 22:34:47] [WARNING] Fan turned ON - Temperature WARNING
[2026-09-21 22:34:47] [INFO] Status changed: NORMAL -> WARNING
[2026-09-21 22:34:47] [INFO] Temperature: 33.9C | Status: WARNING | Fan: ON | Alarm: OFF
[2026-09-21 22:34:48] [INFO] Temperature: 39.2C | Status: WARNING | Fan: ON | Alarm: OFF
[2026-09-21 22:34:49] [INFO] Fan turned OFF
[2026-09-21 22:34:49] [INFO] Status changed: WARNING -> NORMAL
[2026-09-21 22:34:49] [INFO] Temperature: 12.5C | Status: NORMAL | Fan: OFF | Alarm: OFF
[2026-09-21 22:34:50] [INFO] Temperature: 22.3C | Status: NORMAL | Fan: OFF | Alarm: OFF
[2026-09-21 22:34:51] [CRITICAL] Fan turned ON - Temperature CRITICAL
[2026-09-21 22:34:51] [CRITICAL] Alarm turned ON - Temperature CRITICAL!
[2026-09-21 22:34:51] [INFO] Status changed: NORMAL -> CRITICAL
[2026-09-21 22:34:51] [INFO] Temperature: 55.9C | Status: CRITICAL | Fan: ON | Alarm: ON
[2026-09-21 22:34:52] [INFO] Temperature: 47.2C | Status: CRITICAL | Fan: ON | Alarm: ON
[2026-09-21 22:34:53] [INFO] Fan turned OFF
[2026-09-21 22:34:53] [INFO] Alarm turned OFF
[2026-09-21 22:34:53] [INFO] Status changed: CRITICAL -> NORMAL
[2026-09-21 22:34:53] [INFO] Temperature: 14.1C | Status: NORMAL | Fan: OFF | Alarm: OFF
[2026-09-21 22:34:55] [INFO] Temperature: 28.9C | Status: NORMAL | Fan: OFF | Alarm: OFF
[2026-09-21 22:34:56] [WARNING] Fan turned ON - Temperature WARNING
[2026-09-21 22:34:56] [INFO] Status changed: NORMAL -> WARNING
[2026-09-21 22:34:56] [INFO] Temperature: 37.6C | Status: WARNING | Fan: ON | Alarm: OFF
[2026-09-21 22:34:57] [INFO] Temperature: 40.0C | Status: WARNING | Fan: ON | Alarm: OFF
[2026-09-21 22:34:58] [INFO] Fan turned OFF
[2026-09-21 22:34:58] [INFO] Status changed: WARNING -> NORMAL
[2026-09-21 22:34:58] [INFO] Temperature: 11.6C | Status: NORMAL | Fan: OFF | Alarm: OFF
[2026-09-21 22:34:59] [WARNING] Fan turned ON - Temperature WARNING
[2026-09-21 22:34:59] [INFO] Status changed: NORMAL -> WARNING
[2026-09-21 22:34:59] [INFO] Temperature: 39.8C | Status: WARNING | Fan: ON | Alarm: OFF
[2026-09-21 22:35:00] [INFO] Fan turned OFF
[2026-09-21 22:35:00] [INFO] Status changed: WARNING -> NORMAL
[2026-09-21 22:35:00] [INFO] Temperature: 17.3C | Status: NORMAL | Fan: OFF | Alarm: OFF
[2026-09-21 22:35:01] [INFO] Temperature: 26.7C | Status: NORMAL | Fan: OFF | Alarm: OFF
[2026-09-21 22:35:02] [INFO] Temperature: 22.0C | Status: NORMAL | Fan: OFF | Alarm: OFF
[2026-09-21 22:35:03] [WARNING] Fan turned ON - Temperature WARNING
[2026-09-21 22:35:03] [INFO] Status changed: NORMAL -> WARNING
[2026-09-21 22:35:03] [INFO] Temperature: 30.1C | Status: WARNING | Fan: ON | Alarm: OFF
[2026-09-21 22:35:04] [INFO] Fan turned OFF
[2026-09-21 22:35:04] [INFO] Status changed: WARNING -> NORMAL
[2026-09-21 22:35:04] [INFO] Temperature: 17.0C | Status: NORMAL | Fan: OFF | Alarm: OFF
[2026-09-21 22:35:05] [INFO] Temperature: 1.8C | Status: NORMAL | Fan: OFF | Alarm: OFF
[2026-09-21 22:35:06] [INFO] Temperature: 23.6C | Status: NORMAL | Fan: OFF | Alarm: OFF
[2026-09-21 22:35:07] [INFO] Temperature: 23.2C | Status: NORMAL | Fan: OFF | Alarm: OFF
[2026-09-21 22:35:08] [WARNING] Fan turned ON - Temperature WARNING
[2026-09-21 22:35:08] [INFO] Status changed: NORMAL -> WARNING
[2026-09-21 22:35:08] [INFO] Temperature: 36.3C | Status: WARNING | Fan: ON | Alarm: OFF
[2026-09-21 22:35:09] [INFO] Temperature: 31.1C | Status: WARNING | Fan: ON | Alarm: OFF
[2026-09-21 22:35:10] [CRITICAL] Alarm turned ON - Temperature CRITICAL!
[2026-09-21 22:35:10] [INFO] Status changed: WARNING -> CRITICAL
[2026-09-21 22:35:10] [INFO] Temperature: 43.6C | Status: CRITICAL | Fan: ON | Alarm: ON
[2026-09-21 22:35:11] [INFO] Temperature: 56.2C | Status: CRITICAL | Fan: ON | Alarm: ON
[2026-09-21 22:35:12] [INFO] Temperature: 47.8C | Status: CRITICAL | Fan: ON | Alarm: ON
[2026-09-21 22:35:13] [INFO] Fan turned OFF
[2026-09-21 22:35:13] [INFO] Alarm turned OFF
[2026-09-21 22:35:13] [INFO] Status changed: CRITICAL -> NORMAL
[2026-09-21 22:35:13] [INFO] Temperature: 22.8C | Status: NORMAL | Fan: OFF | Alarm: OFF
[2026-09-21 22:35:14] [INFO] Temperature: 17.0C | Status: NORMAL | Fan: OFF | Alarm: OFF
[2026-09-21 22:35:15] [INFO] Temperature: 26.8C | Status: NORMAL | Fan: OFF | Alarm: OFF
[2026-09-21 22:35:16] [INFO] Temperature: 9.5C | Status: NORMAL | Fan: OFF | Alarm: OFF
[2026-09-21 22:35:17] [INFO] Temperature: 1.7C | Status: NORMAL | Fan: OFF | Alarm: OFF
[2026-09-21 22:35:18] [CRITICAL] Fan turned ON - Temperature CRITICAL
[2026-09-21 22:35:18] [CRITICAL] Alarm turned ON - Temperature CRITICAL!
[2026-09-21 22:35:18] [INFO] Status changed: NORMAL -> CRITICAL
[2026-09-21 22:35:18] [INFO] Temperature: 53.1C | Status: CRITICAL | Fan: ON | Alarm: ON
[2026-09-21 22:35:19] [INFO] Fan turned OFF
[2026-09-21 22:35:19] [INFO] Alarm turned OFF
[2026-09-21 22:35:19] [INFO] Status changed: CRITICAL -> NORMAL
[2026-09-21 22:35:19] [INFO] Temperature: 2.3C | Status: NORMAL | Fan: OFF | Alarm: OFF
[2026-09-21 22:35:20] [INFO] Temperature: 29.2C | Status: NORMAL | Fan: OFF | Alarm: OFF
[2026-09-21 22:35:21] [CRITICAL] Fan turned ON - Temperature CRITICAL
[2026-09-21 22:35:21] [CRITICAL] Alarm turned ON - Temperature CRITICAL!
[2026-09-21 22:35:21] [INFO] Status changed: NORMAL -> CRITICAL
[2026-09-21 22:35:21] [INFO] Temperature: 50.9C | Status: CRITICAL | Fan: ON | Alarm: ON
[2026-09-21 22:35:22] [INFO] Fan turned OFF
[2026-09-21 22:35:22] [INFO] Alarm turned OFF
[2026-09-21 22:35:22] [INFO] Status changed: CRITICAL -> NORMAL
[2026-09-21 22:35:22] [INFO] Temperature: 13.8C | Status: NORMAL | Fan: OFF | Alarm: OFF
[2026-09-21 22:35:23] [CRITICAL] Fan turned ON - Temperature CRITICAL
[2026-09-21 22:35:23] [CRITICAL] Alarm turned ON - Temperature CRITICAL!
[2026-09-21 22:35:23] [INFO] Status changed: NORMAL -> CRITICAL
[2026-09-21 22:35:23] [INFO] Temperature: 50.5C | Status: CRITICAL | Fan: ON | Alarm: ON
[2026-09-21 22:35:24] [INFO] Fan turned OFF
[2026-09-21 22:35:24] [INFO] Alarm turned OFF
[2026-09-21 22:35:24] [INFO] Status changed: CRITICAL -> NORMAL
[2026-09-21 22:35:24] [INFO] Temperature: 12.1C | Status: NORMAL | Fan: OFF | Alarm: OFF
[2026-09-21 22:35:25] [CRITICAL] Fan turned ON - Temperature CRITICAL
[2026-09-21 22:35:25] [CRITICAL] Alarm turned ON - Temperature CRITICAL!
[2026-09-21 22:35:25] [INFO] Status changed: NORMAL -> CRITICAL
[2026-09-21 22:35:25] [INFO] Temperature: 43.5C | Status: CRITICAL | Fan: ON | Alarm: ON
[2026-09-21 22:35:26] [INFO] Alarm turned OFF
[2026-09-21 22:35:26] [INFO] Status changed: CRITICAL -> WARNING
[2026-09-21 22:35:26] [INFO] Temperature: 35.9C | Status: WARNING | Fan: ON | Alarm: OFF
[2026-09-21 22:35:27] [INFO] Fan turned OFF
[2026-09-21 22:35:27] [INFO] Status changed: WARNING -> NORMAL
[2026-09-21 22:35:27] [INFO] Temperature: 25.2C | Status: NORMAL | Fan: OFF | Alarm: OFF
[2026-09-21 22:35:29] [INFO] Temperature: 4.2C | Status: NORMAL | Fan: OFF | Alarm: OFF
[2026-09-21 22:35:30] [CRITICAL] Fan turned ON - Temperature CRITICAL
[2026-09-21 22:35:30] [CRITICAL] Alarm turned ON - Temperature CRITICAL!
[2026-09-21 22:35:30] [INFO] Status changed: NORMAL -> CRITICAL
[2026-09-21 22:35:30] [INFO] Temperature: 53.6C | Status: CRITICAL | Fan: ON | Alarm: ON
[2026-09-21 22:35:31] [INFO] Alarm turned OFF
[2026-09-21 22:35:31] [INFO] Status changed: CRITICAL -> WARNING
[2026-09-21 22:35:31] [INFO] Temperature: 31.8C | Status: WARNING | Fan: ON | Alarm: OFF
[2026-09-21 22:35:32] [INFO] Fan turned OFF
[2026-09-21 22:35:32] [INFO] Status changed: WARNING -> NORMAL
[2026-09-21 22:35:32] [INFO] Temperature: 17.6C | Status: NORMAL | Fan: OFF | Alarm: OFF
[2026-09-21 22:35:33] [INFO] Temperature: 16.3C | Status: NORMAL | Fan: OFF | Alarm: OFF
[2026-09-21 22:35:34] [INFO] Temperature: 18.3C | Status: NORMAL | Fan: OFF | Alarm: OFF
[2026-09-21 22:35:35] [WARNING] Fan turned ON - Temperature WARNING
[2026-09-21 22:35:35] [INFO] Status changed: NORMAL -> WARNING
[2026-09-21 22:35:35] [INFO] Temperature: 30.1C | Status: WARNING | Fan: ON | Alarm: OFF
[2026-09-21 22:35:36] [CRITICAL] Alarm turned ON - Temperature CRITICAL!
[2026-09-21 22:35:36] [INFO] Status changed: WARNING -> CRITICAL
[2026-09-21 22:35:36] [INFO] Temperature: 49.5C | Status: CRITICAL | Fan: ON | Alarm: ON
[2026-09-21 22:35:37] [INFO] Alarm turned OFF
[2026-09-21 22:35:37] [INFO] Status changed: CRITICAL -> WARNING
[2026-09-21 22:35:37] [INFO] Temperature: 35.5C | Status: WARNING | Fan: ON | Alarm: OFF
[2026-09-21 22:35:38] [INFO] Fan turned OFF
[2026-09-21 22:35:38] [INFO] Status changed: WARNING -> NORMAL
[2026-09-21 22:35:38] [INFO] Temperature: 5.6C | Status: NORMAL | Fan: OFF | Alarm: OFF
[2026-09-21 22:35:39] [INFO] Temperature: 6.3C | Status: NORMAL | Fan: OFF | Alarm: OFF
[2026-09-21 22:35:40] [WARNING] Sensor transient fault detected (Count: 1/3) - Raw value: 120.0C - Holding last valid state
[2026-09-21 22:35:41] [INFO] Sensor recovered after 0 fault cycle(s) - Resuming normal operation
[2026-09-21 22:35:41] [INFO] Status changed: SENSOR_ERROR -> NORMAL
[2026-09-21 22:35:41] [INFO] Temperature: 27.7C | Status: NORMAL | Fan: OFF | Alarm: OFF
[2026-09-21 22:35:42] [CRITICAL] Fan turned ON - Temperature CRITICAL
[2026-09-21 22:35:42] [CRITICAL] Alarm turned ON - Temperature CRITICAL!
[2026-09-21 22:35:42] [INFO] Status changed: NORMAL -> CRITICAL
[2026-09-21 22:35:42] [INFO] Temperature: 52.2C | Status: CRITICAL | Fan: ON | Alarm: ON
[2026-09-21 22:35:43] [INFO] Temperature: 50.8C | Status: CRITICAL | Fan: ON | Alarm: ON
[2026-09-21 22:35:44] [INFO] Temperature: 53.6C | Status: CRITICAL | Fan: ON | Alarm: ON
[2026-09-21 22:35:45] [INFO] Alarm turned OFF
[2026-09-21 22:35:45] [INFO] Status changed: CRITICAL -> WARNING
[2026-09-21 22:35:45] [INFO] Temperature: 34.0C | Status: WARNING | Fan: ON | Alarm: OFF
[2026-09-21 22:35:46] [INFO] Temperature: 36.6C | Status: WARNING | Fan: ON | Alarm: OFF
[2026-09-21 22:35:47] [CRITICAL] Alarm turned ON - Temperature CRITICAL!
[2026-09-21 22:35:47] [INFO] Status changed: WARNING -> CRITICAL
[2026-09-21 22:35:47] [INFO] Temperature: 52.4C | Status: CRITICAL | Fan: ON | Alarm: ON
[2026-09-21 22:35:48] [INFO] Temperature: 40.8C | Status: CRITICAL | Fan: ON | Alarm: ON
[2026-09-21 22:35:49] [INFO] Temperature: 43.8C | Status: CRITICAL | Fan: ON | Alarm: ON
[2026-09-21 22:35:50] [INFO] Fan turned OFF
[2026-09-21 22:35:50] [INFO] Alarm turned OFF
[2026-09-21 22:35:50] [INFO] Status changed: CRITICAL -> NORMAL
[2026-09-21 22:35:50] [INFO] Temperature: 5.6C | Status: NORMAL | Fan: OFF | Alarm: OFF
[2026-09-21 22:35:51] [CRITICAL] Fan turned ON - Temperature CRITICAL
[2026-09-21 22:35:51] [CRITICAL] Alarm turned ON - Temperature CRITICAL!
[2026-09-21 22:35:51] [INFO] Status changed: NORMAL -> CRITICAL
[2026-09-21 22:35:51] [INFO] Temperature: 42.8C | Status: CRITICAL | Fan: ON | Alarm: ON
[2026-09-21 22:35:52] [INFO] Fan turned OFF
[2026-09-21 22:35:52] [INFO] Alarm turned OFF
[2026-09-21 22:35:52] [INFO] Status changed: CRITICAL -> NORMAL
[2026-09-21 22:35:52] [INFO] Temperature: 21.5C | Status: NORMAL | Fan: OFF | Alarm: OFF
[2026-09-21 22:35:53] [INFO] Temperature: 16.1C | Status: NORMAL | Fan: OFF | Alarm: OFF
[2026-09-21 22:35:54] [INFO] Temperature: 21.6C | Status: NORMAL | Fan: OFF | Alarm: OFF
[2026-09-21 22:35:55] [INFO] Temperature: 19.3C | Status: NORMAL | Fan: OFF | Alarm: OFF
[2026-09-21 22:35:56] [INFO] Temperature: 18.1C | Status: NORMAL | Fan: OFF | Alarm: OFF
[2026-09-21 22:35:57] [INFO] Temperature: 23.9C | Status: NORMAL | Fan: OFF | Alarm: OFF
[2026-09-21 22:35:58] [INFO] Temperature: 12.2C | Status: NORMAL | Fan: OFF | Alarm: OFF
[2026-09-21 22:35:59] [INFO] Temperature: 27.8C | Status: NORMAL | Fan: OFF | Alarm: OFF
[2026-09-21 22:36:00] [CRITICAL] Fan turned ON - Temperature CRITICAL
[2026-09-21 22:36:00] [CRITICAL] Alarm turned ON - Temperature CRITICAL!
[2026-09-21 22:36:00] [INFO] Status changed: NORMAL -> CRITICAL
[2026-09-21 22:36:00] [INFO] Temperature: 58.6C | Status: CRITICAL | Fan: ON | Alarm: ON
[2026-09-21 22:36:01] [INFO] Fan turned OFF
[2026-09-21 22:36:01] [INFO] Alarm turned OFF
[2026-09-21 22:36:01] [INFO] Status changed: CRITICAL -> NORMAL
[2026-09-21 22:36:01] [INFO] Temperature: 15.7C | Status: NORMAL | Fan: OFF | Alarm: OFF
[2026-09-21 22:36:02] [CRITICAL] Fan turned ON - Temperature CRITICAL
[2026-09-21 22:36:02] [CRITICAL] Alarm turned ON - Temperature CRITICAL!
[2026-09-21 22:36:02] [INFO] Status changed: NORMAL -> CRITICAL
[2026-09-21 22:36:02] [INFO] Temperature: 42.8C | Status: CRITICAL | Fan: ON | Alarm: ON
[2026-09-21 22:36:04] [INFO] Fan turned OFF
[2026-09-21 22:36:04] [INFO] Alarm turned OFF
[2026-09-21 22:36:04] [INFO] Status changed: CRITICAL -> NORMAL
[2026-09-21 22:36:04] [INFO] Temperature: 13.0C | Status: NORMAL | Fan: OFF | Alarm: OFF
[2026-09-21 22:36:05] [CRITICAL] Fan turned ON - Temperature CRITICAL
[2026-09-21 22:36:05] [CRITICAL] Alarm turned ON - Temperature CRITICAL!
[2026-09-21 22:36:05] [INFO] Status changed: NORMAL -> CRITICAL
[2026-09-21 22:36:05] [INFO] Temperature: 52.5C | Status: CRITICAL | Fan: ON | Alarm: ON
[2026-09-21 22:36:06] [INFO] Fan turned OFF
[2026-09-21 22:36:06] [INFO] Alarm turned OFF
[2026-09-21 22:36:06] [INFO] Status changed: CRITICAL -> NORMAL
[2026-09-21 22:36:06] [INFO] Temperature: 19.8C | Status: NORMAL | Fan: OFF | Alarm: OFF
[2026-09-21 22:36:07] [CRITICAL] Fan turned ON - Temperature CRITICAL
[2026-09-21 22:36:07] [CRITICAL] Alarm turned ON - Temperature CRITICAL!
[2026-09-21 22:36:07] [INFO] Status changed: NORMAL -> CRITICAL
[2026-09-21 22:36:07] [INFO] Temperature: 51.6C | Status: CRITICAL | Fan: ON | Alarm: ON
[2026-09-21 22:36:08] [INFO] Temperature: 43.2C | Status: CRITICAL | Fan: ON | Alarm: ON
[2026-09-21 22:36:09] [INFO] Fan turned OFF
[2026-09-21 22:36:09] [INFO] Alarm turned OFF
[2026-09-21 22:36:09] [INFO] Status changed: CRITICAL -> NORMAL
[2026-09-21 22:36:09] [INFO] Temperature: 4.5C | Status: NORMAL | Fan: OFF | Alarm: OFF
[2026-09-21 22:36:10] [WARNING] Fan turned ON - Temperature WARNING
[2026-09-21 22:36:10] [INFO] Status changed: NORMAL -> WARNING
[2026-09-21 22:36:10] [INFO] Temperature: 36.2C | Status: WARNING | Fan: ON | Alarm: OFF
[2026-09-21 22:36:11] [INFO] Fan turned OFF
[2026-09-21 22:36:11] [INFO] Status changed: WARNING -> NORMAL
[2026-09-21 22:36:11] [INFO] Temperature: 8.6C | Status: NORMAL | Fan: OFF | Alarm: OFF
[2026-09-21 22:36:12] [INFO] Temperature: 16.9C | Status: NORMAL | Fan: OFF | Alarm: OFF
[2026-09-21 22:36:13] [CRITICAL] Fan turned ON - Temperature CRITICAL
[2026-09-21 22:36:13] [CRITICAL] Alarm turned ON - Temperature CRITICAL!
[2026-09-21 22:36:13] [INFO] Status changed: NORMAL -> CRITICAL
[2026-09-21 22:36:13] [INFO] Temperature: 40.9C | Status: CRITICAL | Fan: ON | Alarm: ON
[2026-09-21 22:36:14] [INFO] Fan turned OFF
[2026-09-21 22:36:14] [INFO] Alarm turned OFF
[2026-09-21 22:36:14] [INFO] Status changed: CRITICAL -> NORMAL
[2026-09-21 22:36:14] [INFO] Temperature: 19.8C | Status: NORMAL | Fan: OFF | Alarm: OFF
[2026-09-21 22:36:15] [CRITICAL] Fan turned ON - Temperature CRITICAL
[2026-09-21 22:36:15] [CRITICAL] Alarm turned ON - Temperature CRITICAL!
[2026-09-21 22:36:15] [INFO] Status changed: NORMAL -> CRITICAL
[2026-09-21 22:36:15] [INFO] Temperature: 49.3C | Status: CRITICAL | Fan: ON | Alarm: ON
[2026-09-21 22:36:16] [INFO] Fan turned OFF
[2026-09-21 22:36:16] [INFO] Alarm turned OFF
[2026-09-21 22:36:16] [INFO] Status changed: CRITICAL -> NORMAL
[2026-09-21 22:36:16] [INFO] Temperature: 8.7C | Status: NORMAL | Fan: OFF | Alarm: OFF
[2026-09-21 22:36:17] [CRITICAL] Fan turned ON - Temperature CRITICAL
[2026-09-21 22:36:17] [CRITICAL] Alarm turned ON - Temperature CRITICAL!
[2026-09-21 22:36:17] [INFO] Status changed: NORMAL -> CRITICAL
[2026-09-21 22:36:17] [INFO] Temperature: 45.6C | Status: CRITICAL | Fan: ON | Alarm: ON
[2026-09-21 22:36:18] [INFO] Fan turned OFF
[2026-09-21 22:36:18] [INFO] Alarm turned OFF
[2026-09-21 22:36:18] [INFO] Status changed: CRITICAL -> NORMAL
[2026-09-21 22:36:18] [INFO] Temperature: 19.1C | Status: NORMAL | Fan: OFF | Alarm: OFF
[2026-09-21 22:36:19] [CRITICAL] Fan turned ON - Temperature CRITICAL
[2026-09-21 22:36:19] [CRITICAL] Alarm turned ON - Temperature CRITICAL!
[2026-09-21 22:36:19] [INFO] Status changed: NORMAL -> CRITICAL
[2026-09-21 22:36:19] [INFO] Temperature: 41.4C | Status: CRITICAL | Fan: ON | Alarm: ON
[2026-09-21 22:36:20] [INFO] Temperature: 58.7C | Status: CRITICAL | Fan: ON | Alarm: ON
[2026-09-21 22:36:21] [INFO] Temperature: 56.8C | Status: CRITICAL | Fan: ON | Alarm: ON
[2026-09-21 22:36:22] [INFO] Fan turned OFF
[2026-09-21 22:36:22] [INFO] Alarm turned OFF
[2026-09-21 22:36:22] [INFO] Status changed: CRITICAL -> NORMAL
[2026-09-21 22:36:22] [INFO] Temperature: 26.5C | Status: NORMAL | Fan: OFF | Alarm: OFF
[2026-09-21 22:36:23] [CRITICAL] Fan turned ON - Temperature CRITICAL
[2026-09-21 22:36:23] [CRITICAL] Alarm turned ON - Temperature CRITICAL!
[2026-09-21 22:36:23] [INFO] Status changed: NORMAL -> CRITICAL
[2026-09-21 22:36:23] [INFO] Temperature: 52.4C | Status: CRITICAL | Fan: ON | Alarm: ON
[2026-09-21 22:36:24] [INFO] Temperature: 48.6C | Status: CRITICAL | Fan: ON | Alarm: ON
[2026-09-21 22:36:25] [INFO] Alarm turned OFF
[2026-09-21 22:36:25] [INFO] Status changed: CRITICAL -> WARNING
[2026-09-21 22:36:25] [INFO] Temperature: 39.1C | Status: WARNING | Fan: ON | Alarm: OFF
[2026-09-21 22:36:26] [INFO] Fan turned OFF
[2026-09-21 22:36:26] [INFO] Status changed: WARNING -> NORMAL
[2026-09-21 22:36:26] [INFO] Temperature: 13.9C | Status: NORMAL | Fan: OFF | Alarm: OFF
[2026-09-21 22:36:27] [INFO] Temperature: 10.7C | Status: NORMAL | Fan: OFF | Alarm: OFF
[2026-09-21 22:36:28] [CRITICAL] Fan turned ON - Temperature CRITICAL
[2026-09-21 22:36:28] [CRITICAL] Alarm turned ON - Temperature CRITICAL!
[2026-09-21 22:36:28] [INFO] Status changed: NORMAL -> CRITICAL
[2026-09-21 22:36:28] [INFO] Temperature: 45.7C | Status: CRITICAL | Fan: ON | Alarm: ON
[2026-09-21 22:36:29] [INFO] Fan turned OFF
[2026-09-21 22:36:29] [INFO] Alarm turned OFF
[2026-09-21 22:36:29] [INFO] Status changed: CRITICAL -> NORMAL
[2026-09-21 22:36:29] [INFO] Temperature: 23.4C | Status: NORMAL | Fan: OFF | Alarm: OFF
[2026-09-21 22:36:30] [INFO] Temperature: 21.4C | Status: NORMAL | Fan: OFF | Alarm: OFF
[2026-09-21 22:36:31] [INFO] Temperature: 10.7C | Status: NORMAL | Fan: OFF | Alarm: OFF
[2026-09-21 22:36:32] [CRITICAL] Fan turned ON - Temperature CRITICAL
[2026-09-21 22:36:32] [CRITICAL] Alarm turned ON - Temperature CRITICAL!
[2026-09-21 22:36:32] [INFO] Status changed: NORMAL -> CRITICAL
[2026-09-21 22:36:32] [INFO] Temperature: 49.4C | Status: CRITICAL | Fan: ON | Alarm: ON
[2026-09-21 22:36:33] [INFO] Fan turned OFF
[2026-09-21 22:36:33] [INFO] Alarm turned OFF
[2026-09-21 22:36:33] [INFO] Status changed: CRITICAL -> NORMAL
[2026-09-21 22:36:33] [INFO] Temperature: 7.7C | Status: NORMAL | Fan: OFF | Alarm: OFF
[2026-09-21 22:36:34] [INFO] Temperature: 24.8C | Status: NORMAL | Fan: OFF | Alarm: OFF
[2026-09-21 22:36:35] [CRITICAL] Fan turned ON - Temperature CRITICAL
[2026-09-21 22:36:35] [CRITICAL] Alarm turned ON - Temperature CRITICAL!
[2026-09-21 22:36:35] [INFO] Status changed: NORMAL -> CRITICAL
[2026-09-21 22:36:35] [INFO] Temperature: 40.3C | Status: CRITICAL | Fan: ON | Alarm: ON
[2026-09-21 22:36:36] [INFO] Temperature: 59.4C | Status: CRITICAL | Fan: ON | Alarm: ON
[2026-09-21 22:36:37] [INFO] Temperature: 46.2C | Status: CRITICAL | Fan: ON | Alarm: ON
[2026-09-21 22:36:38] [INFO] Temperature: 46.6C | Status: CRITICAL | Fan: ON | Alarm: ON
[2026-09-21 22:36:40] [INFO] Fan turned OFF
[2026-09-21 22:36:40] [INFO] Alarm turned OFF
[2026-09-21 22:36:40] [INFO] Status changed: CRITICAL -> NORMAL
[2026-09-21 22:36:40] [INFO] Temperature: 17.7C | Status: NORMAL | Fan: OFF | Alarm: OFF
[2026-09-21 22:36:41] [WARNING] Fan turned ON - Temperature WARNING
[2026-09-21 22:36:41] [INFO] Status changed: NORMAL -> WARNING
[2026-09-21 22:36:41] [INFO] Temperature: 38.9C | Status: WARNING | Fan: ON | Alarm: OFF
[2026-09-21 22:36:42] [INFO] Fan turned OFF
[2026-09-21 22:36:42] [INFO] Status changed: WARNING -> NORMAL
[2026-09-21 22:36:42] [INFO] Temperature: 9.9C | Status: NORMAL | Fan: OFF | Alarm: OFF
[2026-09-21 22:36:43] [INFO] Temperature: 2.4C | Status: NORMAL | Fan: OFF | Alarm: OFF
[2026-09-21 22:36:44] [CRITICAL] Fan turned ON - Temperature CRITICAL
[2026-09-21 22:36:44] [CRITICAL] Alarm turned ON - Temperature CRITICAL!
[2026-09-21 22:36:44] [INFO] Status changed: NORMAL -> CRITICAL
[2026-09-21 22:36:44] [INFO] Temperature: 52.0C | Status: CRITICAL | Fan: ON | Alarm: ON
[2026-09-21 22:36:45] [INFO] Fan turned OFF
[2026-09-21 22:36:45] [INFO] Alarm turned OFF
[2026-09-21 22:36:45] [INFO] Status changed: CRITICAL -> NORMAL
[2026-09-21 22:36:45] [INFO] Temperature: 2.6C | Status: NORMAL | Fan: OFF | Alarm: OFF
[2026-09-21 22:36:46] [INFO] Temperature: 21.0C | Status: NORMAL | Fan: OFF | Alarm: OFF
[2026-09-21 22:36:47] [CRITICAL] Fan turned ON - Temperature CRITICAL
[2026-09-21 22:36:47] [CRITICAL] Alarm turned ON - Temperature CRITICAL!
[2026-09-21 22:36:47] [INFO] Status changed: NORMAL -> CRITICAL
[2026-09-21 22:36:47] [INFO] Temperature: 53.1C | Status: CRITICAL | Fan: ON | Alarm: ON
[2026-09-21 22:36:48] [INFO] Fan turned OFF
[2026-09-21 22:36:48] [INFO] Alarm turned OFF
[2026-09-21 22:36:48] [INFO] Status changed: CRITICAL -> NORMAL
[2026-09-21 22:36:48] [INFO] Temperature: 16.3C | Status: NORMAL | Fan: OFF | Alarm: OFF
[2026-09-21 22:36:49] [CRITICAL] Fan turned ON - Temperature CRITICAL
[2026-09-21 22:36:49] [CRITICAL] Alarm turned ON - Temperature CRITICAL!
[2026-09-21 22:36:49] [INFO] Status changed: NORMAL -> CRITICAL
[2026-09-21 22:36:49] [INFO] Temperature: 44.7C | Status: CRITICAL | Fan: ON | Alarm: ON
[2026-09-21 22:36:50] [INFO] Fan turned OFF
[2026-09-21 22:36:50] [INFO] Alarm turned OFF
[2026-09-21 22:36:50] [INFO] Status changed: CRITICAL -> NORMAL
[2026-09-21 22:36:50] [INFO] Temperature: 29.6C | Status: NORMAL | Fan: OFF | Alarm: OFF
[2026-09-21 22:36:51] [CRITICAL] Fan turned ON - Temperature CRITICAL
[2026-09-21 22:36:51] [CRITICAL] Alarm turned ON - Temperature CRITICAL!
[2026-09-21 22:36:51] [INFO] Status changed: NORMAL -> CRITICAL
[2026-09-21 22:36:51] [INFO] Temperature: 49.6C | Status: CRITICAL | Fan: ON | Alarm: ON
[2026-09-21 22:36:52] [INFO] Fan turned OFF
[2026-09-21 22:36:52] [INFO] Alarm turned OFF
[2026-09-21 22:36:52] [INFO] Status changed: CRITICAL -> NORMAL
[2026-09-21 22:36:52] [INFO] Temperature: 11.0C | Status: NORMAL | Fan: OFF | Alarm: OFF
[2026-09-21 22:36:53] [INFO] Temperature: 6.5C | Status: NORMAL | Fan: OFF | Alarm: OFF
[2026-09-21 22:36:54] [CRITICAL] Fan turned ON - Temperature CRITICAL
[2026-09-21 22:36:54] [CRITICAL] Alarm turned ON - Temperature CRITICAL!
[2026-09-21 22:36:54] [INFO] Status changed: NORMAL -> CRITICAL
[2026-09-21 22:36:54] [INFO] Temperature: 52.4C | Status: CRITICAL | Fan: ON | Alarm: ON
[2026-09-21 22:36:55] [INFO] Fan turned OFF
[2026-09-21 22:36:55] [INFO] Alarm turned OFF
[2026-09-21 22:36:55] [INFO] Status changed: CRITICAL -> NORMAL
[2026-09-21 22:36:55] [INFO] Temperature: 17.7C | Status: NORMAL | Fan: OFF | Alarm: OFF
[2026-09-21 22:36:56] [CRITICAL] Fan turned ON - Temperature CRITICAL
[2026-09-21 22:36:56] [CRITICAL] Alarm turned ON - Temperature CRITICAL!
[2026-09-21 22:36:56] [INFO] Status changed: NORMAL -> CRITICAL
[2026-09-21 22:36:56] [INFO] Temperature: 43.4C | Status: CRITICAL | Fan: ON | Alarm: ON
[2026-09-21 22:36:57] [INFO] Fan turned OFF
[2026-09-21 22:36:57] [INFO] Alarm turned OFF
[2026-09-21 22:36:57] [INFO] Status changed: CRITICAL -> NORMAL
[2026-09-21 22:36:57] [INFO] Temperature: 6.9C | Status: NORMAL | Fan: OFF | Alarm: OFF
[2026-09-21 22:36:58] [INFO] Temperature: 2.9C | Status: NORMAL | Fan: OFF | Alarm: OFF
[2026-09-21 22:36:59] [INFO] Temperature: 18.0C | Status: NORMAL | Fan: OFF | Alarm: OFF
[2026-09-21 22:37:00] [INFO] Temperature: 24.9C | Status: NORMAL | Fan: OFF | Alarm: OFF
[2026-09-21 22:37:01] [WARNING] Fan turned ON - Temperature WARNING
[2026-09-21 22:37:01] [INFO] Status changed: NORMAL -> WARNING
[2026-09-21 22:37:01] [INFO] Temperature: 31.9C | Status: WARNING | Fan: ON | Alarm: OFF
[2026-09-21 22:37:02] [CRITICAL] Alarm turned ON - Temperature CRITICAL!
[2026-09-21 22:37:02] [INFO] Status changed: WARNING -> CRITICAL
[2026-09-21 22:37:02] [INFO] Temperature: 60.0C | Status: CRITICAL | Fan: ON | Alarm: ON
[2026-09-21 22:37:03] [INFO] Fan turned OFF
[2026-09-21 22:37:03] [INFO] Alarm turned OFF
[2026-09-21 22:37:03] [INFO] Status changed: CRITICAL -> NORMAL
[2026-09-21 22:37:03] [INFO] Temperature: 11.7C | Status: NORMAL | Fan: OFF | Alarm: OFF
[2026-09-21 22:37:04] [CRITICAL] Fan turned ON - Temperature CRITICAL
[2026-09-21 22:37:04] [CRITICAL] Alarm turned ON - Temperature CRITICAL!
[2026-09-21 22:37:04] [INFO] Status changed: NORMAL -> CRITICAL
[2026-09-21 22:37:04] [INFO] Temperature: 58.9C | Status: CRITICAL | Fan: ON | Alarm: ON
[2026-09-21 22:37:05] [INFO] Fan turned OFF
[2026-09-21 22:37:05] [INFO] Alarm turned OFF
[2026-09-21 22:37:05] [INFO] Status changed: CRITICAL -> NORMAL
[2026-09-21 22:37:05] [INFO] Temperature: 5.4C | Status: NORMAL | Fan: OFF | Alarm: OFF
[2026-09-21 22:37:06] [CRITICAL] Fan turned ON - Temperature CRITICAL
[2026-09-21 22:37:06] [CRITICAL] Alarm turned ON - Temperature CRITICAL!
[2026-09-21 22:37:06] [INFO] Status changed: NORMAL -> CRITICAL
[2026-09-21 22:37:06] [INFO] Temperature: 47.0C | Status: CRITICAL | Fan: ON | Alarm: ON
[2026-09-21 22:37:07] [INFO] Fan turned OFF
[2026-09-21 22:37:07] [INFO] Alarm turned OFF
[2026-09-21 22:37:07] [INFO] Status changed: CRITICAL -> NORMAL
[2026-09-21 22:37:07] [INFO] Temperature: 22.7C | Status: NORMAL | Fan: OFF | Alarm: OFF
[2026-09-21 22:37:08] [WARNING] Fan turned ON - Temperature WARNING
[2026-09-21 22:37:08] [INFO] Status changed: NORMAL -> WARNING
[2026-09-21 22:37:08] [INFO] Temperature: 32.5C | Status: WARNING | Fan: ON | Alarm: OFF
[2026-09-21 22:37:09] [INFO] Fan turned OFF
[2026-09-21 22:37:09] [INFO] Status changed: WARNING -> NORMAL
[2026-09-21 22:37:09] [INFO] Temperature: 26.2C | Status: NORMAL | Fan: OFF | Alarm: OFF
[2026-09-21 22:37:10] [CRITICAL] Fan turned ON - Temperature CRITICAL
[2026-09-21 22:37:10] [CRITICAL] Alarm turned ON - Temperature CRITICAL!
[2026-09-21 22:37:10] [INFO] Status changed: NORMAL -> CRITICAL
[2026-09-21 22:37:10] [INFO] Temperature: 58.0C | Status: CRITICAL | Fan: ON | Alarm: ON
[2026-09-21 22:37:11] [INFO] Fan turned OFF
[2026-09-21 22:37:11] [INFO] Alarm turned OFF
[2026-09-21 22:37:11] [INFO] Status changed: CRITICAL -> NORMAL
[2026-09-21 22:37:11] [INFO] Temperature: 8.7C | Status: NORMAL | Fan: OFF | Alarm: OFF
[2026-09-21 22:37:13] [CRITICAL] Fan turned ON - Temperature CRITICAL
[2026-09-21 22:37:13] [CRITICAL] Alarm turned ON - Temperature CRITICAL!
[2026-09-21 22:37:13] [INFO] Status changed: NORMAL -> CRITICAL
[2026-09-21 22:37:13] [INFO] Temperature: 58.7C | Status: CRITICAL | Fan: ON | Alarm: ON
[2026-09-21 22:37:14] [INFO] Fan turned OFF
[2026-09-21 22:37:14] [INFO] Alarm turned OFF
[2026-09-21 22:37:14] [INFO] Status changed: CRITICAL -> NORMAL
[2026-09-21 22:37:14] [INFO] Temperature: 11.1C | Status: NORMAL | Fan: OFF | Alarm: OFF
[2026-09-21 22:37:15] [CRITICAL] Fan turned ON - Temperature CRITICAL
[2026-09-21 22:37:15] [CRITICAL] Alarm turned ON - Temperature CRITICAL!
[2026-09-21 22:37:15] [INFO] Status changed: NORMAL -> CRITICAL
[2026-09-21 22:37:15] [INFO] Temperature: 53.6C | Status: CRITICAL | Fan: ON | Alarm: ON
[2026-09-21 22:37:16] [INFO] Alarm turned OFF
[2026-09-21 22:37:16] [INFO] Status changed: CRITICAL -> WARNING
[2026-09-21 22:37:16] [INFO] Temperature: 33.1C | Status: WARNING | Fan: ON | Alarm: OFF
[2026-09-21 22:37:17] [INFO] Fan turned OFF
[2026-09-21 22:37:17] [INFO] Status changed: WARNING -> NORMAL
[2026-09-21 22:37:17] [INFO] Temperature: 13.4C | Status: NORMAL | Fan: OFF | Alarm: OFF
[2026-09-21 22:37:18] [CRITICAL] Fan turned ON - Temperature CRITICAL
[2026-09-21 22:37:18] [CRITICAL] Alarm turned ON - Temperature CRITICAL!
[2026-09-21 22:37:18] [INFO] Status changed: NORMAL -> CRITICAL
[2026-09-21 22:37:18] [INFO] Temperature: 59.8C | Status: CRITICAL | Fan: ON | Alarm: ON
[2026-09-21 22:37:19] [INFO] Fan turned OFF
[2026-09-21 22:37:19] [INFO] Alarm turned OFF
[2026-09-21 22:37:19] [INFO] Status changed: CRITICAL -> NORMAL
[2026-09-21 22:37:19] [INFO] Temperature: 26.6C | Status: NORMAL | Fan: OFF | Alarm: OFF
[2026-09-21 22:37:20] [INFO] Temperature: 6.4C | Status: NORMAL | Fan: OFF | Alarm: OFF
[2026-09-21 22:37:21] [CRITICAL] Fan turned ON - Temperature CRITICAL
[2026-09-21 22:37:21] [CRITICAL] Alarm turned ON - Temperature CRITICAL!
[2026-09-21 22:37:21] [INFO] Status changed: NORMAL -> CRITICAL
[2026-09-21 22:37:21] [INFO] Temperature: 51.1C | Status: CRITICAL | Fan: ON | Alarm: ON
[2026-09-21 22:37:22] [INFO] Temperature: 47.6C | Status: CRITICAL | Fan: ON | Alarm: ON
[2026-09-21 22:37:23] [INFO] Temperature: 49.0C | Status: CRITICAL | Fan: ON | Alarm: ON
[2026-09-21 22:37:24] [INFO] Fan turned OFF
[2026-09-21 22:37:24] [INFO] Alarm turned OFF
[2026-09-21 22:37:24] [INFO] Status changed: CRITICAL -> NORMAL
[2026-09-21 22:37:24] [INFO] Temperature: 21.7C | Status: NORMAL | Fan: OFF | Alarm: OFF
[2026-09-21 22:37:25] [INFO] Temperature: 3.4C | Status: NORMAL | Fan: OFF | Alarm: OFF
[2026-09-21 22:37:26] [INFO] Temperature: 24.4C | Status: NORMAL | Fan: OFF | Alarm: OFF
[2026-09-21 22:37:27] [CRITICAL] Fan turned ON - Temperature CRITICAL
[2026-09-21 22:37:27] [CRITICAL] Alarm turned ON - Temperature CRITICAL!
[2026-09-21 22:37:27] [INFO] Status changed: NORMAL -> CRITICAL
[2026-09-21 22:37:27] [INFO] Temperature: 53.3C | Status: CRITICAL | Fan: ON | Alarm: ON
[2026-09-21 22:37:28] [INFO] Fan turned OFF
[2026-09-21 22:37:28] [INFO] Alarm turned OFF
[2026-09-21 22:37:28] [INFO] Status changed: CRITICAL -> NORMAL
[2026-09-21 22:37:28] [INFO] Temperature: 24.9C | Status: NORMAL | Fan: OFF | Alarm: OFF
[2026-09-21 22:37:29] [WARNING] Fan turned ON - Temperature WARNING
[2026-09-21 22:37:29] [INFO] Status changed: NORMAL -> WARNING
[2026-09-21 22:37:29] [INFO] Temperature: 32.9C | Status: WARNING | Fan: ON | Alarm: OFF
[2026-09-21 22:37:30] [INFO] Fan turned OFF
[2026-09-21 22:37:30] [INFO] Status changed: WARNING -> NORMAL
[2026-09-21 22:37:30] [INFO] Temperature: 26.3C | Status: NORMAL | Fan: OFF | Alarm: OFF
[2026-09-21 22:37:31] [INFO] Temperature: 13.9C | Status: NORMAL | Fan: OFF | Alarm: OFF
[2026-09-21 22:37:32] [INFO] Temperature: 17.5C | Status: NORMAL | Fan: OFF | Alarm: OFF
[2026-09-21 22:37:33] [INFO] Temperature: 14.8C | Status: NORMAL | Fan: OFF | Alarm: OFF
[2026-09-21 22:37:34] [INFO] Temperature: 8.4C | Status: NORMAL | Fan: OFF | Alarm: OFF
[2026-09-21 22:37:35] [CRITICAL] Fan turned ON - Temperature CRITICAL
[2026-09-21 22:37:35] [CRITICAL] Alarm turned ON - Temperature CRITICAL!
[2026-09-21 22:37:35] [INFO] Status changed: NORMAL -> CRITICAL
[2026-09-21 22:37:35] [INFO] Temperature: 49.7C | Status: CRITICAL | Fan: ON | Alarm: ON
[2026-09-21 22:37:36] [INFO] Alarm turned OFF
[2026-09-21 22:37:36] [INFO] Status changed: CRITICAL -> WARNING
[2026-09-21 22:37:36] [INFO] Temperature: 31.3C | Status: WARNING | Fan: ON | Alarm: OFF
[2026-09-21 22:37:37] [INFO] Fan turned OFF
[2026-09-21 22:37:37] [INFO] Status changed: WARNING -> NORMAL
[2026-09-21 22:37:37] [INFO] Temperature: 21.2C | Status: NORMAL | Fan: OFF | Alarm: OFF
[2026-09-21 22:37:38] [INFO] Temperature: 20.4C | Status: NORMAL | Fan: OFF | Alarm: OFF
[2026-09-21 22:37:39] [INFO] Temperature: 19.7C | Status: NORMAL | Fan: OFF | Alarm: OFF
[2026-09-21 22:37:40] [INFO] Temperature: 4.9C | Status: NORMAL | Fan: OFF | Alarm: OFF
[2026-09-21 22:37:41] [CRITICAL] Fan turned ON - Temperature CRITICAL
[2026-09-21 22:37:41] [CRITICAL] Alarm turned ON - Temperature CRITICAL!
[2026-09-21 22:37:41] [INFO] Status changed: NORMAL -> CRITICAL
[2026-09-21 22:37:41] [INFO] Temperature: 57.2C | Status: CRITICAL | Fan: ON | Alarm: ON
[2026-09-21 22:37:42] [INFO] Alarm turned OFF
[2026-09-21 22:37:42] [INFO] Status changed: CRITICAL -> WARNING
[2026-09-21 22:37:42] [INFO] Temperature: 30.8C | Status: WARNING | Fan: ON | Alarm: OFF
[2026-09-21 22:37:43] [INFO] Fan turned OFF
[2026-09-21 22:37:43] [INFO] Status changed: WARNING -> NORMAL
[2026-09-21 22:37:43] [INFO] Temperature: 13.0C | Status: NORMAL | Fan: OFF | Alarm: OFF
[2026-09-21 22:37:45] [INFO] Temperature: 2.1C | Status: NORMAL | Fan: OFF | Alarm: OFF
[2026-09-21 22:37:46] [WARNING] Fan turned ON - Temperature WARNING
[2026-09-21 22:37:46] [INFO] Status changed: NORMAL -> WARNING
[2026-09-21 22:37:46] [INFO] Temperature: 37.6C | Status: WARNING | Fan: ON | Alarm: OFF
[2026-09-21 22:37:47] [INFO] Fan turned OFF
[2026-09-21 22:37:47] [INFO] Status changed: WARNING -> NORMAL
[2026-09-21 22:37:47] [INFO] Temperature: 2.5C | Status: NORMAL | Fan: OFF | Alarm: OFF
[2026-09-21 22:37:48] [INFO] Temperature: 11.3C | Status: NORMAL | Fan: OFF | Alarm: OFF
[2026-09-21 22:37:49] [INFO] Temperature: 4.0C | Status: NORMAL | Fan: OFF | Alarm: OFF
[2026-09-21 22:37:50] [INFO] Temperature: 8.0C | Status: NORMAL | Fan: OFF | Alarm: OFF
[2026-09-21 22:37:51] [INFO] Temperature: 22.4C | Status: NORMAL | Fan: OFF | Alarm: OFF
[2026-09-21 22:37:52] [CRITICAL] Fan turned ON - Temperature CRITICAL
[2026-09-21 22:37:52] [CRITICAL] Alarm turned ON - Temperature CRITICAL!
[2026-09-21 22:37:52] [INFO] Status changed: NORMAL -> CRITICAL
[2026-09-21 22:37:52] [INFO] Temperature: 47.6C | Status: CRITICAL | Fan: ON | Alarm: ON
[2026-09-21 22:37:53] [INFO] Temperature: 44.3C | Status: CRITICAL | Fan: ON | Alarm: ON
[2026-09-21 22:37:54] [INFO] Alarm turned OFF
[2026-09-21 22:37:54] [INFO] Status changed: CRITICAL -> WARNING
[2026-09-21 22:37:54] [INFO] Temperature: 30.6C | Status: WARNING | Fan: ON | Alarm: OFF
[2026-09-21 22:37:55] [INFO] Fan turned OFF
[2026-09-21 22:37:55] [INFO] Status changed: WARNING -> NORMAL
[2026-09-21 22:37:55] [INFO] Temperature: 1.7C | Status: NORMAL | Fan: OFF | Alarm: OFF
[2026-09-21 22:37:56] [CRITICAL] Fan turned ON - Temperature CRITICAL
[2026-09-21 22:37:56] [CRITICAL] Alarm turned ON - Temperature CRITICAL!
[2026-09-21 22:37:56] [INFO] Status changed: NORMAL -> CRITICAL
[2026-09-21 22:37:56] [INFO] Temperature: 41.8C | Status: CRITICAL | Fan: ON | Alarm: ON
[2026-09-21 22:37:57] [INFO] Fan turned OFF
[2026-09-21 22:37:57] [INFO] Alarm turned OFF
[2026-09-21 22:37:57] [INFO] Status changed: CRITICAL -> NORMAL
[2026-09-21 22:37:57] [INFO] Temperature: 9.8C | Status: NORMAL | Fan: OFF | Alarm: OFF
[2026-09-21 22:37:58] [INFO] Temperature: 23.3C | Status: NORMAL | Fan: OFF | Alarm: OFF
[2026-09-21 22:37:59] [WARNING] Fan turned ON - Temperature WARNING
[2026-09-21 22:37:59] [INFO] Status changed: NORMAL -> WARNING
[2026-09-21 22:37:59] [INFO] Temperature: 36.4C | Status: WARNING | Fan: ON | Alarm: OFF
[2026-09-21 22:38:00] [CRITICAL] Alarm turned ON - Temperature CRITICAL!
[2026-09-21 22:38:00] [INFO] Status changed: WARNING -> CRITICAL
[2026-09-21 22:38:00] [INFO] Temperature: 43.2C | Status: CRITICAL | Fan: ON | Alarm: ON
[2026-09-21 22:38:01] [INFO] Fan turned OFF
[2026-09-21 22:38:01] [INFO] Alarm turned OFF
[2026-09-21 22:38:01] [INFO] Status changed: CRITICAL -> NORMAL
[2026-09-21 22:38:01] [INFO] Temperature: 5.7C | Status: NORMAL | Fan: OFF | Alarm: OFF
[2026-09-21 22:38:02] [WARNING] Fan turned ON - Temperature WARNING
[2026-09-21 22:38:02] [INFO] Status changed: NORMAL -> WARNING
[2026-09-21 22:38:02] [INFO] Temperature: 36.1C | Status: WARNING | Fan: ON | Alarm: OFF
[2026-09-21 22:38:03] [INFO] Fan turned OFF
[2026-09-21 22:38:03] [INFO] Status changed: WARNING -> NORMAL
[2026-09-21 22:38:03] [INFO] Temperature: 5.2C | Status: NORMAL | Fan: OFF | Alarm: OFF
[2026-09-21 22:38:04] [CRITICAL] Fan turned ON - Temperature CRITICAL
[2026-09-21 22:38:04] [CRITICAL] Alarm turned ON - Temperature CRITICAL!
[2026-09-21 22:38:04] [INFO] Status changed: NORMAL -> CRITICAL
[2026-09-21 22:38:04] [INFO] Temperature: 41.2C | Status: CRITICAL | Fan: ON | Alarm: ON
[2026-09-21 22:38:05] [INFO] Alarm turned OFF
[2026-09-21 22:38:05] [INFO] Status changed: CRITICAL -> WARNING
[2026-09-21 22:38:05] [INFO] Temperature: 35.7C | Status: WARNING | Fan: ON | Alarm: OFF
[2026-09-21 22:38:06] [INFO] Fan turned OFF
[2026-09-21 22:38:06] [INFO] Status changed: WARNING -> NORMAL
[2026-09-21 22:38:06] [INFO] Temperature: 4.3C | Status: NORMAL | Fan: OFF | Alarm: OFF
[2026-09-21 22:38:07] [CRITICAL] Fan turned ON - Temperature CRITICAL
[2026-09-21 22:38:07] [CRITICAL] Alarm turned ON - Temperature CRITICAL!
[2026-09-21 22:38:07] [INFO] Status changed: NORMAL -> CRITICAL
[2026-09-21 22:38:07] [INFO] Temperature: 41.2C | Status: CRITICAL | Fan: ON | Alarm: ON
[2026-09-21 22:38:08] [INFO] Alarm turned OFF
[2026-09-21 22:38:08] [INFO] Status changed: CRITICAL -> WARNING
[2026-09-21 22:38:08] [INFO] Temperature: 32.3C | Status: WARNING | Fan: ON | Alarm: OFF
[2026-09-21 22:38:09] [INFO] Fan turned OFF
[2026-09-21 22:38:09] [INFO] Status changed: WARNING -> NORMAL
[2026-09-21 22:38:09] [INFO] Temperature: 24.2C | Status: NORMAL | Fan: OFF | Alarm: OFF
[2026-09-21 22:38:10] [WARNING] Fan turned ON - Temperature WARNING
[2026-09-21 22:38:10] [INFO] Status changed: NORMAL -> WARNING
[2026-09-21 22:38:10] [INFO] Temperature: 32.2C | Status: WARNING | Fan: ON | Alarm: OFF
[2026-09-21 22:38:11] [CRITICAL] Alarm turned ON - Temperature CRITICAL!
[2026-09-21 22:38:11] [INFO] Status changed: WARNING -> CRITICAL
[2026-09-21 22:38:11] [INFO] Temperature: 43.7C | Status: CRITICAL | Fan: ON | Alarm: ON
[2026-09-21 22:38:12] [INFO] Temperature: 41.8C | Status: CRITICAL | Fan: ON | Alarm: ON
[2026-09-21 22:38:13] [INFO] Fan turned OFF
[2026-09-21 22:38:13] [INFO] Alarm turned OFF
[2026-09-21 22:38:13] [INFO] Status changed: CRITICAL -> NORMAL
[2026-09-21 22:38:13] [INFO] Temperature: 26.5C | Status: NORMAL | Fan: OFF | Alarm: OFF
[2026-09-21 22:38:14] [INFO] Temperature: 15.3C | Status: NORMAL | Fan: OFF | Alarm: OFF
[2026-09-21 22:38:15] [CRITICAL] Fan turned ON - Temperature CRITICAL
[2026-09-21 22:38:15] [CRITICAL] Alarm turned ON - Temperature CRITICAL!
[2026-09-21 22:38:15] [INFO] Status changed: NORMAL -> CRITICAL
[2026-09-21 22:38:15] [INFO] Temperature: 54.4C | Status: CRITICAL | Fan: ON | Alarm: ON
[2026-09-21 22:38:16] [INFO] Alarm turned OFF
[2026-09-21 22:38:16] [INFO] Status changed: CRITICAL -> WARNING
[2026-09-21 22:38:16] [INFO] Temperature: 30.4C | Status: WARNING | Fan: ON | Alarm: OFF
[2026-09-21 22:38:17] [INFO] Fan turned OFF
[2026-09-21 22:38:17] [INFO] Status changed: WARNING -> NORMAL
[2026-09-21 22:38:17] [INFO] Temperature: 4.6C | Status: NORMAL | Fan: OFF | Alarm: OFF
[2026-09-21 22:38:19] [INFO] Temperature: 29.4C | Status: NORMAL | Fan: OFF | Alarm: OFF
[2026-09-21 22:38:20] [CRITICAL] Fan turned ON - Temperature CRITICAL
[2026-09-21 22:38:20] [CRITICAL] Alarm turned ON - Temperature CRITICAL!
[2026-09-21 22:38:20] [INFO] Status changed: NORMAL -> CRITICAL
[2026-09-21 22:38:20] [INFO] Temperature: 52.7C | Status: CRITICAL | Fan: ON | Alarm: ON
[2026-09-21 22:38:21] [INFO] Alarm turned OFF
[2026-09-21 22:38:21] [INFO] Status changed: CRITICAL -> WARNING
[2026-09-21 22:38:21] [INFO] Temperature: 34.6C | Status: WARNING | Fan: ON | Alarm: OFF
[2026-09-21 22:38:22] [INFO] Fan turned OFF
[2026-09-21 22:38:22] [INFO] Status changed: WARNING -> NORMAL
[2026-09-21 22:38:22] [INFO] Temperature: 17.9C | Status: NORMAL | Fan: OFF | Alarm: OFF
[2026-09-21 22:38:23] [CRITICAL] Fan turned ON - Temperature CRITICAL
[2026-09-21 22:38:23] [CRITICAL] Alarm turned ON - Temperature CRITICAL!
[2026-09-21 22:38:23] [INFO] Status changed: NORMAL -> CRITICAL
[2026-09-21 22:38:23] [INFO] Temperature: 49.7C | Status: CRITICAL | Fan: ON | Alarm: ON
[2026-09-21 22:38:24] [INFO] Alarm turned OFF
[2026-09-21 22:38:24] [INFO] Status changed: CRITICAL -> WARNING
[2026-09-21 22:38:24] [INFO] Temperature: 32.7C | Status: WARNING | Fan: ON | Alarm: OFF
[2026-09-21 22:38:25] [INFO] Fan turned OFF
[2026-09-21 22:38:25] [INFO] Status changed: WARNING -> NORMAL
[2026-09-21 22:38:25] [INFO] Temperature: 14.9C | Status: NORMAL | Fan: OFF | Alarm: OFF
[2026-09-21 22:38:26] [CRITICAL] Fan turned ON - Temperature CRITICAL
[2026-09-21 22:38:26] [CRITICAL] Alarm turned ON - Temperature CRITICAL!
[2026-09-21 22:38:26] [INFO] Status changed: NORMAL -> CRITICAL
[2026-09-21 22:38:26] [INFO] Temperature: 48.3C | Status: CRITICAL | Fan: ON | Alarm: ON
[2026-09-21 22:38:27] [INFO] Temperature: 58.2C | Status: CRITICAL | Fan: ON | Alarm: ON
[2026-09-21 22:38:28] [INFO] Alarm turned OFF
[2026-09-21 22:38:28] [INFO] Status changed: CRITICAL -> WARNING
[2026-09-21 22:38:28] [INFO] Temperature: 31.8C | Status: WARNING | Fan: ON | Alarm: OFF
[2026-09-21 22:38:29] [CRITICAL] Alarm turned ON - Temperature CRITICAL!
[2026-09-21 22:38:29] [INFO] Status changed: WARNING -> CRITICAL
[2026-09-21 22:38:29] [INFO] Temperature: 47.4C | Status: CRITICAL | Fan: ON | Alarm: ON
[2026-09-21 22:38:30] [INFO] Fan turned OFF
[2026-09-21 22:38:30] [INFO] Alarm turned OFF
[2026-09-21 22:38:30] [INFO] Status changed: CRITICAL -> NORMAL
[2026-09-21 22:38:30] [INFO] Temperature: 8.9C | Status: NORMAL | Fan: OFF | Alarm: OFF
[2026-09-21 22:38:31] [CRITICAL] Fan turned ON - Temperature CRITICAL
[2026-09-21 22:38:31] [CRITICAL] Alarm turned ON - Temperature CRITICAL!
[2026-09-21 22:38:31] [INFO] Status changed: NORMAL -> CRITICAL
[2026-09-21 22:38:31] [INFO] Temperature: 41.2C | Status: CRITICAL | Fan: ON | Alarm: ON
[2026-09-21 22:38:32] [INFO] Fan turned OFF
[2026-09-21 22:38:32] [INFO] Alarm turned OFF
[2026-09-21 22:38:32] [INFO] Status changed: CRITICAL -> NORMAL
[2026-09-21 22:38:32] [INFO] Temperature: 0.7C | Status: NORMAL | Fan: OFF | Alarm: OFF
[2026-09-21 22:38:33] [INFO] Temperature: 5.8C | Status: NORMAL | Fan: OFF | Alarm: OFF
[2026-09-21 22:38:34] [INFO] Temperature: 13.5C | Status: NORMAL | Fan: OFF | Alarm: OFF
[2026-09-21 22:38:35] [INFO] Temperature: 24.9C | Status: NORMAL | Fan: OFF | Alarm: OFF
[2026-09-21 22:38:36] [CRITICAL] Fan turned ON - Temperature CRITICAL
[2026-09-21 22:38:36] [CRITICAL] Alarm turned ON - Temperature CRITICAL!
[2026-09-21 22:38:36] [INFO] Status changed: NORMAL -> CRITICAL
[2026-09-21 22:38:36] [INFO] Temperature: 43.1C | Status: CRITICAL | Fan: ON | Alarm: ON
[2026-09-21 22:38:37] [INFO] Fan turned OFF
[2026-09-21 22:38:37] [INFO] Alarm turned OFF
[2026-09-21 22:38:37] [INFO] Status changed: CRITICAL -> NORMAL
[2026-09-21 22:38:37] [INFO] Temperature: 10.3C | Status: NORMAL | Fan: OFF | Alarm: OFF
[2026-09-21 22:38:38] [WARNING] Fan turned ON - Temperature WARNING
[2026-09-21 22:38:38] [INFO] Status changed: NORMAL -> WARNING
[2026-09-21 22:38:38] [INFO] Temperature: 32.2C | Status: WARNING | Fan: ON | Alarm: OFF
[2026-09-21 22:38:39] [CRITICAL] Alarm turned ON - Temperature CRITICAL!
[2026-09-21 22:38:39] [INFO] Status changed: WARNING -> CRITICAL
[2026-09-21 22:38:39] [INFO] Temperature: 41.8C | Status: CRITICAL | Fan: ON | Alarm: ON
[2026-09-21 22:38:40] [INFO] Fan turned OFF
[2026-09-21 22:38:40] [INFO] Alarm turned OFF
[2026-09-21 22:38:40] [INFO] Status changed: CRITICAL -> NORMAL
[2026-09-21 22:38:40] [INFO] Temperature: 7.9C | Status: NORMAL | Fan: OFF | Alarm: OFF
[2026-09-21 22:38:41] [CRITICAL] Fan turned ON - Temperature CRITICAL
[2026-09-21 22:38:41] [CRITICAL] Alarm turned ON - Temperature CRITICAL!
[2026-09-21 22:38:41] [INFO] Status changed: NORMAL -> CRITICAL
[2026-09-21 22:38:41] [INFO] Temperature: 56.1C | Status: CRITICAL | Fan: ON | Alarm: ON
[2026-09-21 22:38:42] [INFO] Alarm turned OFF
[2026-09-21 22:38:42] [INFO] Status changed: CRITICAL -> WARNING
[2026-09-21 22:38:42] [INFO] Temperature: 35.2C | Status: WARNING | Fan: ON | Alarm: OFF
[2026-09-21 22:38:43] [INFO] Fan turned OFF
[2026-09-21 22:38:43] [INFO] Status changed: WARNING -> NORMAL
[2026-09-21 22:38:43] [INFO] Temperature: 20.9C | Status: NORMAL | Fan: OFF | Alarm: OFF
[2026-09-21 22:38:44] [CRITICAL] Fan turned ON - Temperature CRITICAL
[2026-09-21 22:38:44] [CRITICAL] Alarm turned ON - Temperature CRITICAL!
[2026-09-21 22:38:44] [INFO] Status changed: NORMAL -> CRITICAL
[2026-09-21 22:38:44] [INFO] Temperature: 41.1C | Status: CRITICAL | Fan: ON | Alarm: ON
[2026-09-21 22:38:45] [INFO] Temperature: 50.4C | Status: CRITICAL | Fan: ON | Alarm: ON
[2026-09-21 22:38:46] [INFO] Fan turned OFF
[2026-09-21 22:38:46] [INFO] Alarm turned OFF
[2026-09-21 22:38:46] [INFO] Status changed: CRITICAL -> NORMAL
[2026-09-21 22:38:46] [INFO] Temperature: 5.5C | Status: NORMAL | Fan: OFF | Alarm: OFF
[2026-09-21 22:38:47] [INFO] Temperature: 16.9C | Status: NORMAL | Fan: OFF | Alarm: OFF
[2026-09-21 22:38:48] [WARNING] Fan turned ON - Temperature WARNING
[2026-09-21 22:38:48] [INFO] Status changed: NORMAL -> WARNING
[2026-09-21 22:38:48] [INFO] Temperature: 33.9C | Status: WARNING | Fan: ON | Alarm: OFF
[2026-09-21 22:38:49] [INFO] Fan turned OFF
[2026-09-21 22:38:49] [INFO] Status changed: WARNING -> NORMAL
[2026-09-21 22:38:49] [INFO] Temperature: 24.0C | Status: NORMAL | Fan: OFF | Alarm: OFF
[2026-09-21 22:38:50] [INFO] Temperature: 22.8C | Status: NORMAL | Fan: OFF | Alarm: OFF
[2026-09-21 22:38:51] [INFO] Temperature: 4.0C | Status: NORMAL | Fan: OFF | Alarm: OFF
[2026-09-21 22:38:52] [CRITICAL] Fan turned ON - Temperature CRITICAL
[2026-09-21 22:38:52] [CRITICAL] Alarm turned ON - Temperature CRITICAL!
[2026-09-21 22:38:52] [INFO] Status changed: NORMAL -> CRITICAL
[2026-09-21 22:38:52] [INFO] Temperature: 58.0C | Status: CRITICAL | Fan: ON | Alarm: ON
[2026-09-21 22:38:53] [INFO] Alarm turned OFF
[2026-09-21 22:38:53] [INFO] Status changed: CRITICAL -> WARNING
[2026-09-21 22:38:53] [INFO] Temperature: 34.2C | Status: WARNING | Fan: ON | Alarm: OFF
[2026-09-21 22:38:54] [INFO] Temperature: 37.1C | Status: WARNING | Fan: ON | Alarm: OFF
[2026-09-21 22:38:55] [INFO] Fan turned OFF
[2026-09-21 22:38:55] [INFO] Status changed: WARNING -> NORMAL
[2026-09-21 22:38:55] [INFO] Temperature: 7.5C | Status: NORMAL | Fan: OFF | Alarm: OFF
[2026-09-21 22:38:56] [INFO] Temperature: 10.1C | Status: NORMAL | Fan: OFF | Alarm: OFF
[2026-09-21 22:38:57] [WARNING] Fan turned ON - Temperature WARNING
[2026-09-21 22:38:57] [INFO] Status changed: NORMAL -> WARNING
[2026-09-21 22:38:57] [INFO] Temperature: 31.6C | Status: WARNING | Fan: ON | Alarm: OFF
[2026-09-21 22:38:58] [INFO] Fan turned OFF
[2026-09-21 22:38:58] [INFO] Status changed: WARNING -> NORMAL
[2026-09-21 22:38:58] [INFO] Temperature: 3.1C | Status: NORMAL | Fan: OFF | Alarm: OFF
[2026-09-21 22:39:00] [WARNING] Fan turned ON - Temperature WARNING
[2026-09-21 22:39:00] [INFO] Status changed: NORMAL -> WARNING
[2026-09-21 22:39:00] [INFO] Temperature: 34.8C | Status: WARNING | Fan: ON | Alarm: OFF
[2026-09-21 22:39:01] [INFO] Fan turned OFF
[2026-09-21 22:39:01] [INFO] Status changed: WARNING -> NORMAL
[2026-09-21 22:39:01] [INFO] Temperature: 29.9C | Status: NORMAL | Fan: OFF | Alarm: OFF
[2026-09-21 22:39:02] [INFO] Temperature: 16.7C | Status: NORMAL | Fan: OFF | Alarm: OFF
[2026-09-21 22:39:03] [INFO] Temperature: 19.0C | Status: NORMAL | Fan: OFF | Alarm: OFF
[2026-09-21 22:39:04] [INFO] Temperature: 0.5C | Status: NORMAL | Fan: OFF | Alarm: OFF
[2026-09-21 22:39:05] [CRITICAL] Fan turned ON - Temperature CRITICAL
[2026-09-21 22:39:05] [CRITICAL] Alarm turned ON - Temperature CRITICAL!
[2026-09-21 22:39:05] [INFO] Status changed: NORMAL -> CRITICAL
[2026-09-21 22:39:05] [INFO] Temperature: 47.1C | Status: CRITICAL | Fan: ON | Alarm: ON
[2026-09-21 22:39:06] [INFO] Fan turned OFF
[2026-09-21 22:39:06] [INFO] Alarm turned OFF
[2026-09-21 22:39:06] [INFO] Status changed: CRITICAL -> NORMAL
[2026-09-21 22:39:06] [INFO] Temperature: 8.9C | Status: NORMAL | Fan: OFF | Alarm: OFF
[2026-09-21 22:39:07] [INFO] Temperature: 2.3C | Status: NORMAL | Fan: OFF | Alarm: OFF
[2026-09-21 22:39:08] [WARNING] Fan turned ON - Temperature WARNING
[2026-09-21 22:39:08] [INFO] Status changed: NORMAL -> WARNING
[2026-09-21 22:39:08] [INFO] Temperature: 32.0C | Status: WARNING | Fan: ON | Alarm: OFF
[2026-09-21 22:39:09] [INFO] Temperature: 31.8C | Status: WARNING | Fan: ON | Alarm: OFF
[2026-09-21 22:39:10] [INFO] Temperature: 39.1C | Status: WARNING | Fan: ON | Alarm: OFF
[2026-09-21 22:39:11] [CRITICAL] Alarm turned ON - Temperature CRITICAL!
[2026-09-21 22:39:11] [INFO] Status changed: WARNING -> CRITICAL
[2026-09-21 22:39:11] [INFO] Temperature: 42.1C | Status: CRITICAL | Fan: ON | Alarm: ON
[2026-09-21 22:39:12] [INFO] Alarm turned OFF
[2026-09-21 22:39:12] [INFO] Status changed: CRITICAL -> WARNING
[2026-09-21 22:39:12] [INFO] Temperature: 38.4C | Status: WARNING | Fan: ON | Alarm: OFF
[2026-09-21 22:39:13] [INFO] Fan turned OFF
[2026-09-21 22:39:13] [INFO] Status changed: WARNING -> NORMAL
[2026-09-21 22:39:13] [INFO] Temperature: 7.9C | Status: NORMAL | Fan: OFF | Alarm: OFF
[2026-09-21 22:39:14] [CRITICAL] Fan turned ON - Temperature CRITICAL
[2026-09-21 22:39:14] [CRITICAL] Alarm turned ON - Temperature CRITICAL!
[2026-09-21 22:39:14] [INFO] Status changed: NORMAL -> CRITICAL
[2026-09-21 22:39:14] [INFO] Temperature: 59.5C | Status: CRITICAL | Fan: ON | Alarm: ON
[2026-09-21 22:39:15] [INFO] Fan turned OFF
[2026-09-21 22:39:15] [INFO] Alarm turned OFF
[2026-09-21 22:39:15] [INFO] Status changed: CRITICAL -> NORMAL
[2026-09-21 22:39:15] [INFO] Temperature: 5.3C | Status: NORMAL | Fan: OFF | Alarm: OFF
[2026-09-21 22:39:16] [INFO] Temperature: 14.0C | Status: NORMAL | Fan: OFF | Alarm: OFF
[2026-09-21 22:39:17] [CRITICAL] Fan turned ON - Temperature CRITICAL
[2026-09-21 22:39:17] [CRITICAL] Alarm turned ON - Temperature CRITICAL!
[2026-09-21 22:39:17] [INFO] Status changed: NORMAL -> CRITICAL
[2026-09-21 22:39:17] [INFO] Temperature: 50.1C | Status: CRITICAL | Fan: ON | Alarm: ON
[2026-09-21 22:39:18] [WARNING] Sensor transient fault detected (Count: 1/3) - Raw value: 120.0C - Holding last valid state
[2026-09-21 22:39:19] [INFO] Sensor recovered after 0 fault cycle(s) - Resuming normal operation
[2026-09-21 22:39:19] [INFO] Fan turned OFF
[2026-09-21 22:39:19] [INFO] Alarm turned OFF
[2026-09-21 22:39:19] [INFO] Status changed: SENSOR_ERROR -> NORMAL
[2026-09-21 22:39:19] [INFO] Temperature: 10.0C | Status: NORMAL | Fan: OFF | Alarm: OFF
[2026-09-21 22:39:20] [INFO] Temperature: 25.7C | Status: NORMAL | Fan: OFF | Alarm: OFF
[2026-09-21 22:39:21] [CRITICAL] Fan turned ON - Temperature CRITICAL
[2026-09-21 22:39:21] [CRITICAL] Alarm turned ON - Temperature CRITICAL!
[2026-09-21 22:39:21] [INFO] Status changed: NORMAL -> CRITICAL
[2026-09-21 22:39:21] [INFO] Temperature: 43.4C | Status: CRITICAL | Fan: ON | Alarm: ON
[2026-09-21 22:39:22] [INFO] Fan turned OFF
[2026-09-21 22:39:22] [INFO] Alarm turned OFF
[2026-09-21 22:39:22] [INFO] Status changed: CRITICAL -> NORMAL
[2026-09-21 22:39:22] [INFO] Temperature: 21.7C | Status: NORMAL | Fan: OFF | Alarm: OFF
[2026-09-21 22:39:23] [CRITICAL] Fan turned ON - Temperature CRITICAL
[2026-09-21 22:39:23] [CRITICAL] Alarm turned ON - Temperature CRITICAL!
[2026-09-21 22:39:23] [INFO] Status changed: NORMAL -> CRITICAL
[2026-09-21 22:39:23] [INFO] Temperature: 59.8C | Status: CRITICAL | Fan: ON | Alarm: ON
[2026-09-21 22:39:24] [INFO] Fan turned OFF
[2026-09-21 22:39:24] [INFO] Alarm turned OFF
[2026-09-21 22:39:24] [INFO] Status changed: CRITICAL -> NORMAL
[2026-09-21 22:39:24] [INFO] Temperature: 11.3C | Status: NORMAL | Fan: OFF | Alarm: OFF
[2026-09-21 22:39:25] [WARNING] Fan turned ON - Temperature WARNING
[2026-09-21 22:39:25] [INFO] Status changed: NORMAL -> WARNING
[2026-09-21 22:39:25] [INFO] Temperature: 32.3C | Status: WARNING | Fan: ON | Alarm: OFF
[2026-09-21 22:39:26] [INFO] Fan turned OFF
[2026-09-21 22:39:26] [INFO] Status changed: WARNING -> NORMAL
[2026-09-21 22:39:26] [INFO] Temperature: 0.3C | Status: NORMAL | Fan: OFF | Alarm: OFF
[2026-09-21 22:39:27] [INFO] Temperature: 18.0C | Status: NORMAL | Fan: OFF | Alarm: OFF
[2026-09-21 22:39:28] [CRITICAL] Fan turned ON - Temperature CRITICAL
[2026-09-21 22:39:28] [CRITICAL] Alarm turned ON - Temperature CRITICAL!
[2026-09-21 22:39:28] [INFO] Status changed: NORMAL -> CRITICAL
[2026-09-21 22:39:28] [INFO] Temperature: 52.7C | Status: CRITICAL | Fan: ON | Alarm: ON
[2026-09-21 22:39:29] [INFO] Fan turned OFF
[2026-09-21 22:39:29] [INFO] Alarm turned OFF
[2026-09-21 22:39:29] [INFO] Status changed: CRITICAL -> NORMAL
[2026-09-21 22:39:29] [INFO] Temperature: 22.8C | Status: NORMAL | Fan: OFF | Alarm: OFF
[2026-09-21 22:39:30] [CRITICAL] Fan turned ON - Temperature CRITICAL
[2026-09-21 22:39:30] [CRITICAL] Alarm turned ON - Temperature CRITICAL!
[2026-09-21 22:39:30] [INFO] Status changed: NORMAL -> CRITICAL
[2026-09-21 22:39:30] [INFO] Temperature: 57.5C | Status: CRITICAL | Fan: ON | Alarm: ON
[2026-09-21 22:39:31] [INFO] Alarm turned OFF
[2026-09-21 22:39:31] [INFO] Status changed: CRITICAL -> WARNING
[2026-09-21 22:39:31] [INFO] Temperature: 34.3C | Status: WARNING | Fan: ON | Alarm: OFF
[2026-09-21 22:39:32] [INFO] Fan turned OFF
[2026-09-21 22:39:32] [INFO] Status changed: WARNING -> NORMAL
[2026-09-21 22:39:32] [INFO] Temperature: 14.6C | Status: NORMAL | Fan: OFF | Alarm: OFF
[2026-09-21 22:39:33] [INFO] Temperature: 8.6C | Status: NORMAL | Fan: OFF | Alarm: OFF
[2026-09-21 22:39:34] [WARNING] Fan turned ON - Temperature WARNING
[2026-09-21 22:39:34] [INFO] Status changed: NORMAL -> WARNING
[2026-09-21 22:39:34] [INFO] Temperature: 35.7C | Status: WARNING | Fan: ON | Alarm: OFF
[2026-09-21 22:39:35] [INFO] Temperature: 32.3C | Status: WARNING | Fan: ON | Alarm: OFF
[2026-09-21 22:39:36] [CRITICAL] Alarm turned ON - Temperature CRITICAL!
[2026-09-21 22:39:36] [INFO] Status changed: WARNING -> CRITICAL
[2026-09-21 22:39:36] [INFO] Temperature: 54.9C | Status: CRITICAL | Fan: ON | Alarm: ON
[2026-09-21 22:39:37] [INFO] Fan turned OFF
[2026-09-21 22:39:37] [INFO] Alarm turned OFF
[2026-09-21 22:39:37] [INFO] Status changed: CRITICAL -> NORMAL
[2026-09-21 22:39:37] [INFO] Temperature: 10.9C | Status: NORMAL | Fan: OFF | Alarm: OFF
[2026-09-21 22:39:38] [CRITICAL] Fan turned ON - Temperature CRITICAL
[2026-09-21 22:39:38] [CRITICAL] Alarm turned ON - Temperature CRITICAL!
[2026-09-21 22:39:38] [INFO] Status changed: NORMAL -> CRITICAL
[2026-09-21 22:39:38] [INFO] Temperature: 45.5C | Status: CRITICAL | Fan: ON | Alarm: ON
[2026-09-21 22:39:40] [INFO] Fan turned OFF
[2026-09-21 22:39:40] [INFO] Alarm turned OFF
[2026-09-21 22:39:40] [INFO] Status changed: CRITICAL -> NORMAL
[2026-09-21 22:39:40] [INFO] Temperature: 4.1C | Status: NORMAL | Fan: OFF | Alarm: OFF
[2026-09-21 22:39:41] [WARNING] Fan turned ON - Temperature WARNING
[2026-09-21 22:39:41] [INFO] Status changed: NORMAL -> WARNING
[2026-09-21 22:39:41] [INFO] Temperature: 38.3C | Status: WARNING | Fan: ON | Alarm: OFF
[2026-09-21 22:39:42] [INFO] Fan turned OFF
[2026-09-21 22:39:42] [INFO] Status changed: WARNING -> NORMAL
[2026-09-21 22:39:42] [INFO] Temperature: 28.7C | Status: NORMAL | Fan: OFF | Alarm: OFF
[2026-09-21 22:39:43] [INFO] Temperature: 27.6C | Status: NORMAL | Fan: OFF | Alarm: OFF
[2026-09-21 22:39:44] [CRITICAL] Fan turned ON - Temperature CRITICAL
[2026-09-21 22:39:44] [CRITICAL] Alarm turned ON - Temperature CRITICAL!
[2026-09-21 22:39:44] [INFO] Status changed: NORMAL -> CRITICAL
[2026-09-21 22:39:44] [INFO] Temperature: 56.5C | Status: CRITICAL | Fan: ON | Alarm: ON
[2026-09-21 22:39:45] [INFO] Fan turned OFF
[2026-09-21 22:39:45] [INFO] Alarm turned OFF
[2026-09-21 22:39:45] [INFO] Status changed: CRITICAL -> NORMAL
[2026-09-21 22:39:45] [INFO] Temperature: 15.5C | Status: NORMAL | Fan: OFF | Alarm: OFF
[2026-09-21 22:39:46] [CRITICAL] Fan turned ON - Temperature CRITICAL
[2026-09-21 22:39:46] [CRITICAL] Alarm turned ON - Temperature CRITICAL!
[2026-09-21 22:39:46] [INFO] Status changed: NORMAL -> CRITICAL
[2026-09-21 22:39:46] [INFO] Temperature: 45.1C | Status: CRITICAL | Fan: ON | Alarm: ON
[2026-09-21 22:39:47] [INFO] Alarm turned OFF
[2026-09-21 22:39:47] [INFO] Status changed: CRITICAL -> WARNING
[2026-09-21 22:39:47] [INFO] Temperature: 30.3C | Status: WARNING | Fan: ON | Alarm: OFF
[2026-09-21 22:39:48] [CRITICAL] Alarm turned ON - Temperature CRITICAL!
[2026-09-21 22:39:48] [INFO] Status changed: WARNING -> CRITICAL
[2026-09-21 22:39:48] [INFO] Temperature: 58.6C | Status: CRITICAL | Fan: ON | Alarm: ON
[2026-09-21 22:39:49] [INFO] Temperature: 48.0C | Status: CRITICAL | Fan: ON | Alarm: ON
[2026-09-21 22:39:50] [INFO] Fan turned OFF
[2026-09-21 22:39:50] [INFO] Alarm turned OFF
[2026-09-21 22:39:50] [INFO] Status changed: CRITICAL -> NORMAL
[2026-09-21 22:39:50] [INFO] Temperature: 21.9C | Status: NORMAL | Fan: OFF | Alarm: OFF
[2026-09-21 22:39:51] [INFO] Temperature: 4.4C | Status: NORMAL | Fan: OFF | Alarm: OFF
[2026-09-21 22:39:52] [INFO] Temperature: 16.1C | Status: NORMAL | Fan: OFF | Alarm: OFF
[2026-09-21 22:39:53] [INFO] Temperature: 21.2C | Status: NORMAL | Fan: OFF | Alarm: OFF
[2026-09-21 22:39:54] [WARNING] Fan turned ON - Temperature WARNING
[2026-09-21 22:39:54] [INFO] Status changed: NORMAL -> WARNING
[2026-09-21 22:39:54] [INFO] Temperature: 34.2C | Status: WARNING | Fan: ON | Alarm: OFF
[2026-09-21 22:39:55] [INFO] Fan turned OFF
[2026-09-21 22:39:55] [INFO] Status changed: WARNING -> NORMAL
[2026-09-21 22:39:55] [INFO] Temperature: 21.7C | Status: NORMAL | Fan: OFF | Alarm: OFF
[2026-09-21 22:39:56] [WARNING] Fan turned ON - Temperature WARNING
[2026-09-21 22:39:56] [INFO] Status changed: NORMAL -> WARNING
[2026-09-21 22:39:56] [INFO] Temperature: 31.9C | Status: WARNING | Fan: ON | Alarm: OFF
[2026-09-21 22:39:57] [INFO] Fan turned OFF
[2026-09-21 22:39:57] [INFO] Status changed: WARNING -> NORMAL
[2026-09-21 22:39:57] [INFO] Temperature: 29.1C | Status: NORMAL | Fan: OFF | Alarm: OFF
[2026-09-21 22:39:58] [CRITICAL] Fan turned ON - Temperature CRITICAL
[2026-09-21 22:39:58] [CRITICAL] Alarm turned ON - Temperature CRITICAL!
[2026-09-21 22:39:58] [INFO] Status changed: NORMAL -> CRITICAL
[2026-09-21 22:39:58] [INFO] Temperature: 55.9C | Status: CRITICAL | Fan: ON | Alarm: ON
[2026-09-21 22:39:59] [INFO] Fan turned OFF
[2026-09-21 22:39:59] [INFO] Alarm turned OFF
[2026-09-21 22:39:59] [INFO] Status changed: CRITICAL -> NORMAL
[2026-09-21 22:39:59] [INFO] Temperature: 24.7C | Status: NORMAL | Fan: OFF | Alarm: OFF
[2026-09-21 22:40:00] [CRITICAL] Fan turned ON - Temperature CRITICAL
[2026-09-21 22:40:00] [CRITICAL] Alarm turned ON - Temperature CRITICAL!
[2026-09-21 22:40:00] [INFO] Status changed: NORMAL -> CRITICAL
[2026-09-21 22:40:00] [INFO] Temperature: 52.0C | Status: CRITICAL | Fan: ON | Alarm: ON
[2026-09-21 22:40:01] [INFO] Fan turned OFF
[2026-09-21 22:40:01] [INFO] Alarm turned OFF
[2026-09-21 22:40:01] [INFO] Status changed: CRITICAL -> NORMAL
[2026-09-21 22:40:01] [INFO] Temperature: 29.9C | Status: NORMAL | Fan: OFF | Alarm: OFF
[2026-09-21 22:40:02] [INFO] Temperature: 19.2C | Status: NORMAL | Fan: OFF | Alarm: OFF
[2026-09-21 22:40:03] [INFO] Temperature: 26.2C | Status: NORMAL | Fan: OFF | Alarm: OFF
[2026-09-21 22:40:04] [INFO] Temperature: 21.2C | Status: NORMAL | Fan: OFF | Alarm: OFF
[2026-09-21 22:40:05] [WARNING] Fan turned ON - Temperature WARNING
[2026-09-21 22:40:05] [INFO] Status changed: NORMAL -> WARNING
[2026-09-21 22:40:05] [INFO] Temperature: 34.2C | Status: WARNING | Fan: ON | Alarm: OFF
[2026-09-21 22:40:06] [INFO] Fan turned OFF
[2026-09-21 22:40:06] [INFO] Status changed: WARNING -> NORMAL
[2026-09-21 22:40:06] [INFO] Temperature: 29.7C | Status: NORMAL | Fan: OFF | Alarm: OFF
[2026-09-21 22:40:07] [CRITICAL] Fan turned ON - Temperature CRITICAL
[2026-09-21 22:40:07] [CRITICAL] Alarm turned ON - Temperature CRITICAL!
[2026-09-21 22:40:07] [INFO] Status changed: NORMAL -> CRITICAL
[2026-09-21 22:40:07] [INFO] Temperature: 59.9C | Status: CRITICAL | Fan: ON | Alarm: ON
[2026-09-21 22:40:08] [INFO] Temperature: 50.4C | Status: CRITICAL | Fan: ON | Alarm: ON
[2026-09-21 22:40:09] [INFO] Fan turned OFF
[2026-09-21 22:40:09] [INFO] Alarm turned OFF
[2026-09-21 22:40:09] [INFO] Status changed: CRITICAL -> NORMAL
[2026-09-21 22:40:09] [INFO] Temperature: 0.5C | Status: NORMAL | Fan: OFF | Alarm: OFF
[2026-09-21 22:40:10] [CRITICAL] Fan turned ON - Temperature CRITICAL
[2026-09-21 22:40:10] [CRITICAL] Alarm turned ON - Temperature CRITICAL!
[2026-09-21 22:40:10] [INFO] Status changed: NORMAL -> CRITICAL
[2026-09-21 22:40:10] [INFO] Temperature: 43.3C | Status: CRITICAL | Fan: ON | Alarm: ON
[2026-09-21 22:40:11] [INFO] Alarm turned OFF
[2026-09-21 22:40:11] [INFO] Status changed: CRITICAL -> WARNING
[2026-09-21 22:40:11] [INFO] Temperature: 30.2C | Status: WARNING | Fan: ON | Alarm: OFF
[2026-09-21 22:40:12] [CRITICAL] Alarm turned ON - Temperature CRITICAL!
[2026-09-21 22:40:12] [INFO] Status changed: WARNING -> CRITICAL
[2026-09-21 22:40:12] [INFO] Temperature: 44.5C | Status: CRITICAL | Fan: ON | Alarm: ON
[2026-09-21 22:40:13] [INFO] Fan turned OFF
[2026-09-21 22:40:13] [INFO] Alarm turned OFF
[2026-09-21 22:40:13] [INFO] Status changed: CRITICAL -> NORMAL
[2026-09-21 22:40:13] [INFO] Temperature: 26.0C | Status: NORMAL | Fan: OFF | Alarm: OFF
[2026-09-21 22:40:14] [INFO] Temperature: 19.1C | Status: NORMAL | Fan: OFF | Alarm: OFF
[2026-09-21 22:40:15] [INFO] Temperature: 4.8C | Status: NORMAL | Fan: OFF | Alarm: OFF
[2026-09-21 22:40:16] [INFO] Temperature: 8.7C | Status: NORMAL | Fan: OFF | Alarm: OFF
[2026-09-21 22:40:17] [INFO] Temperature: 3.1C | Status: NORMAL | Fan: OFF | Alarm: OFF
[2026-09-21 22:40:19] [INFO] Temperature: 1.9C | Status: NORMAL | Fan: OFF | Alarm: OFF
[2026-09-21 22:40:20] [CRITICAL] Fan turned ON - Temperature CRITICAL
[2026-09-21 22:40:20] [CRITICAL] Alarm turned ON - Temperature CRITICAL!
[2026-09-21 22:40:20] [INFO] Status changed: NORMAL -> CRITICAL
[2026-09-21 22:40:20] [INFO] Temperature: 56.2C | Status: CRITICAL | Fan: ON | Alarm: ON
[2026-09-21 22:40:21] [INFO] Temperature: 51.2C | Status: CRITICAL | Fan: ON | Alarm: ON
[2026-09-21 22:40:22] [INFO] Temperature: 59.2C | Status: CRITICAL | Fan: ON | Alarm: ON
[2026-09-21 22:40:23] [WARNING] Sensor transient fault detected (Count: 1/3) - Raw value: -999.0C - Holding last valid state
[2026-09-21 22:40:24] [INFO] Sensor recovered after 0 fault cycle(s) - Resuming normal operation
[2026-09-21 22:40:24] [INFO] Status changed: SENSOR_ERROR -> CRITICAL
[2026-09-21 22:40:24] [INFO] Temperature: 49.4C | Status: CRITICAL | Fan: ON | Alarm: ON
[2026-09-21 22:40:25] [INFO] Fan turned OFF
[2026-09-21 22:40:25] [INFO] Alarm turned OFF
[2026-09-21 22:40:25] [INFO] Status changed: CRITICAL -> NORMAL
[2026-09-21 22:40:25] [INFO] Temperature: 10.1C | Status: NORMAL | Fan: OFF | Alarm: OFF
[2026-09-21 22:40:26] [INFO] Temperature: 22.9C | Status: NORMAL | Fan: OFF | Alarm: OFF
[2026-09-21 22:40:27] [INFO] Temperature: 27.6C | Status: NORMAL | Fan: OFF | Alarm: OFF
[2026-09-21 22:40:28] [INFO] Temperature: 9.8C | Status: NORMAL | Fan: OFF | Alarm: OFF
[2026-09-21 22:40:29] [CRITICAL] Fan turned ON - Temperature CRITICAL
[2026-09-21 22:40:29] [CRITICAL] Alarm turned ON - Temperature CRITICAL!
[2026-09-21 22:40:29] [INFO] Status changed: NORMAL -> CRITICAL
[2026-09-21 22:40:29] [INFO] Temperature: 52.5C | Status: CRITICAL | Fan: ON | Alarm: ON
[2026-09-21 22:40:30] [INFO] Alarm turned OFF
[2026-09-21 22:40:30] [INFO] Status changed: CRITICAL -> WARNING
[2026-09-21 22:40:30] [INFO] Temperature: 34.1C | Status: WARNING | Fan: ON | Alarm: OFF
[2026-09-21 22:40:31] [INFO] Temperature: 38.9C | Status: WARNING | Fan: ON | Alarm: OFF
[2026-09-21 22:40:32] [WARNING] Sensor transient fault detected (Count: 1/3) - Raw value: -999.0C - Holding last valid state
[2026-09-21 22:40:33] [INFO] Sensor recovered after 0 fault cycle(s) - Resuming normal operation
[2026-09-21 22:40:33] [INFO] Fan turned OFF
[2026-09-21 22:40:33] [INFO] Status changed: SENSOR_ERROR -> NORMAL
[2026-09-21 22:40:33] [INFO] Temperature: 27.3C | Status: NORMAL | Fan: OFF | Alarm: OFF
[2026-09-21 22:40:34] [INFO] Temperature: 11.1C | Status: NORMAL | Fan: OFF | Alarm: OFF
[2026-09-21 22:40:35] [CRITICAL] Fan turned ON - Temperature CRITICAL
[2026-09-21 22:40:35] [CRITICAL] Alarm turned ON - Temperature CRITICAL!
[2026-09-21 22:40:35] [INFO] Status changed: NORMAL -> CRITICAL
[2026-09-21 22:40:35] [INFO] Temperature: 47.4C | Status: CRITICAL | Fan: ON | Alarm: ON
[2026-09-21 22:40:36] [INFO] Fan turned OFF
[2026-09-21 22:40:36] [INFO] Alarm turned OFF
[2026-09-21 22:40:36] [INFO] Status changed: CRITICAL -> NORMAL
[2026-09-21 22:40:36] [INFO] Temperature: 17.0C | Status: NORMAL | Fan: OFF | Alarm: OFF
[2026-09-21 22:40:37] [INFO] Temperature: 16.9C | Status: NORMAL | Fan: OFF | Alarm: OFF
[2026-09-21 22:40:38] [WARNING] Sensor transient fault detected (Count: 1/3) - Raw value: 120.0C - Holding last valid state
[2026-09-21 22:40:39] [INFO] Sensor recovered after 0 fault cycle(s) - Resuming normal operation
[2026-09-21 22:40:39] [CRITICAL] Fan turned ON - Temperature CRITICAL
[2026-09-21 22:40:39] [CRITICAL] Alarm turned ON - Temperature CRITICAL!
[2026-09-21 22:40:39] [INFO] Status changed: SENSOR_ERROR -> CRITICAL
[2026-09-21 22:40:39] [INFO] Temperature: 40.4C | Status: CRITICAL | Fan: ON | Alarm: ON
[2026-09-21 22:40:40] [INFO] Fan turned OFF
[2026-09-21 22:40:40] [INFO] Alarm turned OFF
[2026-09-21 22:40:40] [INFO] Status changed: CRITICAL -> NORMAL
[2026-09-21 22:40:40] [INFO] Temperature: 23.9C | Status: NORMAL | Fan: OFF | Alarm: OFF
[2026-09-21 22:40:41] [INFO] Temperature: 8.7C | Status: NORMAL | Fan: OFF | Alarm: OFF
[2026-09-21 22:40:42] [INFO] Temperature: 23.6C | Status: NORMAL | Fan: OFF | Alarm: OFF
[2026-09-21 22:40:43] [INFO] Temperature: 3.9C | Status: NORMAL | Fan: OFF | Alarm: OFF
[2026-09-21 22:40:44] [INFO] Temperature: 16.2C | Status: NORMAL | Fan: OFF | Alarm: OFF
[2026-09-21 22:40:45] [WARNING] Fan turned ON - Temperature WARNING
[2026-09-21 22:40:45] [INFO] Status changed: NORMAL -> WARNING
[2026-09-21 22:40:45] [INFO] Temperature: 38.7C | Status: WARNING | Fan: ON | Alarm: OFF
[2026-09-21 22:40:46] [CRITICAL] Alarm turned ON - Temperature CRITICAL!
[2026-09-21 22:40:46] [INFO] Status changed: WARNING -> CRITICAL
[2026-09-21 22:40:46] [INFO] Temperature: 56.5C | Status: CRITICAL | Fan: ON | Alarm: ON
[2026-09-21 22:40:47] [INFO] Fan turned OFF
[2026-09-21 22:40:47] [INFO] Alarm turned OFF
[2026-09-21 22:40:47] [INFO] Status changed: CRITICAL -> NORMAL
[2026-09-21 22:40:47] [INFO] Temperature: 1.7C | Status: NORMAL | Fan: OFF | Alarm: OFF
[2026-09-21 22:40:48] [CRITICAL] Fan turned ON - Temperature CRITICAL
[2026-09-21 22:40:48] [CRITICAL] Alarm turned ON - Temperature CRITICAL!
[2026-09-21 22:40:48] [INFO] Status changed: NORMAL -> CRITICAL
[2026-09-21 22:40:48] [INFO] Temperature: 55.9C | Status: CRITICAL | Fan: ON | Alarm: ON
[2026-09-21 22:40:49] [INFO] Fan turned OFF
[2026-09-21 22:40:49] [INFO] Alarm turned OFF
[2026-09-21 22:40:49] [INFO] Status changed: CRITICAL -> NORMAL
[2026-09-21 22:40:49] [INFO] Temperature: 8.1C | Status: NORMAL | Fan: OFF | Alarm: OFF
[2026-09-21 22:40:50] [INFO] Temperature: 18.4C | Status: NORMAL | Fan: OFF | Alarm: OFF
[2026-09-21 22:40:51] [WARNING] Fan turned ON - Temperature WARNING
[2026-09-21 22:40:51] [INFO] Status changed: NORMAL -> WARNING
[2026-09-21 22:40:51] [INFO] Temperature: 33.3C | Status: WARNING | Fan: ON | Alarm: OFF
[2026-09-21 22:40:52] [INFO] Fan turned OFF
[2026-09-21 22:40:52] [INFO] Status changed: WARNING -> NORMAL
[2026-09-21 22:40:52] [INFO] Temperature: 28.3C | Status: NORMAL | Fan: OFF | Alarm: OFF
[2026-09-21 22:40:53] [CRITICAL] Fan turned ON - Temperature CRITICAL
[2026-09-21 22:40:53] [CRITICAL] Alarm turned ON - Temperature CRITICAL!
[2026-09-21 22:40:53] [INFO] Status changed: NORMAL -> CRITICAL
[2026-09-21 22:40:53] [INFO] Temperature: 47.7C | Status: CRITICAL | Fan: ON | Alarm: ON
[2026-09-21 22:40:54] [INFO] Fan turned OFF
[2026-09-21 22:40:54] [INFO] Alarm turned OFF
[2026-09-21 22:40:54] [INFO] Status changed: CRITICAL -> NORMAL
[2026-09-21 22:40:54] [INFO] Temperature: 3.5C | Status: NORMAL | Fan: OFF | Alarm: OFF
[2026-09-21 22:40:56] [INFO] Temperature: 28.9C | Status: NORMAL | Fan: OFF | Alarm: OFF
[2026-09-21 22:40:57] [CRITICAL] Fan turned ON - Temperature CRITICAL
[2026-09-21 22:40:57] [CRITICAL] Alarm turned ON - Temperature CRITICAL!
[2026-09-21 22:40:57] [INFO] Status changed: NORMAL -> CRITICAL
[2026-09-21 22:40:57] [INFO] Temperature: 53.1C | Status: CRITICAL | Fan: ON | Alarm: ON
[2026-09-21 22:40:58] [INFO] Temperature: 46.2C | Status: CRITICAL | Fan: ON | Alarm: ON
[2026-09-21 22:40:59] [INFO] Temperature: 55.7C | Status: CRITICAL | Fan: ON | Alarm: ON
[2026-09-21 22:41:00] [INFO] Fan turned OFF
[2026-09-21 22:41:00] [INFO] Alarm turned OFF
[2026-09-21 22:41:00] [INFO] Status changed: CRITICAL -> NORMAL
[2026-09-21 22:41:00] [INFO] Temperature: 20.5C | Status: NORMAL | Fan: OFF | Alarm: OFF
[2026-09-21 22:41:01] [WARNING] Fan turned ON - Temperature WARNING
[2026-09-21 22:41:01] [INFO] Status changed: NORMAL -> WARNING
[2026-09-21 22:41:01] [INFO] Temperature: 38.8C | Status: WARNING | Fan: ON | Alarm: OFF
[2026-09-21 22:41:02] [CRITICAL] Alarm turned ON - Temperature CRITICAL!
[2026-09-21 22:41:02] [INFO] Status changed: WARNING -> CRITICAL
[2026-09-21 22:41:02] [INFO] Temperature: 52.8C | Status: CRITICAL | Fan: ON | Alarm: ON
[2026-09-21 22:41:03] [INFO] Fan turned OFF
[2026-09-21 22:41:03] [INFO] Alarm turned OFF
[2026-09-21 22:41:03] [INFO] Status changed: CRITICAL -> NORMAL
[2026-09-21 22:41:03] [INFO] Temperature: 25.0C | Status: NORMAL | Fan: OFF | Alarm: OFF
[2026-09-21 22:41:04] [WARNING] Fan turned ON - Temperature WARNING
[2026-09-21 22:41:04] [INFO] Status changed: NORMAL -> WARNING
[2026-09-21 22:41:04] [INFO] Temperature: 31.6C | Status: WARNING | Fan: ON | Alarm: OFF
[2026-09-21 22:41:05] [INFO] Fan turned OFF
[2026-09-21 22:41:05] [INFO] Status changed: WARNING -> NORMAL
[2026-09-21 22:41:05] [INFO] Temperature: 6.1C | Status: NORMAL | Fan: OFF | Alarm: OFF
[2026-09-21 22:41:06] [INFO] Temperature: 13.6C | Status: NORMAL | Fan: OFF | Alarm: OFF
[2026-09-21 22:41:07] [CRITICAL] Fan turned ON - Temperature CRITICAL
[2026-09-21 22:41:07] [CRITICAL] Alarm turned ON - Temperature CRITICAL!
[2026-09-21 22:41:07] [INFO] Status changed: NORMAL -> CRITICAL
[2026-09-21 22:41:07] [INFO] Temperature: 59.0C | Status: CRITICAL | Fan: ON | Alarm: ON
[2026-09-21 22:41:08] [INFO] Fan turned OFF
[2026-09-21 22:41:08] [INFO] Alarm turned OFF
[2026-09-21 22:41:08] [INFO] Status changed: CRITICAL -> NORMAL
[2026-09-21 22:41:08] [INFO] Temperature: 9.3C | Status: NORMAL | Fan: OFF | Alarm: OFF
[2026-09-21 22:41:09] [INFO] Temperature: 26.8C | Status: NORMAL | Fan: OFF | Alarm: OFF
[2026-09-21 22:41:10] [CRITICAL] Fan turned ON - Temperature CRITICAL
[2026-09-21 22:41:10] [CRITICAL] Alarm turned ON - Temperature CRITICAL!
[2026-09-21 22:41:10] [INFO] Status changed: NORMAL -> CRITICAL
[2026-09-21 22:41:10] [INFO] Temperature: 41.1C | Status: CRITICAL | Fan: ON | Alarm: ON
[2026-09-21 22:41:11] [INFO] Fan turned OFF
[2026-09-21 22:41:11] [INFO] Alarm turned OFF
[2026-09-21 22:41:11] [INFO] Status changed: CRITICAL -> NORMAL
[2026-09-21 22:41:11] [INFO] Temperature: 16.6C | Status: NORMAL | Fan: OFF | Alarm: OFF
[2026-09-21 22:41:12] [CRITICAL] Fan turned ON - Temperature CRITICAL
[2026-09-21 22:41:12] [CRITICAL] Alarm turned ON - Temperature CRITICAL!
[2026-09-21 22:41:12] [INFO] Status changed: NORMAL -> CRITICAL
[2026-09-21 22:41:12] [INFO] Temperature: 51.4C | Status: CRITICAL | Fan: ON | Alarm: ON
[2026-09-21 22:41:13] [INFO] Fan turned OFF
[2026-09-21 22:41:13] [INFO] Alarm turned OFF
[2026-09-21 22:41:13] [INFO] Status changed: CRITICAL -> NORMAL
[2026-09-21 22:41:13] [INFO] Temperature: 27.3C | Status: NORMAL | Fan: OFF | Alarm: OFF
[2026-09-21 22:41:14] [INFO] Temperature: 8.9C | Status: NORMAL | Fan: OFF | Alarm: OFF
[2026-09-21 22:41:15] [CRITICAL] Fan turned ON - Temperature CRITICAL
[2026-09-21 22:41:15] [CRITICAL] Alarm turned ON - Temperature CRITICAL!
[2026-09-21 22:41:15] [INFO] Status changed: NORMAL -> CRITICAL
[2026-09-21 22:41:15] [INFO] Temperature: 47.7C | Status: CRITICAL | Fan: ON | Alarm: ON
[2026-09-21 22:41:16] [INFO] Fan turned OFF
[2026-09-21 22:41:16] [INFO] Alarm turned OFF
[2026-09-21 22:41:16] [INFO] Status changed: CRITICAL -> NORMAL
[2026-09-21 22:41:16] [INFO] Temperature: 22.5C | Status: NORMAL | Fan: OFF | Alarm: OFF
[2026-09-21 22:41:17] [INFO] Temperature: 23.7C | Status: NORMAL | Fan: OFF | Alarm: OFF
[2026-09-21 22:41:18] [WARNING] Sensor transient fault detected (Count: 1/3) - Raw value: -999.0C - Holding last valid state
[2026-09-21 22:41:19] [INFO] Sensor recovered after 0 fault cycle(s) - Resuming normal operation
[2026-09-21 22:41:19] [CRITICAL] Fan turned ON - Temperature CRITICAL
[2026-09-21 22:41:19] [CRITICAL] Alarm turned ON - Temperature CRITICAL!
[2026-09-21 22:41:19] [INFO] Status changed: SENSOR_ERROR -> CRITICAL
[2026-09-21 22:41:19] [INFO] Temperature: 48.7C | Status: CRITICAL | Fan: ON | Alarm: ON
[2026-09-21 22:41:20] [INFO] Fan turned OFF
[2026-09-21 22:41:20] [INFO] Alarm turned OFF
[2026-09-21 22:41:20] [INFO] Status changed: CRITICAL -> NORMAL
[2026-09-21 22:41:20] [INFO] Temperature: 17.4C | Status: NORMAL | Fan: OFF | Alarm: OFF
[2026-09-21 22:41:21] [INFO] Temperature: 8.2C | Status: NORMAL | Fan: OFF | Alarm: OFF
[2026-09-21 22:41:22] [WARNING] Fan turned ON - Temperature WARNING
[2026-09-21 22:41:22] [INFO] Status changed: NORMAL -> WARNING
[2026-09-21 22:41:22] [INFO] Temperature: 36.6C | Status: WARNING | Fan: ON | Alarm: OFF
[2026-09-21 22:41:23] [INFO] Fan turned OFF
[2026-09-21 22:41:23] [INFO] Status changed: WARNING -> NORMAL
[2026-09-21 22:41:23] [INFO] Temperature: 14.0C | Status: NORMAL | Fan: OFF | Alarm: OFF
[2026-09-21 22:41:24] [CRITICAL] Fan turned ON - Temperature CRITICAL
[2026-09-21 22:41:24] [CRITICAL] Alarm turned ON - Temperature CRITICAL!
[2026-09-21 22:41:24] [INFO] Status changed: NORMAL -> CRITICAL
[2026-09-21 22:41:24] [INFO] Temperature: 56.8C | Status: CRITICAL | Fan: ON | Alarm: ON
[2026-09-21 22:41:25] [INFO] Temperature: 58.9C | Status: CRITICAL | Fan: ON | Alarm: ON
[2026-09-21 22:41:26] [INFO] Fan turned OFF
[2026-09-21 22:41:26] [INFO] Alarm turned OFF
[2026-09-21 22:41:26] [INFO] Status changed: CRITICAL -> NORMAL
[2026-09-21 22:41:26] [INFO] Temperature: 14.3C | Status: NORMAL | Fan: OFF | Alarm: OFF
[2026-09-21 22:41:27] [CRITICAL] Fan turned ON - Temperature CRITICAL
[2026-09-21 22:41:27] [CRITICAL] Alarm turned ON - Temperature CRITICAL!
[2026-09-21 22:41:27] [INFO] Status changed: NORMAL -> CRITICAL
[2026-09-21 22:41:27] [INFO] Temperature: 43.0C | Status: CRITICAL | Fan: ON | Alarm: ON
[2026-09-21 22:41:28] [INFO] Fan turned OFF
[2026-09-21 22:41:28] [INFO] Alarm turned OFF
[2026-09-21 22:41:28] [INFO] Status changed: CRITICAL -> NORMAL
[2026-09-21 22:41:28] [INFO] Temperature: 0.8C | Status: NORMAL | Fan: OFF | Alarm: OFF
[2026-09-21 22:41:29] [WARNING] Fan turned ON - Temperature WARNING
[2026-09-21 22:41:29] [INFO] Status changed: NORMAL -> WARNING
[2026-09-21 22:41:29] [INFO] Temperature: 38.4C | Status: WARNING | Fan: ON | Alarm: OFF
[2026-09-21 22:41:30] [CRITICAL] Alarm turned ON - Temperature CRITICAL!
[2026-09-21 22:41:30] [INFO] Status changed: WARNING -> CRITICAL
[2026-09-21 22:41:30] [INFO] Temperature: 42.1C | Status: CRITICAL | Fan: ON | Alarm: ON
[2026-09-21 22:41:31] [INFO] Fan turned OFF
[2026-09-21 22:41:31] [INFO] Alarm turned OFF
[2026-09-21 22:41:31] [INFO] Status changed: CRITICAL -> NORMAL
[2026-09-21 22:41:31] [INFO] Temperature: 4.8C | Status: NORMAL | Fan: OFF | Alarm: OFF
[2026-09-21 22:41:32] [CRITICAL] Fan turned ON - Temperature CRITICAL
[2026-09-21 22:41:32] [CRITICAL] Alarm turned ON - Temperature CRITICAL!
[2026-09-21 22:41:32] [INFO] Status changed: NORMAL -> CRITICAL
[2026-09-21 22:41:32] [INFO] Temperature: 57.8C | Status: CRITICAL | Fan: ON | Alarm: ON
[2026-09-21 22:41:33] [INFO] Temperature: 52.2C | Status: CRITICAL | Fan: ON | Alarm: ON
[2026-09-21 22:41:34] [INFO] Alarm turned OFF
[2026-09-21 22:41:34] [INFO] Status changed: CRITICAL -> WARNING
[2026-09-21 22:41:34] [INFO] Temperature: 33.5C | Status: WARNING | Fan: ON | Alarm: OFF
[2026-09-21 22:41:36] [CRITICAL] Alarm turned ON - Temperature CRITICAL!
[2026-09-21 22:41:36] [INFO] Status changed: WARNING -> CRITICAL
[2026-09-21 22:41:36] [INFO] Temperature: 41.6C | Status: CRITICAL | Fan: ON | Alarm: ON
[2026-09-21 22:41:37] [INFO] Temperature: 47.6C | Status: CRITICAL | Fan: ON | Alarm: ON
[2026-09-21 22:41:38] [INFO] Fan turned OFF
[2026-09-21 22:41:38] [INFO] Alarm turned OFF
[2026-09-21 22:41:38] [INFO] Status changed: CRITICAL -> NORMAL
[2026-09-21 22:41:38] [INFO] Temperature: 5.7C | Status: NORMAL | Fan: OFF | Alarm: OFF
[2026-09-21 22:41:39] [WARNING] Fan turned ON - Temperature WARNING
[2026-09-21 22:41:39] [INFO] Status changed: NORMAL -> WARNING
[2026-09-21 22:41:39] [INFO] Temperature: 36.2C | Status: WARNING | Fan: ON | Alarm: OFF
[2026-09-21 22:41:40] [INFO] Fan turned OFF
[2026-09-21 22:41:40] [INFO] Status changed: WARNING -> NORMAL
[2026-09-21 22:41:40] [INFO] Temperature: 5.8C | Status: NORMAL | Fan: OFF | Alarm: OFF
[2026-09-21 22:41:41] [INFO] Temperature: 25.3C | Status: NORMAL | Fan: OFF | Alarm: OFF
[2026-09-21 22:41:42] [INFO] Temperature: 29.9C | Status: NORMAL | Fan: OFF | Alarm: OFF
[2026-09-21 22:41:43] [INFO] Temperature: 22.5C | Status: NORMAL | Fan: OFF | Alarm: OFF
[2026-09-21 22:41:44] [INFO] Temperature: 19.7C | Status: NORMAL | Fan: OFF | Alarm: OFF
[2026-09-21 22:41:45] [INFO] Temperature: 1.4C | Status: NORMAL | Fan: OFF | Alarm: OFF
[2026-09-21 22:41:46] [CRITICAL] Fan turned ON - Temperature CRITICAL
[2026-09-21 22:41:46] [CRITICAL] Alarm turned ON - Temperature CRITICAL!
[2026-09-21 22:41:46] [INFO] Status changed: NORMAL -> CRITICAL
[2026-09-21 22:41:46] [INFO] Temperature: 40.8C | Status: CRITICAL | Fan: ON | Alarm: ON
[2026-09-21 22:41:47] [INFO] Fan turned OFF
[2026-09-21 22:41:47] [INFO] Alarm turned OFF
[2026-09-21 22:41:47] [INFO] Status changed: CRITICAL -> NORMAL
[2026-09-21 22:41:47] [INFO] Temperature: 15.7C | Status: NORMAL | Fan: OFF | Alarm: OFF
[2026-09-21 22:41:48] [CRITICAL] Fan turned ON - Temperature CRITICAL
[2026-09-21 22:41:48] [CRITICAL] Alarm turned ON - Temperature CRITICAL!
[2026-09-21 22:41:48] [INFO] Status changed: NORMAL -> CRITICAL
[2026-09-21 22:41:48] [INFO] Temperature: 40.5C | Status: CRITICAL | Fan: ON | Alarm: ON
[2026-09-21 22:41:49] [INFO] Temperature: 54.5C | Status: CRITICAL | Fan: ON | Alarm: ON
[2026-09-21 22:41:50] [INFO] Fan turned OFF
[2026-09-21 22:41:50] [INFO] Alarm turned OFF
[2026-09-21 22:41:50] [INFO] Status changed: CRITICAL -> NORMAL
[2026-09-21 22:41:50] [INFO] Temperature: 0.3C | Status: NORMAL | Fan: OFF | Alarm: OFF
[2026-09-21 22:41:51] [CRITICAL] Fan turned ON - Temperature CRITICAL
[2026-09-21 22:41:51] [CRITICAL] Alarm turned ON - Temperature CRITICAL!
[2026-09-21 22:41:51] [INFO] Status changed: NORMAL -> CRITICAL
[2026-09-21 22:41:51] [INFO] Temperature: 49.6C | Status: CRITICAL | Fan: ON | Alarm: ON
[2026-09-21 22:41:52] [INFO] Alarm turned OFF
[2026-09-21 22:41:52] [INFO] Status changed: CRITICAL -> WARNING
[2026-09-21 22:41:52] [INFO] Temperature: 30.8C | Status: WARNING | Fan: ON | Alarm: OFF
[2026-09-21 22:41:53] [WARNING] Sensor transient fault detected (Count: 1/3) - Raw value: 120.0C - Holding last valid state
[2026-09-21 22:41:54] [INFO] Sensor recovered after 0 fault cycle(s) - Resuming normal operation
[2026-09-21 22:41:54] [CRITICAL] Alarm turned ON - Temperature CRITICAL!
[2026-09-21 22:41:54] [INFO] Status changed: SENSOR_ERROR -> CRITICAL
[2026-09-21 22:41:54] [INFO] Temperature: 55.3C | Status: CRITICAL | Fan: ON | Alarm: ON
[2026-09-21 22:41:55] [INFO] Fan turned OFF
[2026-09-21 22:41:55] [INFO] Alarm turned OFF
[2026-09-21 22:41:55] [INFO] Status changed: CRITICAL -> NORMAL
[2026-09-21 22:41:55] [INFO] Temperature: 19.6C | Status: NORMAL | Fan: OFF | Alarm: OFF
[2026-09-21 22:41:56] [CRITICAL] Fan turned ON - Temperature CRITICAL
[2026-09-21 22:41:56] [CRITICAL] Alarm turned ON - Temperature CRITICAL!
[2026-09-21 22:41:56] [INFO] Status changed: NORMAL -> CRITICAL
[2026-09-21 22:41:56] [INFO] Temperature: 45.7C | Status: CRITICAL | Fan: ON | Alarm: ON
[2026-09-21 22:41:57] [INFO] Temperature: 53.1C | Status: CRITICAL | Fan: ON | Alarm: ON
[2026-09-21 22:41:58] [INFO] Fan turned OFF
[2026-09-21 22:41:58] [INFO] Alarm turned OFF
[2026-09-21 22:41:58] [INFO] Status changed: CRITICAL -> NORMAL
[2026-09-21 22:41:58] [INFO] Temperature: 27.7C | Status: NORMAL | Fan: OFF | Alarm: OFF
[2026-09-21 22:41:59] [CRITICAL] Fan turned ON - Temperature CRITICAL
[2026-09-21 22:41:59] [CRITICAL] Alarm turned ON - Temperature CRITICAL!
[2026-09-21 22:41:59] [INFO] Status changed: NORMAL -> CRITICAL
[2026-09-21 22:41:59] [INFO] Temperature: 56.1C | Status: CRITICAL | Fan: ON | Alarm: ON
[2026-09-21 22:42:00] [INFO] Alarm turned OFF
[2026-09-21 22:42:00] [INFO] Status changed: CRITICAL -> WARNING
[2026-09-21 22:42:00] [INFO] Temperature: 36.0C | Status: WARNING | Fan: ON | Alarm: OFF
[2026-09-21 22:42:01] [INFO] Fan turned OFF
[2026-09-21 22:42:01] [INFO] Status changed: WARNING -> NORMAL
[2026-09-21 22:42:01] [INFO] Temperature: 6.3C | Status: NORMAL | Fan: OFF | Alarm: OFF
[2026-09-21 22:42:02] [CRITICAL] Fan turned ON - Temperature CRITICAL
[2026-09-21 22:42:02] [CRITICAL] Alarm turned ON - Temperature CRITICAL!
[2026-09-21 22:42:02] [INFO] Status changed: NORMAL -> CRITICAL
[2026-09-21 22:42:02] [INFO] Temperature: 56.4C | Status: CRITICAL | Fan: ON | Alarm: ON
[2026-09-21 22:42:03] [WARNING] Sensor transient fault detected (Count: 1/3) - Raw value: -999.0C - Holding last valid state
[2026-09-21 22:42:04] [INFO] Sensor recovered after 0 fault cycle(s) - Resuming normal operation
[2026-09-21 22:42:04] [INFO] Alarm turned OFF
[2026-09-21 22:42:04] [INFO] Status changed: SENSOR_ERROR -> WARNING
[2026-09-21 22:42:04] [INFO] Temperature: 32.4C | Status: WARNING | Fan: ON | Alarm: OFF
[2026-09-21 22:42:05] [INFO] Fan turned OFF
[2026-09-21 22:42:05] [INFO] Status changed: WARNING -> NORMAL
[2026-09-21 22:42:05] [INFO] Temperature: 20.2C | Status: NORMAL | Fan: OFF | Alarm: OFF
[2026-09-21 22:42:07] [CRITICAL] Fan turned ON - Temperature CRITICAL
[2026-09-21 22:42:07] [CRITICAL] Alarm turned ON - Temperature CRITICAL!
[2026-09-21 22:42:07] [INFO] Status changed: NORMAL -> CRITICAL
[2026-09-21 22:42:07] [INFO] Temperature: 41.8C | Status: CRITICAL | Fan: ON | Alarm: ON
[2026-09-21 22:42:08] [INFO] Fan turned OFF
[2026-09-21 22:42:08] [INFO] Alarm turned OFF
[2026-09-21 22:42:08] [INFO] Status changed: CRITICAL -> NORMAL
[2026-09-21 22:42:08] [INFO] Temperature: 8.0C | Status: NORMAL | Fan: OFF | Alarm: OFF
[2026-09-21 22:42:09] [INFO] Temperature: 25.7C | Status: NORMAL | Fan: OFF | Alarm: OFF
[2026-09-21 22:42:10] [INFO] Temperature: 24.2C | Status: NORMAL | Fan: OFF | Alarm: OFF
[2026-09-21 22:42:11] [INFO] Temperature: 6.8C | Status: NORMAL | Fan: OFF | Alarm: OFF
[2026-09-21 22:42:12] [WARNING] Fan turned ON - Temperature WARNING
[2026-09-21 22:42:12] [INFO] Status changed: NORMAL -> WARNING
[2026-09-21 22:42:12] [INFO] Temperature: 34.5C | Status: WARNING | Fan: ON | Alarm: OFF
[2026-09-21 22:42:13] [INFO] Fan turned OFF
[2026-09-21 22:42:13] [INFO] Status changed: WARNING -> NORMAL
[2026-09-21 22:42:13] [INFO] Temperature: 26.3C | Status: NORMAL | Fan: OFF | Alarm: OFF
[2026-09-21 22:42:14] [INFO] Temperature: 19.0C | Status: NORMAL | Fan: OFF | Alarm: OFF
[2026-09-21 22:42:15] [INFO] Temperature: 5.2C | Status: NORMAL | Fan: OFF | Alarm: OFF
[2026-09-21 22:42:16] [WARNING] Fan turned ON - Temperature WARNING
[2026-09-21 22:42:16] [INFO] Status changed: NORMAL -> WARNING
[2026-09-21 22:42:16] [INFO] Temperature: 38.2C | Status: WARNING | Fan: ON | Alarm: OFF
[2026-09-21 22:42:17] [CRITICAL] Alarm turned ON - Temperature CRITICAL!
[2026-09-21 22:42:17] [INFO] Status changed: WARNING -> CRITICAL
[2026-09-21 22:42:17] [INFO] Temperature: 55.1C | Status: CRITICAL | Fan: ON | Alarm: ON
[2026-09-21 22:42:18] [INFO] Fan turned OFF
[2026-09-21 22:42:18] [INFO] Alarm turned OFF
[2026-09-21 22:42:18] [INFO] Status changed: CRITICAL -> NORMAL
[2026-09-21 22:42:18] [INFO] Temperature: 18.5C | Status: NORMAL | Fan: OFF | Alarm: OFF
[2026-09-21 22:42:19] [INFO] Temperature: 11.1C | Status: NORMAL | Fan: OFF | Alarm: OFF
[2026-09-21 22:42:20] [CRITICAL] Fan turned ON - Temperature CRITICAL
[2026-09-21 22:42:20] [CRITICAL] Alarm turned ON - Temperature CRITICAL!
[2026-09-21 22:42:20] [INFO] Status changed: NORMAL -> CRITICAL
[2026-09-21 22:42:20] [INFO] Temperature: 48.5C | Status: CRITICAL | Fan: ON | Alarm: ON
[2026-09-21 22:42:21] [INFO] Temperature: 54.7C | Status: CRITICAL | Fan: ON | Alarm: ON
[2026-09-21 22:42:22] [INFO] Alarm turned OFF
[2026-09-21 22:42:22] [INFO] Status changed: CRITICAL -> WARNING
[2026-09-21 22:42:22] [INFO] Temperature: 30.8C | Status: WARNING | Fan: ON | Alarm: OFF
[2026-09-21 22:42:23] [WARNING] Sensor transient fault detected (Count: 1/3) - Raw value: -999.0C - Holding last valid state
[2026-09-21 22:42:24] [INFO] Sensor recovered after 0 fault cycle(s) - Resuming normal operation
[2026-09-21 22:42:24] [INFO] Status changed: SENSOR_ERROR -> WARNING
[2026-09-21 22:42:24] [INFO] Temperature: 30.6C | Status: WARNING | Fan: ON | Alarm: OFF
[2026-09-21 22:42:25] [CRITICAL] Alarm turned ON - Temperature CRITICAL!
[2026-09-21 22:42:25] [INFO] Status changed: WARNING -> CRITICAL
[2026-09-21 22:42:25] [INFO] Temperature: 46.9C | Status: CRITICAL | Fan: ON | Alarm: ON
[2026-09-21 22:42:26] [INFO] Fan turned OFF
[2026-09-21 22:42:26] [INFO] Alarm turned OFF
[2026-09-21 22:42:26] [INFO] Status changed: CRITICAL -> NORMAL
[2026-09-21 22:42:26] [INFO] Temperature: 2.2C | Status: NORMAL | Fan: OFF | Alarm: OFF
[2026-09-21 22:42:27] [INFO] Temperature: 2.2C | Status: NORMAL | Fan: OFF | Alarm: OFF
[2026-09-21 22:42:28] [INFO] Temperature: 6.6C | Status: NORMAL | Fan: OFF | Alarm: OFF
[2026-09-21 22:42:29] [CRITICAL] Fan turned ON - Temperature CRITICAL
[2026-09-21 22:42:29] [CRITICAL] Alarm turned ON - Temperature CRITICAL!
[2026-09-21 22:42:29] [INFO] Status changed: NORMAL -> CRITICAL
[2026-09-21 22:42:29] [INFO] Temperature: 59.5C | Status: CRITICAL | Fan: ON | Alarm: ON
[2026-09-21 22:42:30] [WARNING] Sensor transient fault detected (Count: 1/3) - Raw value: 120.0C - Holding last valid state
[2026-09-21 22:42:31] [INFO] Sensor recovered after 0 fault cycle(s) - Resuming normal operation
[2026-09-21 22:42:31] [INFO] Fan turned OFF
[2026-09-21 22:42:31] [INFO] Alarm turned OFF
[2026-09-21 22:42:31] [INFO] Status changed: SENSOR_ERROR -> NORMAL
[2026-09-21 22:42:31] [INFO] Temperature: 4.3C | Status: NORMAL | Fan: OFF | Alarm: OFF
[2026-09-21 22:42:32] [CRITICAL] Fan turned ON - Temperature CRITICAL
[2026-09-21 22:42:32] [CRITICAL] Alarm turned ON - Temperature CRITICAL!
[2026-09-21 22:42:32] [INFO] Status changed: NORMAL -> CRITICAL
[2026-09-21 22:42:32] [INFO] Temperature: 42.3C | Status: CRITICAL | Fan: ON | Alarm: ON
[2026-09-21 22:42:33] [INFO] Temperature: 47.1C | Status: CRITICAL | Fan: ON | Alarm: ON
[2026-09-21 22:42:34] [INFO] Fan turned OFF
[2026-09-21 22:42:34] [INFO] Alarm turned OFF
[2026-09-21 22:42:34] [INFO] Status changed: CRITICAL -> NORMAL
[2026-09-21 22:42:34] [INFO] Temperature: 25.0C | Status: NORMAL | Fan: OFF | Alarm: OFF
[2026-09-21 22:42:35] [WARNING] Fan turned ON - Temperature WARNING
[2026-09-21 22:42:35] [INFO] Status changed: NORMAL -> WARNING
[2026-09-21 22:42:35] [INFO] Temperature: 34.5C | Status: WARNING | Fan: ON | Alarm: OFF
[2026-09-21 22:42:36] [CRITICAL] Alarm turned ON - Temperature CRITICAL!
[2026-09-21 22:42:36] [INFO] Status changed: WARNING -> CRITICAL
[2026-09-21 22:42:36] [INFO] Temperature: 49.8C | Status: CRITICAL | Fan: ON | Alarm: ON
[2026-09-21 22:42:37] [INFO] Temperature: 50.9C | Status: CRITICAL | Fan: ON | Alarm: ON
[2026-09-21 22:42:38] [INFO] Fan turned OFF
[2026-09-21 22:42:38] [INFO] Alarm turned OFF
[2026-09-21 22:42:38] [INFO] Status changed: CRITICAL -> NORMAL
[2026-09-21 22:42:38] [INFO] Temperature: 19.6C | Status: NORMAL | Fan: OFF | Alarm: OFF
[2026-09-21 22:42:39] [CRITICAL] Fan turned ON - Temperature CRITICAL
[2026-09-21 22:42:39] [CRITICAL] Alarm turned ON - Temperature CRITICAL!
[2026-09-21 22:42:39] [INFO] Status changed: NORMAL -> CRITICAL
[2026-09-21 22:42:39] [INFO] Temperature: 43.1C | Status: CRITICAL | Fan: ON | Alarm: ON
[2026-09-21 22:42:40] [INFO] Temperature: 58.9C | Status: CRITICAL | Fan: ON | Alarm: ON
[2026-09-21 22:42:41] [INFO] Fan turned OFF
[2026-09-21 22:42:41] [INFO] Alarm turned OFF
[2026-09-21 22:42:41] [INFO] Status changed: CRITICAL -> NORMAL
[2026-09-21 22:42:41] [INFO] Temperature: 13.1C | Status: NORMAL | Fan: OFF | Alarm: OFF
[2026-09-21 22:42:42] [CRITICAL] Fan turned ON - Temperature CRITICAL
[2026-09-21 22:42:42] [CRITICAL] Alarm turned ON - Temperature CRITICAL!
[2026-09-21 22:42:42] [INFO] Status changed: NORMAL -> CRITICAL
[2026-09-21 22:42:42] [INFO] Temperature: 53.1C | Status: CRITICAL | Fan: ON | Alarm: ON
[2026-09-21 22:42:43] [INFO] Temperature: 56.9C | Status: CRITICAL | Fan: ON | Alarm: ON
[2026-09-21 22:42:44] [WARNING] Sensor transient fault detected (Count: 1/3) - Raw value: 120.0C - Holding last valid state
[2026-09-21 22:42:45] [INFO] Sensor recovered after 0 fault cycle(s) - Resuming normal operation
[2026-09-21 22:42:45] [INFO] Alarm turned OFF
[2026-09-21 22:42:45] [INFO] Status changed: SENSOR_ERROR -> WARNING
[2026-09-21 22:42:45] [INFO] Temperature: 37.1C | Status: WARNING | Fan: ON | Alarm: OFF
[2026-09-21 22:42:46] [INFO] Fan turned OFF
[2026-09-21 22:42:46] [INFO] Status changed: WARNING -> NORMAL
[2026-09-21 22:42:46] [INFO] Temperature: 6.1C | Status: NORMAL | Fan: OFF | Alarm: OFF
[2026-09-21 22:42:47] [INFO] Temperature: 18.0C | Status: NORMAL | Fan: OFF | Alarm: OFF
[2026-09-21 22:42:49] [CRITICAL] Fan turned ON - Temperature CRITICAL
[2026-09-21 22:42:49] [CRITICAL] Alarm turned ON - Temperature CRITICAL!
[2026-09-21 22:42:49] [INFO] Status changed: NORMAL -> CRITICAL
[2026-09-21 22:42:49] [INFO] Temperature: 54.5C | Status: CRITICAL | Fan: ON | Alarm: ON
[2026-09-21 22:42:50] [INFO] Temperature: 57.4C | Status: CRITICAL | Fan: ON | Alarm: ON
[2026-09-21 22:42:51] [INFO] Fan turned OFF
[2026-09-21 22:42:51] [INFO] Alarm turned OFF
[2026-09-21 22:42:51] [INFO] Status changed: CRITICAL -> NORMAL
[2026-09-21 22:42:51] [INFO] Temperature: 12.2C | Status: NORMAL | Fan: OFF | Alarm: OFF
[2026-09-21 22:42:52] [INFO] Temperature: 2.0C | Status: NORMAL | Fan: OFF | Alarm: OFF
[2026-09-21 22:42:53] [WARNING] Fan turned ON - Temperature WARNING
[2026-09-21 22:42:53] [INFO] Status changed: NORMAL -> WARNING
[2026-09-21 22:42:53] [INFO] Temperature: 35.0C | Status: WARNING | Fan: ON | Alarm: OFF
[2026-09-21 22:42:54] [INFO] Fan turned OFF
[2026-09-21 22:42:54] [INFO] Status changed: WARNING -> NORMAL
[2026-09-21 22:42:54] [INFO] Temperature: 4.5C | Status: NORMAL | Fan: OFF | Alarm: OFF
[2026-09-21 22:42:55] [CRITICAL] Fan turned ON - Temperature CRITICAL
[2026-09-21 22:42:55] [CRITICAL] Alarm turned ON - Temperature CRITICAL!
[2026-09-21 22:42:55] [INFO] Status changed: NORMAL -> CRITICAL
[2026-09-21 22:42:55] [INFO] Temperature: 59.0C | Status: CRITICAL | Fan: ON | Alarm: ON
[2026-09-21 22:42:56] [INFO] Fan turned OFF
[2026-09-21 22:42:56] [INFO] Alarm turned OFF
[2026-09-21 22:42:56] [INFO] Status changed: CRITICAL -> NORMAL
[2026-09-21 22:42:56] [INFO] Temperature: 23.0C | Status: NORMAL | Fan: OFF | Alarm: OFF
[2026-09-21 22:42:57] [CRITICAL] Fan turned ON - Temperature CRITICAL
[2026-09-21 22:42:57] [CRITICAL] Alarm turned ON - Temperature CRITICAL!
[2026-09-21 22:42:57] [INFO] Status changed: NORMAL -> CRITICAL
[2026-09-21 22:42:57] [INFO] Temperature: 40.4C | Status: CRITICAL | Fan: ON | Alarm: ON
[2026-09-21 22:42:58] [INFO] Fan turned OFF
[2026-09-21 22:42:58] [INFO] Alarm turned OFF
[2026-09-21 22:42:58] [INFO] Status changed: CRITICAL -> NORMAL
[2026-09-21 22:42:58] [INFO] Temperature: 20.9C | Status: NORMAL | Fan: OFF | Alarm: OFF
[2026-09-21 22:42:59] [INFO] Temperature: 12.4C | Status: NORMAL | Fan: OFF | Alarm: OFF
[2026-09-21 22:43:00] [WARNING] Fan turned ON - Temperature WARNING
[2026-09-21 22:43:00] [INFO] Status changed: NORMAL -> WARNING
[2026-09-21 22:43:00] [INFO] Temperature: 38.6C | Status: WARNING | Fan: ON | Alarm: OFF
[2026-09-21 22:43:01] [INFO] Temperature: 36.1C | Status: WARNING | Fan: ON | Alarm: OFF
[2026-09-21 22:43:02] [INFO] Fan turned OFF
[2026-09-21 22:43:02] [INFO] Status changed: WARNING -> NORMAL
[2026-09-21 22:43:02] [INFO] Temperature: 26.5C | Status: NORMAL | Fan: OFF | Alarm: OFF
[2026-09-21 22:43:03] [INFO] Temperature: 16.3C | Status: NORMAL | Fan: OFF | Alarm: OFF
[2026-09-21 22:43:04] [CRITICAL] Fan turned ON - Temperature CRITICAL
[2026-09-21 22:43:04] [CRITICAL] Alarm turned ON - Temperature CRITICAL!
[2026-09-21 22:43:04] [INFO] Status changed: NORMAL -> CRITICAL
[2026-09-21 22:43:04] [INFO] Temperature: 50.9C | Status: CRITICAL | Fan: ON | Alarm: ON
[2026-09-21 22:43:05] [INFO] Temperature: 43.0C | Status: CRITICAL | Fan: ON | Alarm: ON
[2026-09-21 22:43:06] [INFO] Fan turned OFF
[2026-09-21 22:43:06] [INFO] Alarm turned OFF
[2026-09-21 22:43:06] [INFO] Status changed: CRITICAL -> NORMAL
[2026-09-21 22:43:06] [INFO] Temperature: 19.3C | Status: NORMAL | Fan: OFF | Alarm: OFF
[2026-09-21 22:43:07] [CRITICAL] Fan turned ON - Temperature CRITICAL
[2026-09-21 22:43:07] [CRITICAL] Alarm turned ON - Temperature CRITICAL!
[2026-09-21 22:43:07] [INFO] Status changed: NORMAL -> CRITICAL
[2026-09-21 22:43:07] [INFO] Temperature: 51.2C | Status: CRITICAL | Fan: ON | Alarm: ON
[2026-09-21 22:43:08] [INFO] Temperature: 54.8C | Status: CRITICAL | Fan: ON | Alarm: ON
[2026-09-21 22:43:09] [INFO] Temperature: 48.9C | Status: CRITICAL | Fan: ON | Alarm: ON
[2026-09-21 22:43:10] [INFO] Fan turned OFF
[2026-09-21 22:43:10] [INFO] Alarm turned OFF
[2026-09-21 22:43:10] [INFO] Status changed: CRITICAL -> NORMAL
[2026-09-21 22:43:10] [INFO] Temperature: 6.5C | Status: NORMAL | Fan: OFF | Alarm: OFF
[2026-09-21 22:43:11] [INFO] Temperature: 8.9C | Status: NORMAL | Fan: OFF | Alarm: OFF
[2026-09-21 22:43:12] [WARNING] Fan turned ON - Temperature WARNING
[2026-09-21 22:43:12] [INFO] Status changed: NORMAL -> WARNING
[2026-09-21 22:43:12] [INFO] Temperature: 35.9C | Status: WARNING | Fan: ON | Alarm: OFF
[2026-09-21 22:43:13] [INFO] Fan turned OFF
[2026-09-21 22:43:13] [INFO] Status changed: WARNING -> NORMAL
[2026-09-21 22:43:13] [INFO] Temperature: 18.7C | Status: NORMAL | Fan: OFF | Alarm: OFF
[2026-09-21 22:43:14] [WARNING] Fan turned ON - Temperature WARNING
[2026-09-21 22:43:14] [INFO] Status changed: NORMAL -> WARNING
[2026-09-21 22:43:14] [INFO] Temperature: 32.9C | Status: WARNING | Fan: ON | Alarm: OFF
[2026-09-21 22:43:15] [INFO] Temperature: 30.1C | Status: WARNING | Fan: ON | Alarm: OFF
[2026-09-21 22:43:16] [INFO] Fan turned OFF
[2026-09-21 22:43:16] [INFO] Status changed: WARNING -> NORMAL
[2026-09-21 22:43:16] [INFO] Temperature: 15.3C | Status: NORMAL | Fan: OFF | Alarm: OFF
[2026-09-21 22:43:17] [CRITICAL] Fan turned ON - Temperature CRITICAL
[2026-09-21 22:43:17] [CRITICAL] Alarm turned ON - Temperature CRITICAL!
[2026-09-21 22:43:17] [INFO] Status changed: NORMAL -> CRITICAL
[2026-09-21 22:43:17] [INFO] Temperature: 47.9C | Status: CRITICAL | Fan: ON | Alarm: ON
[2026-09-21 22:43:18] [INFO] Alarm turned OFF
[2026-09-21 22:43:18] [INFO] Status changed: CRITICAL -> WARNING
[2026-09-21 22:43:18] [INFO] Temperature: 38.5C | Status: WARNING | Fan: ON | Alarm: OFF
[2026-09-21 22:43:19] [INFO] Mode changed to: MANUAL
[2026-09-21 22:43:19] [INFO] Temperature: 38.5C | Status: WARNING | Fan: ON | Alarm: OFF
[2026-09-21 22:43:20] [INFO] Temperature: 38.5C | Status: WARNING | Fan: ON | Alarm: OFF
[2026-09-21 22:43:21] [INFO] Temperature: 38.5C | Status: WARNING | Fan: ON | Alarm: OFF
[2026-09-21 22:43:22] [INFO] Temperature: 38.5C | Status: WARNING | Fan: ON | Alarm: OFF
[2026-09-21 22:43:23] [INFO] Temperature: 38.5C | Status: WARNING | Fan: ON | Alarm: OFF
[2026-09-21 22:43:24] [INFO] Temperature: 38.5C | Status: WARNING | Fan: ON | Alarm: OFF
[2026-09-21 22:43:25] [INFO] Temperature: 38.5C | Status: WARNING | Fan: ON | Alarm: OFF
[2026-09-21 22:43:27] [INFO] Temperature: 38.5C | Status: WARNING | Fan: ON | Alarm: OFF
[2026-09-21 22:43:28] [INFO] Temperature: 38.5C | Status: WARNING | Fan: ON | Alarm: OFF
[2026-09-21 22:43:29] [INFO] Temperature: 38.5C | Status: WARNING | Fan: ON | Alarm: OFF
[2026-09-21 22:43:30] [CRITICAL] Alarm turned ON - Temperature CRITICAL!
[2026-09-21 22:43:30] [INFO] Status changed: WARNING -> CRITICAL
[2026-09-21 22:43:30] [INFO] Temperature: 45.0C | Status: CRITICAL | Fan: ON | Alarm: ON
[2026-09-21 22:43:31] [INFO] Temperature: 45.0C | Status: CRITICAL | Fan: ON | Alarm: ON
[2026-09-21 22:43:32] [INFO] Temperature: 45.0C | Status: CRITICAL | Fan: ON | Alarm: ON
[2026-09-21 22:43:33] [INFO] Temperature: 45.0C | Status: CRITICAL | Fan: ON | Alarm: ON
[2026-09-21 22:43:34] [INFO] Temperature: 45.0C | Status: CRITICAL | Fan: ON | Alarm: ON
[2026-09-21 22:43:35] [INFO] Temperature: 45.0C | Status: CRITICAL | Fan: ON | Alarm: ON
[2026-09-21 22:43:36] [INFO] Temperature: 45.0C | Status: CRITICAL | Fan: ON | Alarm: ON
[2026-09-21 22:43:37] [INFO] Temperature: 45.0C | Status: CRITICAL | Fan: ON | Alarm: ON
[2026-09-21 22:43:38] [INFO] Temperature: 45.0C | Status: CRITICAL | Fan: ON | Alarm: ON
[2026-09-21 22:43:39] [INFO] Temperature: 45.0C | Status: CRITICAL | Fan: ON | Alarm: ON
[2026-09-21 22:43:40] [INFO] System shutdown requested by user
[2026-09-21 22:43:40] [INFO] === System Shutdown ===
========================================

========================================
[2026-09-21 22:50:55] [INFO] === System Started ===
[2026-09-21 22:50:55] [INFO] Mode: MANUAL
[2026-09-21 22:50:55] [INFO] Controller initialized - Fan threshold: 30C, Alarm threshold: 40C, Valid range: [0, 60]C, Fault threshold: 3 cycles
[2026-09-21 22:50:55] [INFO] Temperature: 25.0C | Status: NORMAL | Fan: OFF | Alarm: OFF
[2026-09-21 22:50:56] [INFO] Temperature: 25.0C | Status: NORMAL | Fan: OFF | Alarm: OFF
[2026-09-21 22:50:57] [INFO] Temperature: 25.0C | Status: NORMAL | Fan: OFF | Alarm: OFF
[2026-09-21 22:50:58] [INFO] Temperature: 25.0C | Status: NORMAL | Fan: OFF | Alarm: OFF
[2026-09-21 22:50:59] [INFO] Temperature: 25.0C | Status: NORMAL | Fan: OFF | Alarm: OFF
[2026-09-21 22:51:00] [INFO] Temperature: 25.0C | Status: NORMAL | Fan: OFF | Alarm: OFF
[2026-09-21 22:51:01] [INFO] Temperature: 25.0C | Status: NORMAL | Fan: OFF | Alarm: OFF
[2026-09-21 22:51:02] [INFO] Temperature: 25.0C | Status: NORMAL | Fan: OFF | Alarm: OFF
[2026-09-21 22:51:03] [INFO] Temperature: 25.0C | Status: NORMAL | Fan: OFF | Alarm: OFF
[2026-09-21 22:51:04] [INFO] Temperature: 25.0C | Status: NORMAL | Fan: OFF | Alarm: OFF
[2026-09-21 22:51:05] [INFO] Temperature: 25.0C | Status: NORMAL | Fan: OFF | Alarm: OFF
[2026-09-21 22:51:06] [INFO] Temperature: 25.0C | Status: NORMAL | Fan: OFF | Alarm: OFF
[2026-09-21 22:51:07] [INFO] Temperature: 25.0C | Status: NORMAL | Fan: OFF | Alarm: OFF
[2026-09-21 22:51:08] [INFO] Temperature: 25.0C | Status: NORMAL | Fan: OFF | Alarm: OFF
[2026-09-21 22:51:09] [INFO] Temperature: 25.0C | Status: NORMAL | Fan: OFF | Alarm: OFF
[2026-09-21 22:51:10] [INFO] Temperature: 25.0C | Status: NORMAL | Fan: OFF | Alarm: OFF
[2026-09-21 22:51:11] [INFO] Temperature: 25.0C | Status: NORMAL | Fan: OFF | Alarm: OFF
[2026-09-21 22:51:12] [INFO] Temperature: 25.0C | Status: NORMAL | Fan: OFF | Alarm: OFF
[2026-09-21 22:51:13] [INFO] Temperature: 25.0C | Status: NORMAL | Fan: OFF | Alarm: OFF
[2026-09-21 22:51:14] [INFO] Temperature: 25.0C | Status: NORMAL | Fan: OFF | Alarm: OFF
[2026-09-21 22:51:15] [INFO] Temperature: 25.0C | Status: NORMAL | Fan: OFF | Alarm: OFF
[2026-09-21 22:51:16] [WARNING] Fan turned ON - Temperature WARNING
[2026-09-21 22:51:16] [INFO] Status changed: NORMAL -> WARNING
[2026-09-21 22:51:16] [INFO] Temperature: 32.0C | Status: WARNING | Fan: ON | Alarm: OFF
[2026-09-21 22:51:17] [INFO] Temperature: 32.0C | Status: WARNING | Fan: ON | Alarm: OFF
[2026-09-21 22:51:18] [INFO] Temperature: 32.0C | Status: WARNING | Fan: ON | Alarm: OFF
[2026-09-21 22:51:19] [INFO] Temperature: 32.0C | Status: WARNING | Fan: ON | Alarm: OFF
[2026-09-21 22:51:20] [INFO] Temperature: 32.0C | Status: WARNING | Fan: ON | Alarm: OFF
[2026-09-21 22:51:21] [INFO] Temperature: 32.0C | Status: WARNING | Fan: ON | Alarm: OFF
[2026-09-21 22:51:22] [INFO] Temperature: 32.0C | Status: WARNING | Fan: ON | Alarm: OFF
[2026-09-21 22:51:23] [INFO] Temperature: 32.0C | Status: WARNING | Fan: ON | Alarm: OFF
[2026-09-21 22:51:24] [INFO] Temperature: 32.0C | Status: WARNING | Fan: ON | Alarm: OFF
[2026-09-21 22:51:25] [INFO] Temperature: 32.0C | Status: WARNING | Fan: ON | Alarm: OFF
[2026-09-21 22:51:26] [INFO] Temperature: 32.0C | Status: WARNING | Fan: ON | Alarm: OFF
[2026-09-21 22:51:27] [INFO] Temperature: 32.0C | Status: WARNING | Fan: ON | Alarm: OFF
[2026-09-21 22:51:28] [INFO] Temperature: 32.0C | Status: WARNING | Fan: ON | Alarm: OFF
[2026-09-21 22:51:29] [INFO] Temperature: 32.0C | Status: WARNING | Fan: ON | Alarm: OFF
[2026-09-21 22:51:30] [INFO] Temperature: 32.0C | Status: WARNING | Fan: ON | Alarm: OFF
[2026-09-21 22:51:32] [INFO] Temperature: 32.0C | Status: WARNING | Fan: ON | Alarm: OFF
[2026-09-21 22:51:33] [INFO] Temperature: 32.0C | Status: WARNING | Fan: ON | Alarm: OFF
[2026-09-21 22:51:34] [INFO] Temperature: 32.0C | Status: WARNING | Fan: ON | Alarm: OFF
[2026-09-21 22:51:35] [INFO] Temperature: 32.0C | Status: WARNING | Fan: ON | Alarm: OFF
[2026-09-21 22:51:36] [INFO] Temperature: 32.0C | Status: WARNING | Fan: ON | Alarm: OFF
[2026-09-21 22:51:37] [INFO] Temperature: 32.0C | Status: WARNING | Fan: ON | Alarm: OFF
[2026-09-21 22:51:38] [INFO] Temperature: 32.0C | Status: WARNING | Fan: ON | Alarm: OFF
[2026-09-21 22:51:39] [INFO] Temperature: 32.0C | Status: WARNING | Fan: ON | Alarm: OFF
[2026-09-21 22:51:40] [INFO] Temperature: 32.0C | Status: WARNING | Fan: ON | Alarm: OFF
[2026-09-21 22:51:41] [INFO] Temperature: 32.0C | Status: WARNING | Fan: ON | Alarm: OFF
[2026-09-21 22:51:42] [INFO] Temperature: 32.0C | Status: WARNING | Fan: ON | Alarm: OFF
[2026-09-21 22:51:43] [INFO] Temperature: 32.0C | Status: WARNING | Fan: ON | Alarm: OFF
[2026-09-21 22:51:44] [INFO] Temperature: 32.0C | Status: WARNING | Fan: ON | Alarm: OFF
[2026-09-21 22:51:45] [INFO] Temperature: 32.0C | Status: WARNING | Fan: ON | Alarm: OFF
[2026-09-21 22:51:46] [INFO] Temperature: 32.0C | Status: WARNING | Fan: ON | Alarm: OFF
[2026-09-21 22:51:47] [INFO] Temperature: 32.0C | Status: WARNING | Fan: ON | Alarm: OFF
[2026-09-21 22:51:48] [INFO] Temperature: 32.0C | Status: WARNING | Fan: ON | Alarm: OFF
[2026-09-21 22:51:49] [INFO] Temperature: 32.0C | Status: WARNING | Fan: ON | Alarm: OFF
[2026-09-21 22:51:50] [INFO] Temperature: 32.0C | Status: WARNING | Fan: ON | Alarm: OFF
[2026-09-21 22:51:51] [INFO] Temperature: 32.0C | Status: WARNING | Fan: ON | Alarm: OFF
[2026-09-21 22:51:52] [INFO] Temperature: 32.0C | Status: WARNING | Fan: ON | Alarm: OFF
[2026-09-21 22:51:53] [INFO] Temperature: 32.0C | Status: WARNING | Fan: ON | Alarm: OFF
[2026-09-21 22:51:54] [INFO] Temperature: 32.0C | Status: WARNING | Fan: ON | Alarm: OFF
[2026-09-21 22:51:55] [INFO] Temperature: 32.0C | Status: WARNING | Fan: ON | Alarm: OFF
[2026-09-21 22:51:56] [INFO] Temperature: 32.0C | Status: WARNING | Fan: ON | Alarm: OFF
[2026-09-21 22:51:57] [INFO] Temperature: 32.0C | Status: WARNING | Fan: ON | Alarm: OFF
[2026-09-21 22:51:58] [INFO] Temperature: 32.0C | Status: WARNING | Fan: ON | Alarm: OFF
[2026-09-21 22:51:59] [INFO] Temperature: 32.0C | Status: WARNING | Fan: ON | Alarm: OFF
[2026-09-21 22:52:00] [INFO] Temperature: 32.0C | Status: WARNING | Fan: ON | Alarm: OFF
[2026-09-21 22:52:01] [INFO] Temperature: 32.0C | Status: WARNING | Fan: ON | Alarm: OFF
[2026-09-21 22:52:02] [INFO] Temperature: 32.0C | Status: WARNING | Fan: ON | Alarm: OFF
[2026-09-21 22:52:03] [INFO] Temperature: 32.0C | Status: WARNING | Fan: ON | Alarm: OFF
[2026-09-21 22:52:04] [INFO] Temperature: 32.0C | Status: WARNING | Fan: ON | Alarm: OFF
[2026-09-21 22:52:05] [INFO] Temperature: 32.0C | Status: WARNING | Fan: ON | Alarm: OFF
[2026-09-21 22:52:06] [INFO] Temperature: 32.0C | Status: WARNING | Fan: ON | Alarm: OFF
[2026-09-21 22:52:07] [INFO] Temperature: 32.0C | Status: WARNING | Fan: ON | Alarm: OFF
[2026-09-21 22:52:08] [INFO] Temperature: 32.0C | Status: WARNING | Fan: ON | Alarm: OFF
[2026-09-21 22:52:09] [INFO] Temperature: 32.0C | Status: WARNING | Fan: ON | Alarm: OFF
[2026-09-21 22:52:10] [INFO] Temperature: 32.0C | Status: WARNING | Fan: ON | Alarm: OFF
[2026-09-21 22:52:11] [INFO] Temperature: 32.0C | Status: WARNING | Fan: ON | Alarm: OFF
[2026-09-21 22:52:13] [INFO] Temperature: 32.0C | Status: WARNING | Fan: ON | Alarm: OFF
[2026-09-21 22:52:14] [INFO] Temperature: 32.0C | Status: WARNING | Fan: ON | Alarm: OFF
[2026-09-21 22:52:15] [INFO] Temperature: 32.0C | Status: WARNING | Fan: ON | Alarm: OFF
[2026-09-21 22:52:16] [INFO] Temperature: 32.0C | Status: WARNING | Fan: ON | Alarm: OFF
[2026-09-21 22:52:17] [INFO] Temperature: 32.0C | Status: WARNING | Fan: ON | Alarm: OFF
[2026-09-21 22:52:18] [INFO] Temperature: 32.0C | Status: WARNING | Fan: ON | Alarm: OFF
[2026-09-21 22:52:19] [INFO] Temperature: 32.0C | Status: WARNING | Fan: ON | Alarm: OFF
[2026-09-21 22:52:20] [INFO] Temperature: 32.0C | Status: WARNING | Fan: ON | Alarm: OFF
[2026-09-21 22:52:21] [INFO] Temperature: 32.0C | Status: WARNING | Fan: ON | Alarm: OFF
[2026-09-21 22:52:22] [INFO] Temperature: 32.0C | Status: WARNING | Fan: ON | Alarm: OFF
[2026-09-21 22:52:23] [INFO] Temperature: 32.0C | Status: WARNING | Fan: ON | Alarm: OFF
[2026-09-21 22:52:25] [INFO] Temperature: 32.0C | Status: WARNING | Fan: ON | Alarm: OFF
[2026-09-21 22:52:26] [INFO] Temperature: 32.0C | Status: WARNING | Fan: ON | Alarm: OFF
[2026-09-21 22:52:27] [INFO] Temperature: 32.0C | Status: WARNING | Fan: ON | Alarm: OFF
[2026-09-21 22:52:28] [INFO] Temperature: 32.0C | Status: WARNING | Fan: ON | Alarm: OFF
[2026-09-21 22:52:29] [INFO] Temperature: 32.0C | Status: WARNING | Fan: ON | Alarm: OFF
[2026-09-21 22:52:30] [INFO] Temperature: 32.0C | Status: WARNING | Fan: ON | Alarm: OFF
[2026-09-21 22:52:31] [INFO] Temperature: 32.0C | Status: WARNING | Fan: ON | Alarm: OFF
[2026-09-21 22:52:32] [INFO] Temperature: 32.0C | Status: WARNING | Fan: ON | Alarm: OFF
[2026-09-21 22:52:33] [INFO] Temperature: 32.0C | Status: WARNING | Fan: ON | Alarm: OFF
[2026-09-21 22:52:34] [INFO] Temperature: 32.0C | Status: WARNING | Fan: ON | Alarm: OFF
[2026-09-21 22:52:35] [INFO] Temperature: 32.0C | Status: WARNING | Fan: ON | Alarm: OFF
[2026-09-21 22:52:36] [INFO] Temperature: 32.0C | Status: WARNING | Fan: ON | Alarm: OFF
[2026-09-21 22:52:37] [INFO] Temperature: 32.0C | Status: WARNING | Fan: ON | Alarm: OFF
[2026-09-21 22:52:38] [INFO] Temperature: 32.0C | Status: WARNING | Fan: ON | Alarm: OFF
[2026-09-21 22:52:39] [INFO] Temperature: 32.0C | Status: WARNING | Fan: ON | Alarm: OFF
[2026-09-21 22:52:40] [INFO] Temperature: 32.0C | Status: WARNING | Fan: ON | Alarm: OFF
[2026-09-21 22:52:41] [INFO] Temperature: 32.0C | Status: WARNING | Fan: ON | Alarm: OFF
[2026-09-21 22:52:42] [INFO] Temperature: 32.0C | Status: WARNING | Fan: ON | Alarm: OFF
[2026-09-21 22:52:43] [INFO] Temperature: 32.0C | Status: WARNING | Fan: ON | Alarm: OFF
[2026-09-21 22:52:44] [INFO] Temperature: 32.0C | Status: WARNING | Fan: ON | Alarm: OFF
[2026-09-21 22:52:45] [INFO] Temperature: 32.0C | Status: WARNING | Fan: ON | Alarm: OFF
[2026-09-21 22:52:46] [INFO] Temperature: 32.0C | Status: WARNING | Fan: ON | Alarm: OFF
[2026-09-21 22:52:47] [INFO] Temperature: 32.0C | Status: WARNING | Fan: ON | Alarm: OFF
[2026-09-21 22:52:48] [INFO] Temperature: 32.0C | Status: WARNING | Fan: ON | Alarm: OFF
[2026-09-21 22:52:49] [INFO] Temperature: 32.0C | Status: WARNING | Fan: ON | Alarm: OFF
[2026-09-21 22:52:50] [INFO] Temperature: 32.0C | Status: WARNING | Fan: ON | Alarm: OFF
[2026-09-21 22:52:51] [INFO] Temperature: 32.0C | Status: WARNING | Fan: ON | Alarm: OFF
[2026-09-21 22:52:52] [INFO] Temperature: 32.0C | Status: WARNING | Fan: ON | Alarm: OFF
[2026-09-21 22:52:53] [INFO] Temperature: 32.0C | Status: WARNING | Fan: ON | Alarm: OFF
[2026-09-21 22:52:55] [INFO] Temperature: 32.0C | Status: WARNING | Fan: ON | Alarm: OFF
[2026-09-21 22:52:56] [INFO] Temperature: 32.0C | Status: WARNING | Fan: ON | Alarm: OFF
[2026-09-21 22:52:57] [INFO] Temperature: 32.0C | Status: WARNING | Fan: ON | Alarm: OFF
[2026-09-21 22:52:58] [INFO] Temperature: 32.0C | Status: WARNING | Fan: ON | Alarm: OFF
[2026-09-21 22:52:59] [INFO] Temperature: 32.0C | Status: WARNING | Fan: ON | Alarm: OFF
[2026-09-21 22:53:00] [INFO] Temperature: 32.0C | Status: WARNING | Fan: ON | Alarm: OFF
[2026-09-21 22:53:01] [INFO] Temperature: 32.0C | Status: WARNING | Fan: ON | Alarm: OFF
[2026-09-21 22:53:02] [INFO] Temperature: 32.0C | Status: WARNING | Fan: ON | Alarm: OFF
[2026-09-21 22:53:03] [INFO] Temperature: 32.0C | Status: WARNING | Fan: ON | Alarm: OFF
[2026-09-21 22:53:04] [INFO] Temperature: 32.0C | Status: WARNING | Fan: ON | Alarm: OFF
[2026-09-21 22:53:05] [INFO] Temperature: 32.0C | Status: WARNING | Fan: ON | Alarm: OFF
[2026-09-21 22:53:06] [INFO] Temperature: 32.0C | Status: WARNING | Fan: ON | Alarm: OFF
[2026-09-21 22:53:07] [INFO] Temperature: 32.0C | Status: WARNING | Fan: ON | Alarm: OFF
[2026-09-21 22:53:08] [INFO] Temperature: 32.0C | Status: WARNING | Fan: ON | Alarm: OFF
[2026-09-21 22:53:09] [INFO] Temperature: 32.0C | Status: WARNING | Fan: ON | Alarm: OFF
[2026-09-21 22:53:10] [INFO] Temperature: 32.0C | Status: WARNING | Fan: ON | Alarm: OFF
[2026-09-21 22:53:11] [INFO] Temperature: 32.0C | Status: WARNING | Fan: ON | Alarm: OFF
[2026-09-21 22:53:12] [INFO] Temperature: 32.0C | Status: WARNING | Fan: ON | Alarm: OFF
[2026-09-21 22:53:13] [INFO] Temperature: 32.0C | Status: WARNING | Fan: ON | Alarm: OFF
[2026-09-21 22:53:14] [INFO] Temperature: 32.0C | Status: WARNING | Fan: ON | Alarm: OFF
[2026-09-21 22:53:15] [INFO] Temperature: 32.0C | Status: WARNING | Fan: ON | Alarm: OFF
[2026-09-21 22:53:16] [INFO] Temperature: 32.0C | Status: WARNING | Fan: ON | Alarm: OFF
[2026-09-21 22:53:17] [INFO] Temperature: 32.0C | Status: WARNING | Fan: ON | Alarm: OFF
[2026-09-21 22:53:18] [INFO] Temperature: 32.0C | Status: WARNING | Fan: ON | Alarm: OFF
[2026-09-21 22:53:19] [INFO] Temperature: 32.0C | Status: WARNING | Fan: ON | Alarm: OFF
[2026-09-21 22:53:20] [INFO] Temperature: 32.0C | Status: WARNING | Fan: ON | Alarm: OFF
[2026-09-21 22:53:21] [INFO] Temperature: 32.0C | Status: WARNING | Fan: ON | Alarm: OFF
[2026-09-21 22:53:22] [INFO] Temperature: 32.0C | Status: WARNING | Fan: ON | Alarm: OFF
[2026-09-21 22:53:23] [INFO] Temperature: 32.0C | Status: WARNING | Fan: ON | Alarm: OFF
[2026-09-21 22:53:25] [INFO] Temperature: 32.0C | Status: WARNING | Fan: ON | Alarm: OFF
[2026-09-21 22:53:26] [INFO] Temperature: 32.0C | Status: WARNING | Fan: ON | Alarm: OFF
[2026-09-21 22:53:27] [INFO] Temperature: 32.0C | Status: WARNING | Fan: ON | Alarm: OFF
[2026-09-21 22:53:28] [INFO] Temperature: 32.0C | Status: WARNING | Fan: ON | Alarm: OFF
[2026-09-21 22:53:29] [INFO] Temperature: 32.0C | Status: WARNING | Fan: ON | Alarm: OFF
[2026-09-21 22:53:30] [INFO] Temperature: 32.0C | Status: WARNING | Fan: ON | Alarm: OFF
[2026-09-21 22:53:31] [INFO] Temperature: 32.0C | Status: WARNING | Fan: ON | Alarm: OFF
[2026-09-21 22:53:32] [INFO] Temperature: 32.0C | Status: WARNING | Fan: ON | Alarm: OFF
[2026-09-21 22:53:33] [INFO] Temperature: 32.0C | Status: WARNING | Fan: ON | Alarm: OFF
[2026-09-21 22:53:34] [INFO] Temperature: 32.0C | Status: WARNING | Fan: ON | Alarm: OFF
[2026-09-21 22:53:35] [INFO] Temperature: 32.0C | Status: WARNING | Fan: ON | Alarm: OFF
[2026-09-21 22:53:36] [INFO] Temperature: 32.0C | Status: WARNING | Fan: ON | Alarm: OFF
[2026-09-21 22:53:37] [INFO] Temperature: 32.0C | Status: WARNING | Fan: ON | Alarm: OFF
[2026-09-21 22:53:38] [INFO] Temperature: 32.0C | Status: WARNING | Fan: ON | Alarm: OFF
[2026-09-21 22:53:39] [INFO] Temperature: 32.0C | Status: WARNING | Fan: ON | Alarm: OFF
[2026-09-21 22:53:40] [INFO] Temperature: 32.0C | Status: WARNING | Fan: ON | Alarm: OFF
[2026-09-21 22:53:41] [INFO] Temperature: 32.0C | Status: WARNING | Fan: ON | Alarm: OFF
[2026-09-21 22:53:42] [INFO] Temperature: 32.0C | Status: WARNING | Fan: ON | Alarm: OFF
[2026-09-21 22:53:43] [INFO] Temperature: 32.0C | Status: WARNING | Fan: ON | Alarm: OFF
[2026-09-21 22:53:44] [INFO] Temperature: 32.0C | Status: WARNING | Fan: ON | Alarm: OFF
[2026-09-21 22:53:45] [INFO] Temperature: 32.0C | Status: WARNING | Fan: ON | Alarm: OFF
[2026-09-21 22:53:46] [INFO] Temperature: 32.0C | Status: WARNING | Fan: ON | Alarm: OFF
[2026-09-21 22:53:47] [INFO] Temperature: 32.0C | Status: WARNING | Fan: ON | Alarm: OFF
[2026-09-21 22:53:48] [INFO] Temperature: 32.0C | Status: WARNING | Fan: ON | Alarm: OFF
[2026-09-21 22:53:49] [INFO] Temperature: 32.0C | Status: WARNING | Fan: ON | Alarm: OFF
[2026-09-21 22:53:50] [INFO] Temperature: 32.0C | Status: WARNING | Fan: ON | Alarm: OFF
[2026-09-21 22:53:51] [INFO] Temperature: 32.0C | Status: WARNING | Fan: ON | Alarm: OFF
[2026-09-21 22:53:52] [INFO] Temperature: 32.0C | Status: WARNING | Fan: ON | Alarm: OFF
[2026-09-21 22:53:53] [INFO] Temperature: 32.0C | Status: WARNING | Fan: ON | Alarm: OFF
[2026-09-21 22:53:54] [INFO] Temperature: 32.0C | Status: WARNING | Fan: ON | Alarm: OFF
[2026-09-21 22:53:55] [INFO] Temperature: 32.0C | Status: WARNING | Fan: ON | Alarm: OFF
[2026-09-21 22:53:56] [INFO] Temperature: 32.0C | Status: WARNING | Fan: ON | Alarm: OFF
[2026-09-21 22:53:57] [INFO] Temperature: 32.0C | Status: WARNING | Fan: ON | Alarm: OFF
[2026-09-21 22:53:59] [INFO] Temperature: 32.0C | Status: WARNING | Fan: ON | Alarm: OFF
[2026-09-21 22:54:00] [INFO] Temperature: 32.0C | Status: WARNING | Fan: ON | Alarm: OFF
[2026-09-21 22:54:01] [INFO] Temperature: 32.0C | Status: WARNING | Fan: ON | Alarm: OFF
[2026-09-21 22:54:02] [INFO] Temperature: 32.0C | Status: WARNING | Fan: ON | Alarm: OFF
[2026-09-21 22:54:03] [INFO] Temperature: 32.0C | Status: WARNING | Fan: ON | Alarm: OFF
[2026-09-21 22:54:04] [INFO] Temperature: 32.0C | Status: WARNING | Fan: ON | Alarm: OFF
[2026-09-21 22:54:05] [INFO] Temperature: 32.0C | Status: WARNING | Fan: ON | Alarm: OFF
[2026-09-21 22:54:06] [INFO] Temperature: 32.0C | Status: WARNING | Fan: ON | Alarm: OFF
[2026-09-21 22:54:07] [INFO] Temperature: 32.0C | Status: WARNING | Fan: ON | Alarm: OFF
[2026-09-21 22:54:08] [INFO] Temperature: 32.0C | Status: WARNING | Fan: ON | Alarm: OFF
[2026-09-21 22:54:09] [INFO] Temperature: 32.0C | Status: WARNING | Fan: ON | Alarm: OFF
[2026-09-21 22:54:10] [INFO] Temperature: 32.0C | Status: WARNING | Fan: ON | Alarm: OFF
[2026-09-21 22:54:11] [INFO] Temperature: 32.0C | Status: WARNING | Fan: ON | Alarm: OFF
[2026-09-21 22:54:12] [INFO] Temperature: 32.0C | Status: WARNING | Fan: ON | Alarm: OFF
[2026-09-21 22:54:13] [INFO] Temperature: 32.0C | Status: WARNING | Fan: ON | Alarm: OFF
[2026-09-21 22:54:14] [INFO] Temperature: 32.0C | Status: WARNING | Fan: ON | Alarm: OFF
[2026-09-21 22:54:15] [INFO] Temperature: 32.0C | Status: WARNING | Fan: ON | Alarm: OFF
[2026-09-21 22:54:16] [INFO] Temperature: 32.0C | Status: WARNING | Fan: ON | Alarm: OFF
[2026-09-21 22:54:17] [INFO] Temperature: 32.0C | Status: WARNING | Fan: ON | Alarm: OFF
[2026-09-21 22:54:18] [INFO] Temperature: 32.0C | Status: WARNING | Fan: ON | Alarm: OFF
[2026-09-21 22:54:19] [INFO] Temperature: 32.0C | Status: WARNING | Fan: ON | Alarm: OFF
[2026-09-21 22:54:20] [INFO] Temperature: 32.0C | Status: WARNING | Fan: ON | Alarm: OFF
[2026-09-21 22:54:21] [INFO] Temperature: 32.0C | Status: WARNING | Fan: ON | Alarm: OFF
[2026-09-21 22:54:22] [INFO] Temperature: 32.0C | Status: WARNING | Fan: ON | Alarm: OFF
[2026-09-21 22:54:23] [INFO] Temperature: 32.0C | Status: WARNING | Fan: ON | Alarm: OFF
[2026-09-21 22:54:24] [INFO] Temperature: 32.0C | Status: WARNING | Fan: ON | Alarm: OFF
[2026-09-21 22:54:25] [INFO] Temperature: 32.0C | Status: WARNING | Fan: ON | Alarm: OFF
[2026-09-21 22:54:26] [INFO] Temperature: 32.0C | Status: WARNING | Fan: ON | Alarm: OFF
[2026-09-21 22:54:27] [INFO] Temperature: 32.0C | Status: WARNING | Fan: ON | Alarm: OFF
[2026-09-21 22:54:29] [INFO] Temperature: 32.0C | Status: WARNING | Fan: ON | Alarm: OFF
[2026-09-21 22:54:30] [INFO] Temperature: 32.0C | Status: WARNING | Fan: ON | Alarm: OFF
[2026-09-21 22:54:31] [INFO] Temperature: 32.0C | Status: WARNING | Fan: ON | Alarm: OFF
[2026-09-21 22:54:32] [INFO] Temperature: 32.0C | Status: WARNING | Fan: ON | Alarm: OFF
[2026-09-21 22:54:33] [INFO] Temperature: 32.0C | Status: WARNING | Fan: ON | Alarm: OFF
[2026-09-21 22:54:34] [INFO] Temperature: 32.0C | Status: WARNING | Fan: ON | Alarm: OFF
[2026-09-21 22:54:35] [INFO] Temperature: 32.0C | Status: WARNING | Fan: ON | Alarm: OFF
[2026-09-21 22:54:36] [INFO] Temperature: 32.0C | Status: WARNING | Fan: ON | Alarm: OFF
[2026-09-21 22:54:37] [INFO] Temperature: 32.0C | Status: WARNING | Fan: ON | Alarm: OFF
[2026-09-21 22:54:38] [INFO] Temperature: 32.0C | Status: WARNING | Fan: ON | Alarm: OFF
[2026-09-21 22:54:39] [INFO] Temperature: 32.0C | Status: WARNING | Fan: ON | Alarm: OFF
[2026-09-21 22:54:40] [INFO] Temperature: 32.0C | Status: WARNING | Fan: ON | Alarm: OFF
[2026-09-21 22:54:41] [INFO] Temperature: 32.0C | Status: WARNING | Fan: ON | Alarm: OFF
[2026-09-21 22:54:42] [INFO] Temperature: 32.0C | Status: WARNING | Fan: ON | Alarm: OFF
[2026-09-21 22:54:43] [INFO] Temperature: 32.0C | Status: WARNING | Fan: ON | Alarm: OFF
[2026-09-21 22:54:44] [INFO] Temperature: 32.0C | Status: WARNING | Fan: ON | Alarm: OFF
[2026-09-21 22:54:45] [INFO] Temperature: 32.0C | Status: WARNING | Fan: ON | Alarm: OFF
[2026-09-21 22:54:46] [INFO] Temperature: 32.0C | Status: WARNING | Fan: ON | Alarm: OFF
[2026-09-21 22:54:47] [INFO] Temperature: 32.0C | Status: WARNING | Fan: ON | Alarm: OFF
[2026-09-21 22:54:48] [INFO] Temperature: 32.0C | Status: WARNING | Fan: ON | Alarm: OFF
[2026-09-21 22:54:49] [INFO] Temperature: 32.0C | Status: WARNING | Fan: ON | Alarm: OFF
[2026-09-21 22:54:50] [INFO] Temperature: 32.0C | Status: WARNING | Fan: ON | Alarm: OFF
[2026-09-21 22:54:51] [INFO] Temperature: 32.0C | Status: WARNING | Fan: ON | Alarm: OFF
[2026-09-21 22:54:52] [INFO] Temperature: 32.0C | Status: WARNING | Fan: ON | Alarm: OFF
[2026-09-21 22:54:53] [INFO] Temperature: 32.0C | Status: WARNING | Fan: ON | Alarm: OFF
[2026-09-21 22:54:55] [INFO] Temperature: 32.0C | Status: WARNING | Fan: ON | Alarm: OFF
[2026-09-21 22:54:56] [INFO] Temperature: 32.0C | Status: WARNING | Fan: ON | Alarm: OFF
[2026-09-21 22:54:57] [INFO] Temperature: 32.0C | Status: WARNING | Fan: ON | Alarm: OFF
[2026-09-21 22:54:58] [INFO] Temperature: 32.0C | Status: WARNING | Fan: ON | Alarm: OFF
[2026-09-21 22:54:59] [INFO] Temperature: 32.0C | Status: WARNING | Fan: ON | Alarm: OFF
[2026-09-21 22:55:00] [INFO] Temperature: 32.0C | Status: WARNING | Fan: ON | Alarm: OFF
[2026-09-21 22:55:01] [INFO] Temperature: 32.0C | Status: WARNING | Fan: ON | Alarm: OFF
[2026-09-21 22:55:02] [INFO] Temperature: 32.0C | Status: WARNING | Fan: ON | Alarm: OFF
[2026-09-21 22:55:03] [INFO] Temperature: 32.0C | Status: WARNING | Fan: ON | Alarm: OFF
[2026-09-21 22:55:04] [INFO] Temperature: 32.0C | Status: WARNING | Fan: ON | Alarm: OFF
[2026-09-21 22:55:05] [INFO] Temperature: 32.0C | Status: WARNING | Fan: ON | Alarm: OFF
[2026-09-21 22:55:06] [INFO] Temperature: 32.0C | Status: WARNING | Fan: ON | Alarm: OFF
[2026-09-21 22:55:07] [INFO] Temperature: 32.0C | Status: WARNING | Fan: ON | Alarm: OFF
[2026-09-21 22:55:08] [INFO] Temperature: 32.0C | Status: WARNING | Fan: ON | Alarm: OFF
[2026-09-21 22:55:09] [INFO] Temperature: 32.0C | Status: WARNING | Fan: ON | Alarm: OFF
[2026-09-21 22:55:10] [INFO] Temperature: 32.0C | Status: WARNING | Fan: ON | Alarm: OFF
[2026-09-21 22:55:11] [INFO] Temperature: 32.0C | Status: WARNING | Fan: ON | Alarm: OFF
[2026-09-21 22:55:12] [INFO] Temperature: 32.0C | Status: WARNING | Fan: ON | Alarm: OFF
[2026-09-21 22:55:13] [INFO] Temperature: 32.0C | Status: WARNING | Fan: ON | Alarm: OFF
[2026-09-21 22:55:14] [INFO] Temperature: 32.0C | Status: WARNING | Fan: ON | Alarm: OFF
[2026-09-21 22:55:15] [INFO] Temperature: 32.0C | Status: WARNING | Fan: ON | Alarm: OFF
[2026-09-21 22:55:16] [INFO] Temperature: 32.0C | Status: WARNING | Fan: ON | Alarm: OFF
[2026-09-21 22:55:17] [INFO] Temperature: 32.0C | Status: WARNING | Fan: ON | Alarm: OFF
[2026-09-21 22:55:18] [INFO] Temperature: 32.0C | Status: WARNING | Fan: ON | Alarm: OFF
[2026-09-21 22:55:19] [INFO] Temperature: 32.0C | Status: WARNING | Fan: ON | Alarm: OFF
[2026-09-21 22:55:20] [INFO] Temperature: 32.0C | Status: WARNING | Fan: ON | Alarm: OFF
[2026-09-21 22:55:21] [INFO] Temperature: 32.0C | Status: WARNING | Fan: ON | Alarm: OFF
[2026-09-21 22:55:22] [INFO] Temperature: 32.0C | Status: WARNING | Fan: ON | Alarm: OFF
[2026-09-21 22:55:23] [INFO] Temperature: 32.0C | Status: WARNING | Fan: ON | Alarm: OFF
[2026-09-21 22:55:24] [INFO] Temperature: 32.0C | Status: WARNING | Fan: ON | Alarm: OFF
[2026-09-21 22:55:25] [INFO] Temperature: 32.0C | Status: WARNING | Fan: ON | Alarm: OFF
[2026-09-21 22:55:26] [INFO] Temperature: 32.0C | Status: WARNING | Fan: ON | Alarm: OFF
[2026-09-21 22:55:27] [INFO] Temperature: 32.0C | Status: WARNING | Fan: ON | Alarm: OFF
[2026-09-21 22:55:28] [INFO] Temperature: 32.0C | Status: WARNING | Fan: ON | Alarm: OFF
[2026-09-21 22:55:30] [INFO] Temperature: 32.0C | Status: WARNING | Fan: ON | Alarm: OFF
[2026-09-21 22:55:31] [INFO] Temperature: 32.0C | Status: WARNING | Fan: ON | Alarm: OFF
[2026-09-21 22:55:32] [INFO] Temperature: 32.0C | Status: WARNING | Fan: ON | Alarm: OFF
[2026-09-21 22:55:33] [INFO] Temperature: 32.0C | Status: WARNING | Fan: ON | Alarm: OFF
[2026-09-21 22:55:34] [INFO] Temperature: 32.0C | Status: WARNING | Fan: ON | Alarm: OFF
[2026-09-21 22:55:35] [INFO] Temperature: 32.0C | Status: WARNING | Fan: ON | Alarm: OFF
[2026-09-21 22:55:36] [INFO] Temperature: 32.0C | Status: WARNING | Fan: ON | Alarm: OFF
[2026-09-21 22:55:37] [INFO] Temperature: 32.0C | Status: WARNING | Fan: ON | Alarm: OFF
[2026-09-21 22:55:38] [INFO] Temperature: 32.0C | Status: WARNING | Fan: ON | Alarm: OFF
[2026-09-21 22:55:39] [INFO] Temperature: 32.0C | Status: WARNING | Fan: ON | Alarm: OFF
[2026-09-21 22:55:40] [INFO] Temperature: 32.0C | Status: WARNING | Fan: ON | Alarm: OFF
[2026-09-21 22:55:41] [INFO] Temperature: 32.0C | Status: WARNING | Fan: ON | Alarm: OFF
[2026-09-21 22:55:42] [INFO] Temperature: 32.0C | Status: WARNING | Fan: ON | Alarm: OFF
[2026-09-21 22:55:43] [INFO] Temperature: 32.0C | Status: WARNING | Fan: ON | Alarm: OFF
[2026-09-21 22:55:44] [INFO] Temperature: 32.0C | Status: WARNING | Fan: ON | Alarm: OFF
[2026-09-21 22:55:45] [INFO] Temperature: 32.0C | Status: WARNING | Fan: ON | Alarm: OFF
[2026-09-21 22:55:46] [INFO] Temperature: 32.0C | Status: WARNING | Fan: ON | Alarm: OFF
[2026-09-21 22:55:47] [INFO] Temperature: 32.0C | Status: WARNING | Fan: ON | Alarm: OFF
[2026-09-21 22:55:48] [INFO] Temperature: 32.0C | Status: WARNING | Fan: ON | Alarm: OFF
[2026-09-21 22:55:49] [INFO] Temperature: 32.0C | Status: WARNING | Fan: ON | Alarm: OFF
[2026-09-21 22:55:50] [INFO] Temperature: 32.0C | Status: WARNING | Fan: ON | Alarm: OFF
[2026-09-21 22:55:51] [INFO] Temperature: 32.0C | Status: WARNING | Fan: ON | Alarm: OFF
[2026-09-21 22:55:53] [INFO] Temperature: 32.0C | Status: WARNING | Fan: ON | Alarm: OFF
[2026-09-21 22:55:54] [INFO] Temperature: 32.0C | Status: WARNING | Fan: ON | Alarm: OFF
[2026-09-21 22:55:55] [INFO] Temperature: 32.0C | Status: WARNING | Fan: ON | Alarm: OFF
[2026-09-21 22:55:56] [INFO] Temperature: 32.0C | Status: WARNING | Fan: ON | Alarm: OFF
[2026-09-21 22:55:57] [INFO] Temperature: 32.0C | Status: WARNING | Fan: ON | Alarm: OFF
[2026-09-21 22:55:58] [INFO] Temperature: 32.0C | Status: WARNING | Fan: ON | Alarm: OFF
[2026-09-21 22:55:59] [INFO] Temperature: 32.0C | Status: WARNING | Fan: ON | Alarm: OFF
[2026-09-21 22:56:00] [INFO] Temperature: 32.0C | Status: WARNING | Fan: ON | Alarm: OFF
[2026-09-21 22:56:01] [INFO] Temperature: 32.0C | Status: WARNING | Fan: ON | Alarm: OFF
[2026-09-21 22:56:02] [INFO] Temperature: 32.0C | Status: WARNING | Fan: ON | Alarm: OFF
[2026-09-21 22:56:03] [INFO] Temperature: 32.0C | Status: WARNING | Fan: ON | Alarm: OFF
[2026-09-21 22:56:04] [INFO] Temperature: 32.0C | Status: WARNING | Fan: ON | Alarm: OFF
[2026-09-21 22:56:05] [INFO] Temperature: 32.0C | Status: WARNING | Fan: ON | Alarm: OFF
[2026-09-21 22:56:06] [INFO] Temperature: 32.0C | Status: WARNING | Fan: ON | Alarm: OFF
[2026-09-21 22:56:07] [INFO] Temperature: 32.0C | Status: WARNING | Fan: ON | Alarm: OFF
[2026-09-21 22:56:08] [INFO] Temperature: 32.0C | Status: WARNING | Fan: ON | Alarm: OFF
[2026-09-21 22:56:09] [INFO] Temperature: 32.0C | Status: WARNING | Fan: ON | Alarm: OFF
[2026-09-21 22:56:10] [INFO] Temperature: 32.0C | Status: WARNING | Fan: ON | Alarm: OFF
[2026-09-21 22:56:11] [INFO] Temperature: 32.0C | Status: WARNING | Fan: ON | Alarm: OFF
[2026-09-21 22:56:12] [INFO] Temperature: 32.0C | Status: WARNING | Fan: ON | Alarm: OFF
[2026-09-21 22:56:13] [INFO] Fan turned OFF
[2026-09-21 22:56:13] [INFO] Status changed: WARNING -> NORMAL
[2026-09-21 22:56:13] [INFO] Temperature: 25.0C | Status: NORMAL | Fan: OFF | Alarm: OFF
[2026-09-21 22:56:14] [INFO] Temperature: 25.0C | Status: NORMAL | Fan: OFF | Alarm: OFF
[2026-09-21 22:56:15] [INFO] Temperature: 25.0C | Status: NORMAL | Fan: OFF | Alarm: OFF
[2026-09-21 22:56:16] [INFO] Temperature: 25.0C | Status: NORMAL | Fan: OFF | Alarm: OFF
[2026-09-21 22:56:17] [INFO] Temperature: 25.0C | Status: NORMAL | Fan: OFF | Alarm: OFF
[2026-09-21 22:56:18] [INFO] Temperature: 25.0C | Status: NORMAL | Fan: OFF | Alarm: OFF
[2026-09-21 22:56:19] [INFO] Temperature: 25.0C | Status: NORMAL | Fan: OFF | Alarm: OFF
[2026-09-21 22:56:20] [INFO] Temperature: 25.0C | Status: NORMAL | Fan: OFF | Alarm: OFF
[2026-09-21 22:56:21] [INFO] Temperature: 25.0C | Status: NORMAL | Fan: OFF | Alarm: OFF
[2026-09-21 22:56:22] [INFO] Temperature: 25.0C | Status: NORMAL | Fan: OFF | Alarm: OFF
[2026-09-21 22:56:23] [INFO] Temperature: 25.0C | Status: NORMAL | Fan: OFF | Alarm: OFF
[2026-09-21 22:56:24] [INFO] Temperature: 25.0C | Status: NORMAL | Fan: OFF | Alarm: OFF
[2026-09-21 22:56:25] [INFO] Temperature: 25.0C | Status: NORMAL | Fan: OFF | Alarm: OFF
[2026-09-21 22:56:26] [INFO] Temperature: 25.0C | Status: NORMAL | Fan: OFF | Alarm: OFF
[2026-09-21 22:56:27] [INFO] Temperature: 25.0C | Status: NORMAL | Fan: OFF | Alarm: OFF
[2026-09-21 22:56:28] [INFO] Temperature: 25.0C | Status: NORMAL | Fan: OFF | Alarm: OFF
[2026-09-21 22:56:29] [INFO] Temperature: 25.0C | Status: NORMAL | Fan: OFF | Alarm: OFF
[2026-09-21 22:56:30] [INFO] Temperature: 25.0C | Status: NORMAL | Fan: OFF | Alarm: OFF
[2026-09-21 22:56:31] [INFO] Temperature: 25.0C | Status: NORMAL | Fan: OFF | Alarm: OFF
[2026-09-21 22:56:33] [INFO] Temperature: 25.0C | Status: NORMAL | Fan: OFF | Alarm: OFF
[2026-09-21 22:56:34] [INFO] Temperature: 25.0C | Status: NORMAL | Fan: OFF | Alarm: OFF
[2026-09-21 22:56:35] [INFO] Temperature: 25.0C | Status: NORMAL | Fan: OFF | Alarm: OFF
[2026-09-21 22:56:36] [INFO] Temperature: 25.0C | Status: NORMAL | Fan: OFF | Alarm: OFF
[2026-09-21 22:56:37] [INFO] Temperature: 25.0C | Status: NORMAL | Fan: OFF | Alarm: OFF
[2026-09-21 22:56:38] [INFO] Temperature: 25.0C | Status: NORMAL | Fan: OFF | Alarm: OFF
[2026-09-21 22:56:39] [INFO] Temperature: 25.0C | Status: NORMAL | Fan: OFF | Alarm: OFF
[2026-09-21 22:56:40] [INFO] Temperature: 25.0C | Status: NORMAL | Fan: OFF | Alarm: OFF
[2026-09-21 22:56:41] [INFO] Temperature: 25.0C | Status: NORMAL | Fan: OFF | Alarm: OFF
[2026-09-21 22:56:42] [INFO] Temperature: 25.0C | Status: NORMAL | Fan: OFF | Alarm: OFF
[2026-09-21 22:56:43] [INFO] Temperature: 25.0C | Status: NORMAL | Fan: OFF | Alarm: OFF
[2026-09-21 22:56:44] [INFO] Temperature: 25.0C | Status: NORMAL | Fan: OFF | Alarm: OFF
[2026-09-21 22:56:45] [INFO] Temperature: 25.0C | Status: NORMAL | Fan: OFF | Alarm: OFF
[2026-09-21 22:56:46] [INFO] Temperature: 25.0C | Status: NORMAL | Fan: OFF | Alarm: OFF
[2026-09-21 22:56:47] [INFO] Temperature: 25.0C | Status: NORMAL | Fan: OFF | Alarm: OFF
[2026-09-21 22:56:48] [INFO] Temperature: 25.0C | Status: NORMAL | Fan: OFF | Alarm: OFF
[2026-09-21 22:56:49] [INFO] Temperature: 25.0C | Status: NORMAL | Fan: OFF | Alarm: OFF
[2026-09-21 22:56:50] [INFO] Temperature: 25.0C | Status: NORMAL | Fan: OFF | Alarm: OFF
[2026-09-21 22:56:51] [INFO] Temperature: 25.0C | Status: NORMAL | Fan: OFF | Alarm: OFF
[2026-09-21 22:56:52] [INFO] Temperature: 25.0C | Status: NORMAL | Fan: OFF | Alarm: OFF
[2026-09-21 22:56:53] [INFO] Temperature: 25.0C | Status: NORMAL | Fan: OFF | Alarm: OFF
[2026-09-21 22:56:54] [INFO] Temperature: 25.0C | Status: NORMAL | Fan: OFF | Alarm: OFF
[2026-09-21 22:56:55] [INFO] Temperature: 25.0C | Status: NORMAL | Fan: OFF | Alarm: OFF
[2026-09-21 22:56:56] [INFO] Temperature: 25.0C | Status: NORMAL | Fan: OFF | Alarm: OFF
[2026-09-21 22:56:57] [INFO] Temperature: 25.0C | Status: NORMAL | Fan: OFF | Alarm: OFF
[2026-09-21 22:56:58] [INFO] Temperature: 25.0C | Status: NORMAL | Fan: OFF | Alarm: OFF
[2026-09-21 22:57:00] [INFO] Temperature: 25.0C | Status: NORMAL | Fan: OFF | Alarm: OFF
[2026-09-21 22:57:01] [INFO] Temperature: 25.0C | Status: NORMAL | Fan: OFF | Alarm: OFF
[2026-09-21 22:57:02] [INFO] Temperature: 25.0C | Status: NORMAL | Fan: OFF | Alarm: OFF
[2026-09-21 22:57:03] [INFO] Temperature: 25.0C | Status: NORMAL | Fan: OFF | Alarm: OFF
[2026-09-21 22:57:04] [INFO] Temperature: 25.0C | Status: NORMAL | Fan: OFF | Alarm: OFF
[2026-09-21 22:57:05] [INFO] Temperature: 25.0C | Status: NORMAL | Fan: OFF | Alarm: OFF
[2026-09-21 22:57:06] [INFO] Temperature: 25.0C | Status: NORMAL | Fan: OFF | Alarm: OFF
[2026-09-21 22:57:07] [INFO] Temperature: 25.0C | Status: NORMAL | Fan: OFF | Alarm: OFF
[2026-09-21 22:57:08] [INFO] Temperature: 25.0C | Status: NORMAL | Fan: OFF | Alarm: OFF
[2026-09-21 22:57:09] [INFO] Temperature: 25.0C | Status: NORMAL | Fan: OFF | Alarm: OFF
[2026-09-21 22:57:10] [INFO] Temperature: 25.0C | Status: NORMAL | Fan: OFF | Alarm: OFF
[2026-09-21 22:57:11] [INFO] Temperature: 25.0C | Status: NORMAL | Fan: OFF | Alarm: OFF
[2026-09-21 22:57:12] [INFO] Temperature: 25.0C | Status: NORMAL | Fan: OFF | Alarm: OFF
[2026-09-21 22:57:13] [INFO] Temperature: 25.0C | Status: NORMAL | Fan: OFF | Alarm: OFF
[2026-09-21 22:57:14] [INFO] Temperature: 25.0C | Status: NORMAL | Fan: OFF | Alarm: OFF
[2026-09-21 22:57:15] [INFO] Temperature: 25.0C | Status: NORMAL | Fan: OFF | Alarm: OFF
[2026-09-21 22:57:16] [INFO] Temperature: 25.0C | Status: NORMAL | Fan: OFF | Alarm: OFF
[2026-09-21 22:57:17] [INFO] Temperature: 25.0C | Status: NORMAL | Fan: OFF | Alarm: OFF
[2026-09-21 22:57:18] [INFO] Temperature: 25.0C | Status: NORMAL | Fan: OFF | Alarm: OFF
[2026-09-21 22:57:19] [INFO] Temperature: 25.0C | Status: NORMAL | Fan: OFF | Alarm: OFF
[2026-09-21 22:57:20] [INFO] Temperature: 25.0C | Status: NORMAL | Fan: OFF | Alarm: OFF
[2026-09-21 22:57:21] [INFO] Temperature: 25.0C | Status: NORMAL | Fan: OFF | Alarm: OFF
[2026-09-21 22:57:22] [INFO] Temperature: 25.0C | Status: NORMAL | Fan: OFF | Alarm: OFF
[2026-09-21 22:57:23] [INFO] Temperature: 25.0C | Status: NORMAL | Fan: OFF | Alarm: OFF
[2026-09-21 22:57:24] [INFO] Temperature: 25.0C | Status: NORMAL | Fan: OFF | Alarm: OFF
[2026-09-21 22:57:25] [INFO] Temperature: 25.0C | Status: NORMAL | Fan: OFF | Alarm: OFF
[2026-09-21 22:57:26] [INFO] Temperature: 25.0C | Status: NORMAL | Fan: OFF | Alarm: OFF
[2026-09-21 22:57:27] [INFO] Temperature: 25.0C | Status: NORMAL | Fan: OFF | Alarm: OFF
[2026-09-21 22:57:28] [INFO] Temperature: 25.0C | Status: NORMAL | Fan: OFF | Alarm: OFF
[2026-09-21 22:57:30] [INFO] Temperature: 25.0C | Status: NORMAL | Fan: OFF | Alarm: OFF
[2026-09-21 22:57:31] [INFO] Temperature: 25.0C | Status: NORMAL | Fan: OFF | Alarm: OFF
[2026-09-21 22:57:32] [INFO] Temperature: 25.0C | Status: NORMAL | Fan: OFF | Alarm: OFF
[2026-09-21 22:57:33] [INFO] Temperature: 25.0C | Status: NORMAL | Fan: OFF | Alarm: OFF
[2026-09-21 22:57:34] [INFO] Temperature: 25.0C | Status: NORMAL | Fan: OFF | Alarm: OFF
[2026-09-21 22:57:35] [INFO] Temperature: 25.0C | Status: NORMAL | Fan: OFF | Alarm: OFF
[2026-09-21 22:57:36] [INFO] Temperature: 25.0C | Status: NORMAL | Fan: OFF | Alarm: OFF
[2026-09-21 22:57:37] [INFO] Temperature: 25.0C | Status: NORMAL | Fan: OFF | Alarm: OFF
[2026-09-21 22:57:38] [INFO] Temperature: 25.0C | Status: NORMAL | Fan: OFF | Alarm: OFF
[2026-09-21 22:57:39] [INFO] Temperature: 25.0C | Status: NORMAL | Fan: OFF | Alarm: OFF
[2026-09-21 22:57:40] [INFO] Temperature: 25.0C | Status: NORMAL | Fan: OFF | Alarm: OFF
[2026-09-21 22:57:41] [INFO] Temperature: 25.0C | Status: NORMAL | Fan: OFF | Alarm: OFF
[2026-09-21 22:57:42] [INFO] Temperature: 25.0C | Status: NORMAL | Fan: OFF | Alarm: OFF
[2026-09-21 22:57:43] [INFO] Temperature: 25.0C | Status: NORMAL | Fan: OFF | Alarm: OFF
[2026-09-21 22:57:44] [INFO] Temperature: 25.0C | Status: NORMAL | Fan: OFF | Alarm: OFF
[2026-09-21 22:57:45] [INFO] Temperature: 25.0C | Status: NORMAL | Fan: OFF | Alarm: OFF
[2026-09-21 22:57:46] [INFO] Temperature: 25.0C | Status: NORMAL | Fan: OFF | Alarm: OFF
[2026-09-21 22:57:47] [INFO] Temperature: 25.0C | Status: NORMAL | Fan: OFF | Alarm: OFF
[2026-09-21 22:57:48] [INFO] Temperature: 25.0C | Status: NORMAL | Fan: OFF | Alarm: OFF
[2026-09-21 22:57:49] [INFO] Temperature: 25.0C | Status: NORMAL | Fan: OFF | Alarm: OFF
[2026-09-21 22:57:50] [INFO] Temperature: 25.0C | Status: NORMAL | Fan: OFF | Alarm: OFF
[2026-09-21 22:57:51] [INFO] Temperature: 25.0C | Status: NORMAL | Fan: OFF | Alarm: OFF
[2026-09-21 22:57:52] [INFO] Temperature: 25.0C | Status: NORMAL | Fan: OFF | Alarm: OFF
[2026-09-21 22:57:53] [INFO] Temperature: 25.0C | Status: NORMAL | Fan: OFF | Alarm: OFF
[2026-09-21 22:57:55] [INFO] Temperature: 25.0C | Status: NORMAL | Fan: OFF | Alarm: OFF
[2026-09-21 22:57:56] [INFO] Temperature: 25.0C | Status: NORMAL | Fan: OFF | Alarm: OFF
[2026-09-21 22:57:57] [INFO] Temperature: 25.0C | Status: NORMAL | Fan: OFF | Alarm: OFF
[2026-09-21 22:57:58] [INFO] Temperature: 25.0C | Status: NORMAL | Fan: OFF | Alarm: OFF
[2026-09-21 22:57:59] [INFO] Temperature: 25.0C | Status: NORMAL | Fan: OFF | Alarm: OFF
[2026-09-21 22:58:00] [INFO] Temperature: 25.0C | Status: NORMAL | Fan: OFF | Alarm: OFF
[2026-09-21 22:58:01] [INFO] Temperature: 25.0C | Status: NORMAL | Fan: OFF | Alarm: OFF
[2026-09-21 22:58:02] [INFO] Temperature: 25.0C | Status: NORMAL | Fan: OFF | Alarm: OFF
[2026-09-21 22:58:03] [INFO] Temperature: 25.0C | Status: NORMAL | Fan: OFF | Alarm: OFF
[2026-09-21 22:58:04] [INFO] Temperature: 25.0C | Status: NORMAL | Fan: OFF | Alarm: OFF
[2026-09-21 22:58:05] [INFO] Temperature: 25.0C | Status: NORMAL | Fan: OFF | Alarm: OFF
[2026-09-21 22:58:06] [INFO] Temperature: 25.0C | Status: NORMAL | Fan: OFF | Alarm: OFF
[2026-09-21 22:58:07] [INFO] Temperature: 25.0C | Status: NORMAL | Fan: OFF | Alarm: OFF
[2026-09-21 22:58:08] [INFO] Temperature: 25.0C | Status: NORMAL | Fan: OFF | Alarm: OFF
[2026-09-21 22:58:09] [INFO] Temperature: 25.0C | Status: NORMAL | Fan: OFF | Alarm: OFF
[2026-09-21 22:58:10] [INFO] Temperature: 25.0C | Status: NORMAL | Fan: OFF | Alarm: OFF
[2026-09-21 22:58:11] [INFO] Temperature: 25.0C | Status: NORMAL | Fan: OFF | Alarm: OFF
[2026-09-21 22:58:12] [INFO] Temperature: 25.0C | Status: NORMAL | Fan: OFF | Alarm: OFF
[2026-09-21 22:58:13] [INFO] Temperature: 25.0C | Status: NORMAL | Fan: OFF | Alarm: OFF
[2026-09-21 22:58:14] [INFO] Temperature: 25.0C | Status: NORMAL | Fan: OFF | Alarm: OFF
[2026-09-21 22:58:15] [INFO] Temperature: 25.0C | Status: NORMAL | Fan: OFF | Alarm: OFF
[2026-09-21 22:58:16] [INFO] Temperature: 25.0C | Status: NORMAL | Fan: OFF | Alarm: OFF
[2026-09-21 22:58:17] [INFO] Temperature: 25.0C | Status: NORMAL | Fan: OFF | Alarm: OFF
[2026-09-21 22:58:18] [INFO] Temperature: 25.0C | Status: NORMAL | Fan: OFF | Alarm: OFF
[2026-09-21 22:58:19] [INFO] Temperature: 25.0C | Status: NORMAL | Fan: OFF | Alarm: OFF
[2026-09-21 22:58:20] [INFO] Temperature: 25.0C | Status: NORMAL | Fan: OFF | Alarm: OFF
[2026-09-21 22:58:21] [INFO] Temperature: 25.0C | Status: NORMAL | Fan: OFF | Alarm: OFF
[2026-09-21 22:58:22] [INFO] Temperature: 25.0C | Status: NORMAL | Fan: OFF | Alarm: OFF
[2026-09-21 22:58:23] [INFO] Temperature: 25.0C | Status: NORMAL | Fan: OFF | Alarm: OFF
[2026-09-21 22:58:24] [INFO] Temperature: 25.0C | Status: NORMAL | Fan: OFF | Alarm: OFF
[2026-09-21 22:58:25] [INFO] Temperature: 25.0C | Status: NORMAL | Fan: OFF | Alarm: OFF
[2026-09-21 22:58:26] [INFO] Temperature: 25.0C | Status: NORMAL | Fan: OFF | Alarm: OFF
[2026-09-21 22:58:27] [INFO] Temperature: 25.0C | Status: NORMAL | Fan: OFF | Alarm: OFF
[2026-09-21 22:58:29] [INFO] Temperature: 25.0C | Status: NORMAL | Fan: OFF | Alarm: OFF
[2026-09-21 22:58:30] [INFO] Temperature: 25.0C | Status: NORMAL | Fan: OFF | Alarm: OFF
[2026-09-21 22:58:31] [INFO] Temperature: 25.0C | Status: NORMAL | Fan: OFF | Alarm: OFF
[2026-09-21 22:58:32] [INFO] Temperature: 25.0C | Status: NORMAL | Fan: OFF | Alarm: OFF
[2026-09-21 22:58:33] [INFO] Temperature: 25.0C | Status: NORMAL | Fan: OFF | Alarm: OFF
[2026-09-21 22:58:34] [INFO] Temperature: 25.0C | Status: NORMAL | Fan: OFF | Alarm: OFF
[2026-09-21 22:58:35] [INFO] Temperature: 25.0C | Status: NORMAL | Fan: OFF | Alarm: OFF
[2026-09-21 22:58:36] [INFO] Temperature: 25.0C | Status: NORMAL | Fan: OFF | Alarm: OFF
[2026-09-21 22:58:37] [INFO] Temperature: 25.0C | Status: NORMAL | Fan: OFF | Alarm: OFF
[2026-09-21 22:58:38] [INFO] Temperature: 25.0C | Status: NORMAL | Fan: OFF | Alarm: OFF
[2026-09-21 22:58:39] [INFO] Temperature: 25.0C | Status: NORMAL | Fan: OFF | Alarm: OFF
[2026-09-21 22:58:40] [INFO] Temperature: 25.0C | Status: NORMAL | Fan: OFF | Alarm: OFF
[2026-09-21 22:58:41] [INFO] Temperature: 25.0C | Status: NORMAL | Fan: OFF | Alarm: OFF
[2026-09-21 22:58:42] [INFO] Temperature: 25.0C | Status: NORMAL | Fan: OFF | Alarm: OFF
[2026-09-21 22:58:43] [INFO] Temperature: 25.0C | Status: NORMAL | Fan: OFF | Alarm: OFF
[2026-09-21 22:58:44] [INFO] Temperature: 25.0C | Status: NORMAL | Fan: OFF | Alarm: OFF
[2026-09-21 22:58:45] [INFO] Temperature: 25.0C | Status: NORMAL | Fan: OFF | Alarm: OFF
[2026-09-21 22:58:46] [INFO] Temperature: 25.0C | Status: NORMAL | Fan: OFF | Alarm: OFF
[2026-09-21 22:58:47] [INFO] Temperature: 25.0C | Status: NORMAL | Fan: OFF | Alarm: OFF
[2026-09-21 22:58:48] [INFO] Temperature: 25.0C | Status: NORMAL | Fan: OFF | Alarm: OFF
[2026-09-21 22:58:49] [INFO] Temperature: 25.0C | Status: NORMAL | Fan: OFF | Alarm: OFF
[2026-09-21 22:58:50] [INFO] Temperature: 25.0C | Status: NORMAL | Fan: OFF | Alarm: OFF
[2026-09-21 22:58:51] [INFO] Temperature: 25.0C | Status: NORMAL | Fan: OFF | Alarm: OFF
[2026-09-21 22:58:52] [INFO] Temperature: 25.0C | Status: NORMAL | Fan: OFF | Alarm: OFF
[2026-09-21 22:58:53] [INFO] Temperature: 25.0C | Status: NORMAL | Fan: OFF | Alarm: OFF
[2026-09-21 22:58:54] [INFO] Temperature: 25.0C | Status: NORMAL | Fan: OFF | Alarm: OFF
[2026-09-21 22:58:55] [INFO] Temperature: 25.0C | Status: NORMAL | Fan: OFF | Alarm: OFF
[2026-09-21 22:58:56] [INFO] Temperature: 25.0C | Status: NORMAL | Fan: OFF | Alarm: OFF
[2026-09-21 22:58:57] [INFO] Temperature: 25.0C | Status: NORMAL | Fan: OFF | Alarm: OFF
[2026-09-21 22:58:58] [INFO] Temperature: 25.0C | Status: NORMAL | Fan: OFF | Alarm: OFF
[2026-09-21 22:58:59] [INFO] Temperature: 25.0C | Status: NORMAL | Fan: OFF | Alarm: OFF
[2026-09-21 22:59:00] [INFO] Temperature: 25.0C | Status: NORMAL | Fan: OFF | Alarm: OFF
[2026-09-21 22:59:01] [INFO] Temperature: 25.0C | Status: NORMAL | Fan: OFF | Alarm: OFF
[2026-09-21 22:59:03] [INFO] Temperature: 25.0C | Status: NORMAL | Fan: OFF | Alarm: OFF
[2026-09-21 22:59:04] [INFO] Temperature: 25.0C | Status: NORMAL | Fan: OFF | Alarm: OFF
[2026-09-21 22:59:05] [INFO] Temperature: 25.0C | Status: NORMAL | Fan: OFF | Alarm: OFF
[2026-09-21 22:59:06] [INFO] Temperature: 25.0C | Status: NORMAL | Fan: OFF | Alarm: OFF
[2026-09-21 22:59:07] [INFO] Temperature: 25.0C | Status: NORMAL | Fan: OFF | Alarm: OFF
[2026-09-21 22:59:08] [INFO] Temperature: 25.0C | Status: NORMAL | Fan: OFF | Alarm: OFF
[2026-09-21 22:59:09] [INFO] Temperature: 25.0C | Status: NORMAL | Fan: OFF | Alarm: OFF
[2026-09-21 22:59:10] [INFO] Temperature: 25.0C | Status: NORMAL | Fan: OFF | Alarm: OFF
[2026-09-21 22:59:11] [INFO] Temperature: 25.0C | Status: NORMAL | Fan: OFF | Alarm: OFF
[2026-09-21 22:59:12] [INFO] Temperature: 25.0C | Status: NORMAL | Fan: OFF | Alarm: OFF
[2026-09-21 22:59:13] [INFO] Temperature: 25.0C | Status: NORMAL | Fan: OFF | Alarm: OFF
[2026-09-21 22:59:14] [INFO] Temperature: 25.0C | Status: NORMAL | Fan: OFF | Alarm: OFF
[2026-09-21 22:59:15] [INFO] Temperature: 25.0C | Status: NORMAL | Fan: OFF | Alarm: OFF
[2026-09-21 22:59:16] [INFO] Temperature: 25.0C | Status: NORMAL | Fan: OFF | Alarm: OFF
[2026-09-21 22:59:17] [INFO] Temperature: 25.0C | Status: NORMAL | Fan: OFF | Alarm: OFF
[2026-09-21 22:59:18] [INFO] Temperature: 25.0C | Status: NORMAL | Fan: OFF | Alarm: OFF
[2026-09-21 22:59:19] [INFO] Temperature: 25.0C | Status: NORMAL | Fan: OFF | Alarm: OFF
[2026-09-21 22:59:20] [INFO] Temperature: 25.0C | Status: NORMAL | Fan: OFF | Alarm: OFF
[2026-09-21 22:59:21] [INFO] Temperature: 25.0C | Status: NORMAL | Fan: OFF | Alarm: OFF
[2026-09-21 22:59:22] [INFO] System shutdown requested by user
[2026-09-21 22:59:22] [INFO] === System Shutdown ===
========================================

========================================
[2026-09-21 22:59:37] [INFO] === System Started ===
[2026-09-21 22:59:37] [INFO] Mode: AUTO
[2026-09-21 22:59:37] [INFO] Controller initialized - Fan threshold: 30C, Alarm threshold: 40C, Valid range: [0, 60]C, Fault threshold: 3 cycles
[2026-09-21 22:59:37] [CRITICAL] Fan turned ON - Temperature CRITICAL
[2026-09-21 22:59:37] [CRITICAL] Alarm turned ON - Temperature CRITICAL!
[2026-09-21 22:59:37] [INFO] Status changed: NORMAL -> CRITICAL
[2026-09-21 22:59:37] [INFO] Temperature: 59.4C | Status: CRITICAL | Fan: ON | Alarm: ON
[2026-09-21 22:59:38] [INFO] Alarm turned OFF
[2026-09-21 22:59:38] [INFO] Status changed: CRITICAL -> WARNING
[2026-09-21 22:59:38] [INFO] Temperature: 34.0C | Status: WARNING | Fan: ON | Alarm: OFF
[2026-09-21 22:59:39] [INFO] Fan turned OFF
[2026-09-21 22:59:39] [INFO] Status changed: WARNING -> NORMAL
[2026-09-21 22:59:39] [INFO] Temperature: 10.4C | Status: NORMAL | Fan: OFF | Alarm: OFF
[2026-09-21 22:59:40] [CRITICAL] Fan turned ON - Temperature CRITICAL
[2026-09-21 22:59:40] [CRITICAL] Alarm turned ON - Temperature CRITICAL!
[2026-09-21 22:59:40] [INFO] Status changed: NORMAL -> CRITICAL
[2026-09-21 22:59:40] [INFO] Temperature: 59.0C | Status: CRITICAL | Fan: ON | Alarm: ON
[2026-09-21 22:59:41] [INFO] Fan turned OFF
[2026-09-21 22:59:41] [INFO] Alarm turned OFF
[2026-09-21 22:59:41] [INFO] Status changed: CRITICAL -> NORMAL
[2026-09-21 22:59:41] [INFO] Temperature: 22.6C | Status: NORMAL | Fan: OFF | Alarm: OFF
[2026-09-21 22:59:42] [CRITICAL] Fan turned ON - Temperature CRITICAL
[2026-09-21 22:59:42] [CRITICAL] Alarm turned ON - Temperature CRITICAL!
[2026-09-21 22:59:42] [INFO] Status changed: NORMAL -> CRITICAL
[2026-09-21 22:59:42] [INFO] Temperature: 40.4C | Status: CRITICAL | Fan: ON | Alarm: ON
[2026-09-21 22:59:43] [INFO] Temperature: 42.8C | Status: CRITICAL | Fan: ON | Alarm: ON
[2026-09-21 22:59:44] [INFO] Mode changed to: MANUAL
[2026-09-21 22:59:44] [INFO] Temperature: 42.8C | Status: CRITICAL | Fan: ON | Alarm: ON
[2026-09-21 22:59:45] [INFO] Temperature: 42.8C | Status: CRITICAL | Fan: ON | Alarm: ON
[2026-09-21 22:59:46] [INFO] Temperature: 42.8C | Status: CRITICAL | Fan: ON | Alarm: ON
[2026-09-21 22:59:47] [INFO] Temperature: 42.8C | Status: CRITICAL | Fan: ON | Alarm: ON
[2026-09-21 22:59:48] [INFO] Temperature: 42.8C | Status: CRITICAL | Fan: ON | Alarm: ON
[2026-09-21 22:59:49] [INFO] Temperature: 42.8C | Status: CRITICAL | Fan: ON | Alarm: ON
[2026-09-21 22:59:50] [INFO] Temperature: 42.8C | Status: CRITICAL | Fan: ON | Alarm: ON
[2026-09-21 22:59:51] [INFO] Temperature: 42.8C | Status: CRITICAL | Fan: ON | Alarm: ON
[2026-09-21 22:59:52] [INFO] Temperature: 42.8C | Status: CRITICAL | Fan: ON | Alarm: ON
[2026-09-21 22:59:53] [INFO] Temperature: 42.8C | Status: CRITICAL | Fan: ON | Alarm: ON
[2026-09-21 22:59:54] [INFO] Temperature: 42.8C | Status: CRITICAL | Fan: ON | Alarm: ON
[2026-09-21 22:59:56] [INFO] Temperature: 42.8C | Status: CRITICAL | Fan: ON | Alarm: ON
[2026-09-21 22:59:57] [INFO] Temperature: 42.8C | Status: CRITICAL | Fan: ON | Alarm: ON
[2026-09-21 22:59:58] [INFO] Temperature: 42.8C | Status: CRITICAL | Fan: ON | Alarm: ON
[2026-09-21 22:59:59] [INFO] Temperature: 42.8C | Status: CRITICAL | Fan: ON | Alarm: ON
[2026-09-21 23:00:00] [INFO] Temperature: 42.8C | Status: CRITICAL | Fan: ON | Alarm: ON
[2026-09-21 23:00:01] [INFO] Temperature: 42.8C | Status: CRITICAL | Fan: ON | Alarm: ON
[2026-09-21 23:00:02] [INFO] Temperature: 42.8C | Status: CRITICAL | Fan: ON | Alarm: ON
[2026-09-21 23:00:03] [INFO] Temperature: 42.8C | Status: CRITICAL | Fan: ON | Alarm: ON
[2026-09-21 23:00:04] [INFO] Temperature: 42.8C | Status: CRITICAL | Fan: ON | Alarm: ON
[2026-09-21 23:00:05] [INFO] Temperature: 42.8C | Status: CRITICAL | Fan: ON | Alarm: ON
[2026-09-21 23:00:06] [INFO] Temperature: 42.8C | Status: CRITICAL | Fan: ON | Alarm: ON
[2026-09-21 23:00:07] [INFO] Temperature: 42.8C | Status: CRITICAL | Fan: ON | Alarm: ON
[2026-09-21 23:00:08] [INFO] Temperature: 42.8C | Status: CRITICAL | Fan: ON | Alarm: ON
[2026-09-21 23:00:09] [INFO] Temperature: 42.8C | Status: CRITICAL | Fan: ON | Alarm: ON
[2026-09-21 23:00:10] [INFO] Temperature: 42.8C | Status: CRITICAL | Fan: ON | Alarm: ON
[2026-09-21 23:00:11] [INFO] Temperature: 42.8C | Status: CRITICAL | Fan: ON | Alarm: ON
[2026-09-21 23:00:12] [INFO] Temperature: 42.8C | Status: CRITICAL | Fan: ON | Alarm: ON
[2026-09-21 23:00:13] [INFO] Temperature: 42.8C | Status: CRITICAL | Fan: ON | Alarm: ON
[2026-09-21 23:00:14] [INFO] Temperature: 42.8C | Status: CRITICAL | Fan: ON | Alarm: ON
[2026-09-21 23:00:15] [INFO] Temperature: 42.8C | Status: CRITICAL | Fan: ON | Alarm: ON
[2026-09-21 23:00:16] [INFO] Temperature: 42.8C | Status: CRITICAL | Fan: ON | Alarm: ON
[2026-09-21 23:00:17] [INFO] Temperature: 42.8C | Status: CRITICAL | Fan: ON | Alarm: ON
[2026-09-21 23:00:18] [INFO] Temperature: 42.8C | Status: CRITICAL | Fan: ON | Alarm: ON
[2026-09-21 23:00:19] [INFO] Temperature: 42.8C | Status: CRITICAL | Fan: ON | Alarm: ON
[2026-09-21 23:00:21] [INFO] Temperature: 42.8C | Status: CRITICAL | Fan: ON | Alarm: ON
[2026-09-21 23:00:22] [INFO] Temperature: 42.8C | Status: CRITICAL | Fan: ON | Alarm: ON
[2026-09-21 23:00:23] [INFO] Temperature: 42.8C | Status: CRITICAL | Fan: ON | Alarm: ON
[2026-09-21 23:00:24] [INFO] Temperature: 42.8C | Status: CRITICAL | Fan: ON | Alarm: ON
[2026-09-21 23:00:25] [INFO] Temperature: 42.8C | Status: CRITICAL | Fan: ON | Alarm: ON
[2026-09-21 23:00:26] [INFO] Temperature: 42.8C | Status: CRITICAL | Fan: ON | Alarm: ON
[2026-09-21 23:00:27] [INFO] Temperature: 42.8C | Status: CRITICAL | Fan: ON | Alarm: ON
[2026-09-21 23:00:28] [INFO] Temperature: 42.8C | Status: CRITICAL | Fan: ON | Alarm: ON
[2026-09-21 23:00:29] [INFO] Temperature: 42.8C | Status: CRITICAL | Fan: ON | Alarm: ON
[2026-09-21 23:00:30] [INFO] Temperature: 42.8C | Status: CRITICAL | Fan: ON | Alarm: ON
[2026-09-21 23:00:31] [INFO] Temperature: 42.8C | Status: CRITICAL | Fan: ON | Alarm: ON
[2026-09-21 23:00:32] [INFO] Temperature: 42.8C | Status: CRITICAL | Fan: ON | Alarm: ON
[2026-09-21 23:00:33] [INFO] Temperature: 42.8C | Status: CRITICAL | Fan: ON | Alarm: ON
[2026-09-21 23:00:34] [INFO] Temperature: 42.8C | Status: CRITICAL | Fan: ON | Alarm: ON
[2026-09-21 23:00:35] [INFO] Temperature: 42.8C | Status: CRITICAL | Fan: ON | Alarm: ON
[2026-09-21 23:00:36] [INFO] Temperature: 42.8C | Status: CRITICAL | Fan: ON | Alarm: ON
[2026-09-21 23:00:37] [INFO] Temperature: 42.8C | Status: CRITICAL | Fan: ON | Alarm: ON
[2026-09-21 23:00:38] [INFO] Temperature: 42.8C | Status: CRITICAL | Fan: ON | Alarm: ON
[2026-09-21 23:00:39] [INFO] Temperature: 42.8C | Status: CRITICAL | Fan: ON | Alarm: ON
[2026-09-21 23:00:40] [INFO] Temperature: 42.8C | Status: CRITICAL | Fan: ON | Alarm: ON
[2026-09-21 23:00:41] [INFO] Temperature: 42.8C | Status: CRITICAL | Fan: ON | Alarm: ON
[2026-09-21 23:00:42] [INFO] Temperature: 42.8C | Status: CRITICAL | Fan: ON | Alarm: ON
[2026-09-21 23:00:43] [INFO] Temperature: 42.8C | Status: CRITICAL | Fan: ON | Alarm: ON
[2026-09-21 23:00:44] [INFO] Temperature: 42.8C | Status: CRITICAL | Fan: ON | Alarm: ON
[2026-09-21 23:00:45] [INFO] Temperature: 42.8C | Status: CRITICAL | Fan: ON | Alarm: ON
[2026-09-21 23:00:46] [INFO] Temperature: 42.8C | Status: CRITICAL | Fan: ON | Alarm: ON
[2026-09-21 23:00:47] [INFO] Temperature: 42.8C | Status: CRITICAL | Fan: ON | Alarm: ON
[2026-09-21 23:00:49] [INFO] Temperature: 42.8C | Status: CRITICAL | Fan: ON | Alarm: ON
[2026-09-21 23:00:50] [INFO] Temperature: 42.8C | Status: CRITICAL | Fan: ON | Alarm: ON
[2026-09-21 23:00:51] [INFO] Temperature: 42.8C | Status: CRITICAL | Fan: ON | Alarm: ON
[2026-09-21 23:00:52] [INFO] Temperature: 42.8C | Status: CRITICAL | Fan: ON | Alarm: ON
[2026-09-21 23:00:53] [INFO] Temperature: 42.8C | Status: CRITICAL | Fan: ON | Alarm: ON
[2026-09-21 23:00:54] [INFO] Temperature: 42.8C | Status: CRITICAL | Fan: ON | Alarm: ON
[2026-09-21 23:00:55] [INFO] Temperature: 42.8C | Status: CRITICAL | Fan: ON | Alarm: ON
[2026-09-21 23:00:56] [INFO] Temperature: 42.8C | Status: CRITICAL | Fan: ON | Alarm: ON
[2026-09-21 23:00:57] [INFO] Temperature: 42.8C | Status: CRITICAL | Fan: ON | Alarm: ON
[2026-09-21 23:00:58] [INFO] Temperature: 42.8C | Status: CRITICAL | Fan: ON | Alarm: ON
[2026-09-21 23:00:59] [INFO] Temperature: 42.8C | Status: CRITICAL | Fan: ON | Alarm: ON
[2026-09-21 23:01:00] [INFO] Temperature: 42.8C | Status: CRITICAL | Fan: ON | Alarm: ON
[2026-09-21 23:01:01] [INFO] Temperature: 60.0C | Status: CRITICAL | Fan: ON | Alarm: ON
[2026-09-21 23:01:02] [INFO] Temperature: 60.0C | Status: CRITICAL | Fan: ON | Alarm: ON
[2026-09-21 23:01:03] [INFO] Temperature: 60.0C | Status: CRITICAL | Fan: ON | Alarm: ON
[2026-09-21 23:01:04] [INFO] Temperature: 60.0C | Status: CRITICAL | Fan: ON | Alarm: ON
[2026-09-21 23:01:05] [INFO] Temperature: 60.0C | Status: CRITICAL | Fan: ON | Alarm: ON
[2026-09-21 23:01:06] [INFO] Temperature: 60.0C | Status: CRITICAL | Fan: ON | Alarm: ON
[2026-09-21 23:01:07] [INFO] Temperature: 60.0C | Status: CRITICAL | Fan: ON | Alarm: ON
[2026-09-21 23:01:08] [INFO] Temperature: 60.0C | Status: CRITICAL | Fan: ON | Alarm: ON
[2026-09-21 23:01:09] [INFO] Temperature: 60.0C | Status: CRITICAL | Fan: ON | Alarm: ON
[2026-09-21 23:01:10] [INFO] Temperature: 60.0C | Status: CRITICAL | Fan: ON | Alarm: ON
[2026-09-21 23:01:11] [INFO] Temperature: 60.0C | Status: CRITICAL | Fan: ON | Alarm: ON
[2026-09-21 23:01:12] [INFO] Temperature: 60.0C | Status: CRITICAL | Fan: ON | Alarm: ON
[2026-09-21 23:01:13] [INFO] Temperature: 60.0C | Status: CRITICAL | Fan: ON | Alarm: ON
[2026-09-21 23:01:14] [INFO] Temperature: 60.0C | Status: CRITICAL | Fan: ON | Alarm: ON
[2026-09-21 23:01:15] [INFO] Temperature: 60.0C | Status: CRITICAL | Fan: ON | Alarm: ON
[2026-09-21 23:01:16] [INFO] Temperature: 60.0C | Status: CRITICAL | Fan: ON | Alarm: ON
[2026-09-21 23:01:17] [INFO] Temperature: 60.0C | Status: CRITICAL | Fan: ON | Alarm: ON
[2026-09-21 23:01:18] [INFO] Temperature: 60.0C | Status: CRITICAL | Fan: ON | Alarm: ON
[2026-09-21 23:01:19] [INFO] Temperature: 60.0C | Status: CRITICAL | Fan: ON | Alarm: ON
[2026-09-21 23:01:20] [INFO] Temperature: 60.0C | Status: CRITICAL | Fan: ON | Alarm: ON
[2026-09-21 23:01:21] [INFO] Temperature: 60.0C | Status: CRITICAL | Fan: ON | Alarm: ON
[2026-09-21 23:01:22] [INFO] Temperature: 60.0C | Status: CRITICAL | Fan: ON | Alarm: ON
[2026-09-21 23:01:24] [INFO] Temperature: 60.0C | Status: CRITICAL | Fan: ON | Alarm: ON
[2026-09-21 23:01:25] [INFO] Temperature: 60.0C | Status: CRITICAL | Fan: ON | Alarm: ON
[2026-09-21 23:01:26] [INFO] Temperature: 60.0C | Status: CRITICAL | Fan: ON | Alarm: ON
[2026-09-21 23:01:27] [INFO] Alarm turned OFF
[2026-09-21 23:01:27] [INFO] Status changed: CRITICAL -> WARNING
[2026-09-21 23:01:27] [INFO] Temperature: 32.0C | Status: WARNING | Fan: ON | Alarm: OFF
[2026-09-21 23:01:28] [INFO] Temperature: 32.0C | Status: WARNING | Fan: ON | Alarm: OFF
[2026-09-21 23:01:29] [INFO] Temperature: 32.0C | Status: WARNING | Fan: ON | Alarm: OFF
[2026-09-21 23:01:30] [INFO] Temperature: 32.0C | Status: WARNING | Fan: ON | Alarm: OFF
[2026-09-21 23:01:31] [INFO] Temperature: 32.0C | Status: WARNING | Fan: ON | Alarm: OFF
[2026-09-21 23:01:32] [INFO] Temperature: 32.0C | Status: WARNING | Fan: ON | Alarm: OFF
[2026-09-21 23:01:33] [INFO] Temperature: 32.0C | Status: WARNING | Fan: ON | Alarm: OFF
[2026-09-21 23:01:34] [INFO] Temperature: 32.0C | Status: WARNING | Fan: ON | Alarm: OFF
[2026-09-21 23:01:35] [INFO] Temperature: 32.0C | Status: WARNING | Fan: ON | Alarm: OFF
[2026-09-21 23:01:36] [INFO] Temperature: 32.0C | Status: WARNING | Fan: ON | Alarm: OFF
[2026-09-21 23:01:37] [INFO] Temperature: 32.0C | Status: WARNING | Fan: ON | Alarm: OFF
[2026-09-21 23:01:38] [INFO] Temperature: 32.0C | Status: WARNING | Fan: ON | Alarm: OFF
[2026-09-21 23:01:39] [INFO] Temperature: 32.0C | Status: WARNING | Fan: ON | Alarm: OFF
[2026-09-21 23:01:40] [INFO] Temperature: 32.0C | Status: WARNING | Fan: ON | Alarm: OFF
[2026-09-21 23:01:41] [INFO] Temperature: 32.0C | Status: WARNING | Fan: ON | Alarm: OFF
[2026-09-21 23:01:42] [INFO] Temperature: 32.0C | Status: WARNING | Fan: ON | Alarm: OFF
[2026-09-21 23:01:43] [INFO] Temperature: 32.0C | Status: WARNING | Fan: ON | Alarm: OFF
[2026-09-21 23:01:44] [INFO] Temperature: 32.0C | Status: WARNING | Fan: ON | Alarm: OFF
[2026-09-21 23:01:45] [INFO] Temperature: 32.0C | Status: WARNING | Fan: ON | Alarm: OFF
[2026-09-21 23:01:46] [INFO] Temperature: 32.0C | Status: WARNING | Fan: ON | Alarm: OFF
[2026-09-21 23:01:47] [INFO] Temperature: 32.0C | Status: WARNING | Fan: ON | Alarm: OFF
[2026-09-21 23:01:48] [INFO] Temperature: 32.0C | Status: WARNING | Fan: ON | Alarm: OFF
[2026-09-21 23:01:49] [INFO] Temperature: 32.0C | Status: WARNING | Fan: ON | Alarm: OFF
[2026-09-21 23:01:50] [INFO] Temperature: 32.0C | Status: WARNING | Fan: ON | Alarm: OFF
[2026-09-21 23:01:51] [INFO] Temperature: 32.0C | Status: WARNING | Fan: ON | Alarm: OFF
[2026-09-21 23:01:52] [INFO] Temperature: 32.0C | Status: WARNING | Fan: ON | Alarm: OFF
[2026-09-21 23:01:53] [INFO] Temperature: 32.0C | Status: WARNING | Fan: ON | Alarm: OFF
[2026-09-21 23:01:54] [INFO] Temperature: 32.0C | Status: WARNING | Fan: ON | Alarm: OFF
[2026-09-21 23:01:55] [INFO] Temperature: 32.0C | Status: WARNING | Fan: ON | Alarm: OFF
[2026-09-21 23:01:56] [INFO] Temperature: 32.0C | Status: WARNING | Fan: ON | Alarm: OFF
[2026-09-21 23:01:57] [INFO] Temperature: 32.0C | Status: WARNING | Fan: ON | Alarm: OFF
[2026-09-21 23:01:58] [INFO] Temperature: 32.0C | Status: WARNING | Fan: ON | Alarm: OFF
[2026-09-21 23:01:59] [INFO] Temperature: 32.0C | Status: WARNING | Fan: ON | Alarm: OFF
[2026-09-21 23:02:00] [INFO] Temperature: 32.0C | Status: WARNING | Fan: ON | Alarm: OFF
[2026-09-21 23:02:01] [INFO] Temperature: 32.0C | Status: WARNING | Fan: ON | Alarm: OFF
[2026-09-21 23:02:02] [INFO] Temperature: 32.0C | Status: WARNING | Fan: ON | Alarm: OFF
[2026-09-21 23:02:03] [INFO] Temperature: 32.0C | Status: WARNING | Fan: ON | Alarm: OFF
[2026-09-21 23:02:04] [INFO] Temperature: 32.0C | Status: WARNING | Fan: ON | Alarm: OFF
[2026-09-21 23:02:05] [INFO] Temperature: 32.0C | Status: WARNING | Fan: ON | Alarm: OFF
[2026-09-21 23:02:06] [INFO] Temperature: 32.0C | Status: WARNING | Fan: ON | Alarm: OFF
[2026-09-21 23:02:08] [INFO] Temperature: 32.0C | Status: WARNING | Fan: ON | Alarm: OFF
[2026-09-21 23:02:09] [INFO] Temperature: 32.0C | Status: WARNING | Fan: ON | Alarm: OFF
[2026-09-21 23:02:10] [INFO] Temperature: 32.0C | Status: WARNING | Fan: ON | Alarm: OFF
[2026-09-21 23:02:11] [INFO] Temperature: 32.0C | Status: WARNING | Fan: ON | Alarm: OFF
[2026-09-21 23:02:12] [INFO] Temperature: 32.0C | Status: WARNING | Fan: ON | Alarm: OFF
[2026-09-21 23:02:13] [INFO] Temperature: 32.0C | Status: WARNING | Fan: ON | Alarm: OFF
[2026-09-21 23:02:14] [INFO] Temperature: 32.0C | Status: WARNING | Fan: ON | Alarm: OFF
[2026-09-21 23:02:15] [INFO] Temperature: 32.0C | Status: WARNING | Fan: ON | Alarm: OFF
[2026-09-21 23:02:16] [INFO] Temperature: 32.0C | Status: WARNING | Fan: ON | Alarm: OFF
[2026-09-21 23:02:17] [INFO] Temperature: 32.0C | Status: WARNING | Fan: ON | Alarm: OFF
[2026-09-21 23:02:18] [INFO] Temperature: 32.0C | Status: WARNING | Fan: ON | Alarm: OFF
[2026-09-21 23:02:19] [INFO] Temperature: 32.0C | Status: WARNING | Fan: ON | Alarm: OFF
[2026-09-21 23:02:20] [INFO] Temperature: 32.0C | Status: WARNING | Fan: ON | Alarm: OFF
[2026-09-21 23:02:21] [INFO] Temperature: 32.0C | Status: WARNING | Fan: ON | Alarm: OFF
[2026-09-21 23:02:22] [INFO] Temperature: 32.0C | Status: WARNING | Fan: ON | Alarm: OFF
[2026-09-21 23:02:23] [INFO] Temperature: 32.0C | Status: WARNING | Fan: ON | Alarm: OFF
[2026-09-21 23:02:24] [INFO] Temperature: 32.0C | Status: WARNING | Fan: ON | Alarm: OFF
[2026-09-21 23:02:25] [INFO] Temperature: 32.0C | Status: WARNING | Fan: ON | Alarm: OFF
[2026-09-21 23:02:26] [INFO] Temperature: 32.0C | Status: WARNING | Fan: ON | Alarm: OFF
[2026-09-21 23:02:27] [INFO] Temperature: 32.0C | Status: WARNING | Fan: ON | Alarm: OFF
[2026-09-21 23:02:28] [INFO] Temperature: 32.0C | Status: WARNING | Fan: ON | Alarm: OFF
[2026-09-21 23:02:29] [INFO] Temperature: 32.0C | Status: WARNING | Fan: ON | Alarm: OFF
[2026-09-21 23:02:30] [INFO] Temperature: 32.0C | Status: WARNING | Fan: ON | Alarm: OFF
[2026-09-21 23:02:31] [INFO] Temperature: 32.0C | Status: WARNING | Fan: ON | Alarm: OFF
[2026-09-21 23:02:32] [INFO] Temperature: 32.0C | Status: WARNING | Fan: ON | Alarm: OFF
[2026-09-21 23:02:33] [INFO] Temperature: 32.0C | Status: WARNING | Fan: ON | Alarm: OFF
[2026-09-21 23:02:34] [INFO] Temperature: 32.0C | Status: WARNING | Fan: ON | Alarm: OFF
[2026-09-21 23:02:35] [INFO] Temperature: 32.0C | Status: WARNING | Fan: ON | Alarm: OFF
[2026-09-21 23:02:36] [INFO] Temperature: 32.0C | Status: WARNING | Fan: ON | Alarm: OFF
[2026-09-21 23:02:38] [INFO] Temperature: 32.0C | Status: WARNING | Fan: ON | Alarm: OFF
[2026-09-21 23:02:39] [INFO] Temperature: 32.0C | Status: WARNING | Fan: ON | Alarm: OFF
[2026-09-21 23:02:40] [INFO] Temperature: 32.0C | Status: WARNING | Fan: ON | Alarm: OFF
[2026-09-21 23:02:41] [INFO] Temperature: 32.0C | Status: WARNING | Fan: ON | Alarm: OFF
[2026-09-21 23:02:42] [INFO] Temperature: 32.0C | Status: WARNING | Fan: ON | Alarm: OFF
[2026-09-21 23:02:43] [INFO] Temperature: 32.0C | Status: WARNING | Fan: ON | Alarm: OFF
[2026-09-21 23:02:44] [INFO] Temperature: 32.0C | Status: WARNING | Fan: ON | Alarm: OFF
[2026-09-21 23:02:45] [INFO] Temperature: 32.0C | Status: WARNING | Fan: ON | Alarm: OFF
[2026-09-21 23:02:46] [INFO] Temperature: 32.0C | Status: WARNING | Fan: ON | Alarm: OFF
[2026-09-21 23:02:47] [INFO] Temperature: 32.0C | Status: WARNING | Fan: ON | Alarm: OFF
[2026-09-21 23:02:48] [INFO] Temperature: 32.0C | Status: WARNING | Fan: ON | Alarm: OFF
[2026-09-21 23:02:49] [INFO] Temperature: 32.0C | Status: WARNING | Fan: ON | Alarm: OFF
[2026-09-21 23:02:50] [INFO] Temperature: 32.0C | Status: WARNING | Fan: ON | Alarm: OFF
[2026-09-21 23:02:51] [INFO] Temperature: 32.0C | Status: WARNING | Fan: ON | Alarm: OFF
[2026-09-21 23:02:52] [INFO] Temperature: 32.0C | Status: WARNING | Fan: ON | Alarm: OFF
[2026-09-21 23:02:53] [INFO] Temperature: 32.0C | Status: WARNING | Fan: ON | Alarm: OFF
[2026-09-21 23:02:54] [INFO] Temperature: 32.0C | Status: WARNING | Fan: ON | Alarm: OFF
[2026-09-21 23:02:55] [INFO] Temperature: 32.0C | Status: WARNING | Fan: ON | Alarm: OFF
[2026-09-21 23:02:56] [INFO] Temperature: 32.0C | Status: WARNING | Fan: ON | Alarm: OFF
[2026-09-21 23:02:57] [INFO] Temperature: 32.0C | Status: WARNING | Fan: ON | Alarm: OFF
[2026-09-21 23:02:58] [INFO] Temperature: 32.0C | Status: WARNING | Fan: ON | Alarm: OFF
[2026-09-21 23:02:59] [INFO] Temperature: 32.0C | Status: WARNING | Fan: ON | Alarm: OFF
[2026-09-21 23:03:00] [CRITICAL] Alarm turned ON - Temperature CRITICAL!
[2026-09-21 23:03:00] [INFO] Status changed: WARNING -> CRITICAL
[2026-09-21 23:03:00] [INFO] Temperature: 60.0C | Status: CRITICAL | Fan: ON | Alarm: ON
[2026-09-21 23:03:01] [INFO] Temperature: 60.0C | Status: CRITICAL | Fan: ON | Alarm: ON
[2026-09-21 23:03:02] [INFO] Temperature: 60.0C | Status: CRITICAL | Fan: ON | Alarm: ON
[2026-09-21 23:03:03] [INFO] Temperature: 60.0C | Status: CRITICAL | Fan: ON | Alarm: ON
[2026-09-21 23:03:04] [INFO] Temperature: 60.0C | Status: CRITICAL | Fan: ON | Alarm: ON
[2026-09-21 23:03:05] [INFO] Temperature: 60.0C | Status: CRITICAL | Fan: ON | Alarm: ON
[2026-09-21 23:03:06] [INFO] Temperature: 60.0C | Status: CRITICAL | Fan: ON | Alarm: ON
[2026-09-21 23:03:07] [INFO] Temperature: 60.0C | Status: CRITICAL | Fan: ON | Alarm: ON
[2026-09-21 23:03:08] [INFO] Temperature: 60.0C | Status: CRITICAL | Fan: ON | Alarm: ON
[2026-09-21 23:03:09] [INFO] Temperature: 60.0C | Status: CRITICAL | Fan: ON | Alarm: ON
[2026-09-21 23:03:10] [INFO] Temperature: 60.0C | Status: CRITICAL | Fan: ON | Alarm: ON
[2026-09-21 23:03:11] [INFO] Temperature: 60.0C | Status: CRITICAL | Fan: ON | Alarm: ON
[2026-09-21 23:03:12] [INFO] Temperature: 60.0C | Status: CRITICAL | Fan: ON | Alarm: ON
[2026-09-21 23:03:13] [INFO] Temperature: 60.0C | Status: CRITICAL | Fan: ON | Alarm: ON
[2026-09-21 23:03:15] [INFO] Temperature: 60.0C | Status: CRITICAL | Fan: ON | Alarm: ON
[2026-09-21 23:03:16] [INFO] Temperature: 60.0C | Status: CRITICAL | Fan: ON | Alarm: ON
[2026-09-21 23:03:17] [INFO] Temperature: 60.0C | Status: CRITICAL | Fan: ON | Alarm: ON
[2026-09-21 23:03:18] [INFO] Temperature: 60.0C | Status: CRITICAL | Fan: ON | Alarm: ON
[2026-09-21 23:03:19] [INFO] Temperature: 60.0C | Status: CRITICAL | Fan: ON | Alarm: ON
[2026-09-21 23:03:20] [INFO] Temperature: 60.0C | Status: CRITICAL | Fan: ON | Alarm: ON
[2026-09-21 23:03:21] [INFO] Temperature: 60.0C | Status: CRITICAL | Fan: ON | Alarm: ON
[2026-09-21 23:03:22] [INFO] Temperature: 60.0C | Status: CRITICAL | Fan: ON | Alarm: ON
[2026-09-21 23:03:24] [INFO] Temperature: 60.0C | Status: CRITICAL | Fan: ON | Alarm: ON
[2026-09-21 23:03:25] [INFO] Temperature: 60.0C | Status: CRITICAL | Fan: ON | Alarm: ON
[2026-09-21 23:03:26] [INFO] Temperature: 60.0C | Status: CRITICAL | Fan: ON | Alarm: ON
[2026-09-21 23:03:27] [INFO] Temperature: 60.0C | Status: CRITICAL | Fan: ON | Alarm: ON
[2026-09-21 23:03:28] [INFO] Temperature: 60.0C | Status: CRITICAL | Fan: ON | Alarm: ON
[2026-09-21 23:03:29] [INFO] Temperature: 60.0C | Status: CRITICAL | Fan: ON | Alarm: ON
[2026-09-21 23:03:30] [INFO] Temperature: 60.0C | Status: CRITICAL | Fan: ON | Alarm: ON
[2026-09-21 23:03:31] [INFO] Temperature: 60.0C | Status: CRITICAL | Fan: ON | Alarm: ON
[2026-09-21 23:03:32] [INFO] Temperature: 60.0C | Status: CRITICAL | Fan: ON | Alarm: ON
[2026-09-21 23:03:33] [INFO] Temperature: 60.0C | Status: CRITICAL | Fan: ON | Alarm: ON
[2026-09-21 23:03:34] [INFO] Temperature: 60.0C | Status: CRITICAL | Fan: ON | Alarm: ON
[2026-09-21 23:03:35] [INFO] Temperature: 60.0C | Status: CRITICAL | Fan: ON | Alarm: ON
[2026-09-21 23:03:36] [INFO] Temperature: 60.0C | Status: CRITICAL | Fan: ON | Alarm: ON
[2026-09-21 23:03:37] [INFO] Temperature: 60.0C | Status: CRITICAL | Fan: ON | Alarm: ON
[2026-09-21 23:03:38] [INFO] Temperature: 60.0C | Status: CRITICAL | Fan: ON | Alarm: ON
[2026-09-21 23:03:39] [INFO] Temperature: 60.0C | Status: CRITICAL | Fan: ON | Alarm: ON
[2026-09-21 23:03:40] [INFO] Temperature: 60.0C | Status: CRITICAL | Fan: ON | Alarm: ON
[2026-09-21 23:03:41] [INFO] Temperature: 60.0C | Status: CRITICAL | Fan: ON | Alarm: ON
[2026-09-21 23:03:42] [INFO] Temperature: 60.0C | Status: CRITICAL | Fan: ON | Alarm: ON
[2026-09-21 23:03:43] [INFO] Temperature: 60.0C | Status: CRITICAL | Fan: ON | Alarm: ON
[2026-09-21 23:03:44] [INFO] Temperature: 60.0C | Status: CRITICAL | Fan: ON | Alarm: ON
[2026-09-21 23:03:45] [INFO] Temperature: 60.0C | Status: CRITICAL | Fan: ON | Alarm: ON
[2026-09-21 23:03:46] [INFO] Temperature: 60.0C | Status: CRITICAL | Fan: ON | Alarm: ON
[2026-09-21 23:03:47] [INFO] Temperature: 60.0C | Status: CRITICAL | Fan: ON | Alarm: ON
[2026-09-21 23:03:48] [INFO] Temperature: 60.0C | Status: CRITICAL | Fan: ON | Alarm: ON
[2026-09-21 23:03:49] [INFO] Temperature: 60.0C | Status: CRITICAL | Fan: ON | Alarm: ON
[2026-09-21 23:03:50] [INFO] Temperature: 60.0C | Status: CRITICAL | Fan: ON | Alarm: ON
[2026-09-21 23:03:51] [INFO] Temperature: 60.0C | Status: CRITICAL | Fan: ON | Alarm: ON
[2026-09-21 23:03:52] [INFO] Temperature: 60.0C | Status: CRITICAL | Fan: ON | Alarm: ON
[2026-09-21 23:03:53] [INFO] Temperature: 60.0C | Status: CRITICAL | Fan: ON | Alarm: ON
[2026-09-21 23:03:54] [INFO] Temperature: 60.0C | Status: CRITICAL | Fan: ON | Alarm: ON
[2026-09-21 23:03:55] [INFO] Temperature: 60.0C | Status: CRITICAL | Fan: ON | Alarm: ON
[2026-09-21 23:03:56] [INFO] Temperature: 60.0C | Status: CRITICAL | Fan: ON | Alarm: ON
[2026-09-21 23:03:57] [INFO] Temperature: 60.0C | Status: CRITICAL | Fan: ON | Alarm: ON
[2026-09-21 23:03:58] [INFO] Temperature: 60.0C | Status: CRITICAL | Fan: ON | Alarm: ON
[2026-09-21 23:03:59] [INFO] Temperature: 60.0C | Status: CRITICAL | Fan: ON | Alarm: ON
[2026-09-21 23:04:01] [INFO] Temperature: 60.0C | Status: CRITICAL | Fan: ON | Alarm: ON
[2026-09-21 23:04:02] [INFO] Temperature: 60.0C | Status: CRITICAL | Fan: ON | Alarm: ON
[2026-09-21 23:04:03] [WARNING] Sensor transient fault detected (Count: 1/3) - Raw value: -5.0C - Holding last valid state
[2026-09-21 23:04:04] [INFO] Sensor recovered after 0 fault cycle(s) - Resuming normal operation
[2026-09-21 23:04:04] [INFO] Status changed: SENSOR_ERROR -> CRITICAL
[2026-09-21 23:04:04] [INFO] Temperature: 60.0C | Status: CRITICAL | Fan: ON | Alarm: ON
[2026-09-21 23:04:05] [INFO] Temperature: 60.0C | Status: CRITICAL | Fan: ON | Alarm: ON
[2026-09-21 23:04:06] [INFO] Temperature: 60.0C | Status: CRITICAL | Fan: ON | Alarm: ON
[2026-09-21 23:04:07] [INFO] Temperature: 60.0C | Status: CRITICAL | Fan: ON | Alarm: ON
[2026-09-21 23:04:08] [INFO] Temperature: 60.0C | Status: CRITICAL | Fan: ON | Alarm: ON
[2026-09-21 23:04:09] [INFO] Temperature: 60.0C | Status: CRITICAL | Fan: ON | Alarm: ON
[2026-09-21 23:04:10] [INFO] Temperature: 60.0C | Status: CRITICAL | Fan: ON | Alarm: ON
[2026-09-21 23:04:11] [WARNING] Sensor transient fault detected (Count: 1/3) - Raw value: -5.0C - Holding last valid state
[2026-09-21 23:04:12] [INFO] Sensor recovered after 0 fault cycle(s) - Resuming normal operation
[2026-09-21 23:04:12] [INFO] Status changed: SENSOR_ERROR -> CRITICAL
[2026-09-21 23:04:12] [INFO] Temperature: 60.0C | Status: CRITICAL | Fan: ON | Alarm: ON
[2026-09-21 23:04:13] [INFO] Temperature: 60.0C | Status: CRITICAL | Fan: ON | Alarm: ON
[2026-09-21 23:04:14] [INFO] Temperature: 60.0C | Status: CRITICAL | Fan: ON | Alarm: ON
[2026-09-21 23:04:15] [INFO] Temperature: 60.0C | Status: CRITICAL | Fan: ON | Alarm: ON
[2026-09-21 23:04:16] [INFO] Temperature: 60.0C | Status: CRITICAL | Fan: ON | Alarm: ON
[2026-09-21 23:04:17] [INFO] Temperature: 60.0C | Status: CRITICAL | Fan: ON | Alarm: ON
[2026-09-21 23:04:18] [INFO] Temperature: 60.0C | Status: CRITICAL | Fan: ON | Alarm: ON
[2026-09-21 23:04:19] [INFO] Temperature: 60.0C | Status: CRITICAL | Fan: ON | Alarm: ON
[2026-09-21 23:04:20] [INFO] Temperature: 60.0C | Status: CRITICAL | Fan: ON | Alarm: ON
[2026-09-21 23:04:21] [INFO] Temperature: 60.0C | Status: CRITICAL | Fan: ON | Alarm: ON
[2026-09-21 23:04:22] [INFO] Temperature: 60.0C | Status: CRITICAL | Fan: ON | Alarm: ON
[2026-09-21 23:04:23] [INFO] Temperature: 60.0C | Status: CRITICAL | Fan: ON | Alarm: ON
[2026-09-21 23:04:24] [INFO] Temperature: 60.0C | Status: CRITICAL | Fan: ON | Alarm: ON
[2026-09-21 23:04:25] [INFO] Temperature: 60.0C | Status: CRITICAL | Fan: ON | Alarm: ON
[2026-09-21 23:04:26] [INFO] Temperature: 60.0C | Status: CRITICAL | Fan: ON | Alarm: ON
[2026-09-21 23:04:27] [INFO] Temperature: 60.0C | Status: CRITICAL | Fan: ON | Alarm: ON
[2026-09-21 23:04:28] [INFO] Temperature: 60.0C | Status: CRITICAL | Fan: ON | Alarm: ON
[2026-09-21 23:04:29] [INFO] Temperature: 60.0C | Status: CRITICAL | Fan: ON | Alarm: ON
[2026-09-21 23:04:31] [INFO] Temperature: 60.0C | Status: CRITICAL | Fan: ON | Alarm: ON
[2026-09-21 23:04:32] [INFO] Temperature: 60.0C | Status: CRITICAL | Fan: ON | Alarm: ON
[2026-09-21 23:04:33] [INFO] Temperature: 60.0C | Status: CRITICAL | Fan: ON | Alarm: ON
[2026-09-21 23:04:34] [INFO] Temperature: 60.0C | Status: CRITICAL | Fan: ON | Alarm: ON
[2026-09-21 23:04:35] [INFO] Temperature: 60.0C | Status: CRITICAL | Fan: ON | Alarm: ON
[2026-09-21 23:04:36] [INFO] Temperature: 60.0C | Status: CRITICAL | Fan: ON | Alarm: ON
[2026-09-21 23:04:37] [INFO] Temperature: 60.0C | Status: CRITICAL | Fan: ON | Alarm: ON
[2026-09-21 23:04:38] [INFO] Temperature: 60.0C | Status: CRITICAL | Fan: ON | Alarm: ON
[2026-09-21 23:04:39] [INFO] Temperature: 60.0C | Status: CRITICAL | Fan: ON | Alarm: ON
[2026-09-21 23:04:40] [INFO] Temperature: 60.0C | Status: CRITICAL | Fan: ON | Alarm: ON
[2026-09-21 23:04:41] [INFO] Temperature: 60.0C | Status: CRITICAL | Fan: ON | Alarm: ON
[2026-09-21 23:04:42] [INFO] Temperature: 60.0C | Status: CRITICAL | Fan: ON | Alarm: ON
[2026-09-21 23:04:43] [INFO] Temperature: 60.0C | Status: CRITICAL | Fan: ON | Alarm: ON
[2026-09-21 23:04:44] [INFO] Temperature: 60.0C | Status: CRITICAL | Fan: ON | Alarm: ON
[2026-09-21 23:04:45] [INFO] Temperature: 60.0C | Status: CRITICAL | Fan: ON | Alarm: ON
[2026-09-21 23:04:46] [INFO] Temperature: 60.0C | Status: CRITICAL | Fan: ON | Alarm: ON
[2026-09-21 23:04:47] [INFO] Temperature: 60.0C | Status: CRITICAL | Fan: ON | Alarm: ON
[2026-09-21 23:04:48] [INFO] Temperature: 60.0C | Status: CRITICAL | Fan: ON | Alarm: ON
[2026-09-21 23:04:49] [INFO] Temperature: 60.0C | Status: CRITICAL | Fan: ON | Alarm: ON
[2026-09-21 23:04:50] [INFO] Temperature: 60.0C | Status: CRITICAL | Fan: ON | Alarm: ON
[2026-09-21 23:04:51] [INFO] Temperature: 60.0C | Status: CRITICAL | Fan: ON | Alarm: ON
[2026-09-21 23:04:52] [INFO] Temperature: 60.0C | Status: CRITICAL | Fan: ON | Alarm: ON
[2026-09-21 23:04:53] [INFO] Temperature: 60.0C | Status: CRITICAL | Fan: ON | Alarm: ON
[2026-09-21 23:04:54] [INFO] Temperature: 60.0C | Status: CRITICAL | Fan: ON | Alarm: ON
[2026-09-21 23:04:55] [INFO] Temperature: 60.0C | Status: CRITICAL | Fan: ON | Alarm: ON
[2026-09-21 23:04:57] [INFO] Temperature: 60.0C | Status: CRITICAL | Fan: ON | Alarm: ON
[2026-09-21 23:04:58] [INFO] Temperature: 60.0C | Status: CRITICAL | Fan: ON | Alarm: ON
[2026-09-21 23:04:59] [INFO] Temperature: 60.0C | Status: CRITICAL | Fan: ON | Alarm: ON
[2026-09-21 23:05:00] [INFO] Temperature: 60.0C | Status: CRITICAL | Fan: ON | Alarm: ON
[2026-09-21 23:05:01] [INFO] Temperature: 60.0C | Status: CRITICAL | Fan: ON | Alarm: ON
[2026-09-21 23:05:02] [INFO] Temperature: 60.0C | Status: CRITICAL | Fan: ON | Alarm: ON
[2026-09-21 23:05:03] [INFO] Temperature: 60.0C | Status: CRITICAL | Fan: ON | Alarm: ON
[2026-09-21 23:05:04] [WARNING] Sensor transient fault detected (Count: 1/3) - Raw value: 65.0C - Holding last valid state
[2026-09-21 23:05:05] [INFO] Sensor recovered after 0 fault cycle(s) - Resuming normal operation
[2026-09-21 23:05:05] [INFO] Status changed: SENSOR_ERROR -> CRITICAL
[2026-09-21 23:05:05] [INFO] Temperature: 60.0C | Status: CRITICAL | Fan: ON | Alarm: ON
[2026-09-21 23:05:06] [INFO] Temperature: 60.0C | Status: CRITICAL | Fan: ON | Alarm: ON
[2026-09-21 23:05:07] [INFO] Temperature: 60.0C | Status: CRITICAL | Fan: ON | Alarm: ON
[2026-09-21 23:05:08] [INFO] Temperature: 60.0C | Status: CRITICAL | Fan: ON | Alarm: ON
[2026-09-21 23:05:09] [INFO] Temperature: 60.0C | Status: CRITICAL | Fan: ON | Alarm: ON
[2026-09-21 23:05:10] [INFO] Temperature: 60.0C | Status: CRITICAL | Fan: ON | Alarm: ON
[2026-09-21 23:05:11] [INFO] Temperature: 60.0C | Status: CRITICAL | Fan: ON | Alarm: ON
[2026-09-21 23:05:12] [WARNING] Sensor transient fault detected (Count: 1/3) - Raw value: 65.0C - Holding last valid state
[2026-09-21 23:05:13] [INFO] Sensor recovered after 0 fault cycle(s) - Resuming normal operation
[2026-09-21 23:05:13] [INFO] Status changed: SENSOR_ERROR -> CRITICAL
[2026-09-21 23:05:13] [INFO] Temperature: 60.0C | Status: CRITICAL | Fan: ON | Alarm: ON
[2026-09-21 23:05:14] [INFO] Temperature: 60.0C | Status: CRITICAL | Fan: ON | Alarm: ON
[2026-09-21 23:05:15] [INFO] Temperature: 60.0C | Status: CRITICAL | Fan: ON | Alarm: ON
[2026-09-21 23:05:16] [INFO] Temperature: 60.0C | Status: CRITICAL | Fan: ON | Alarm: ON
[2026-09-21 23:05:17] [INFO] Temperature: 60.0C | Status: CRITICAL | Fan: ON | Alarm: ON
[2026-09-21 23:05:18] [INFO] Temperature: 60.0C | Status: CRITICAL | Fan: ON | Alarm: ON
[2026-09-21 23:05:19] [INFO] Temperature: 60.0C | Status: CRITICAL | Fan: ON | Alarm: ON
[2026-09-21 23:05:20] [INFO] Temperature: 60.0C | Status: CRITICAL | Fan: ON | Alarm: ON
[2026-09-21 23:05:21] [INFO] Temperature: 60.0C | Status: CRITICAL | Fan: ON | Alarm: ON
[2026-09-21 23:05:22] [INFO] Temperature: 60.0C | Status: CRITICAL | Fan: ON | Alarm: ON
[2026-09-21 23:05:23] [INFO] Temperature: 60.0C | Status: CRITICAL | Fan: ON | Alarm: ON
[2026-09-21 23:05:24] [INFO] Temperature: 60.0C | Status: CRITICAL | Fan: ON | Alarm: ON
[2026-09-21 23:05:25] [INFO] Temperature: 60.0C | Status: CRITICAL | Fan: ON | Alarm: ON
[2026-09-21 23:05:26] [INFO] Temperature: 60.0C | Status: CRITICAL | Fan: ON | Alarm: ON
[2026-09-21 23:05:28] [INFO] Temperature: 60.0C | Status: CRITICAL | Fan: ON | Alarm: ON
[2026-09-21 23:05:29] [INFO] Temperature: 60.0C | Status: CRITICAL | Fan: ON | Alarm: ON
[2026-09-21 23:05:30] [INFO] Temperature: 60.0C | Status: CRITICAL | Fan: ON | Alarm: ON
[2026-09-21 23:05:31] [INFO] Temperature: 60.0C | Status: CRITICAL | Fan: ON | Alarm: ON
[2026-09-21 23:05:32] [INFO] Temperature: 60.0C | Status: CRITICAL | Fan: ON | Alarm: ON
[2026-09-21 23:05:33] [INFO] Temperature: 60.0C | Status: CRITICAL | Fan: ON | Alarm: ON
[2026-09-21 23:05:34] [INFO] Temperature: 60.0C | Status: CRITICAL | Fan: ON | Alarm: ON
[2026-09-21 23:05:35] [INFO] Temperature: 60.0C | Status: CRITICAL | Fan: ON | Alarm: ON
[2026-09-21 23:05:36] [INFO] Temperature: 60.0C | Status: CRITICAL | Fan: ON | Alarm: ON
[2026-09-21 23:05:37] [INFO] Temperature: 60.0C | Status: CRITICAL | Fan: ON | Alarm: ON
[2026-09-21 23:05:38] [INFO] Temperature: 60.0C | Status: CRITICAL | Fan: ON | Alarm: ON
[2026-09-21 23:05:39] [INFO] Temperature: 60.0C | Status: CRITICAL | Fan: ON | Alarm: ON
[2026-09-21 23:05:40] [INFO] Temperature: 60.0C | Status: CRITICAL | Fan: ON | Alarm: ON
[2026-09-21 23:05:41] [INFO] Temperature: 60.0C | Status: CRITICAL | Fan: ON | Alarm: ON
[2026-09-21 23:05:42] [INFO] Temperature: 60.0C | Status: CRITICAL | Fan: ON | Alarm: ON
[2026-09-21 23:05:43] [INFO] Temperature: 60.0C | Status: CRITICAL | Fan: ON | Alarm: ON
[2026-09-21 23:05:44] [INFO] Temperature: 60.0C | Status: CRITICAL | Fan: ON | Alarm: ON
[2026-09-21 23:05:45] [INFO] Temperature: 60.0C | Status: CRITICAL | Fan: ON | Alarm: ON
[2026-09-21 23:05:46] [INFO] Temperature: 60.0C | Status: CRITICAL | Fan: ON | Alarm: ON
[2026-09-21 23:05:47] [INFO] Temperature: 60.0C | Status: CRITICAL | Fan: ON | Alarm: ON
[2026-09-21 23:05:48] [INFO] Temperature: 60.0C | Status: CRITICAL | Fan: ON | Alarm: ON
[2026-09-21 23:05:49] [INFO] Temperature: 60.0C | Status: CRITICAL | Fan: ON | Alarm: ON
[2026-09-21 23:05:51] [INFO] Temperature: 60.0C | Status: CRITICAL | Fan: ON | Alarm: ON
[2026-09-21 23:05:52] [INFO] Temperature: 60.0C | Status: CRITICAL | Fan: ON | Alarm: ON
[2026-09-21 23:05:53] [INFO] Temperature: 60.0C | Status: CRITICAL | Fan: ON | Alarm: ON
[2026-09-21 23:05:54] [INFO] Temperature: 60.0C | Status: CRITICAL | Fan: ON | Alarm: ON
[2026-09-21 23:05:55] [INFO] Temperature: 60.0C | Status: CRITICAL | Fan: ON | Alarm: ON
[2026-09-21 23:05:56] [INFO] Temperature: 60.0C | Status: CRITICAL | Fan: ON | Alarm: ON
[2026-09-21 23:05:57] [INFO] Temperature: 60.0C | Status: CRITICAL | Fan: ON | Alarm: ON
[2026-09-21 23:05:58] [INFO] Temperature: 60.0C | Status: CRITICAL | Fan: ON | Alarm: ON
[2026-09-21 23:05:59] [INFO] Temperature: 60.0C | Status: CRITICAL | Fan: ON | Alarm: ON
[2026-09-21 23:06:00] [INFO] Temperature: 60.0C | Status: CRITICAL | Fan: ON | Alarm: ON
[2026-09-21 23:06:01] [INFO] Temperature: 60.0C | Status: CRITICAL | Fan: ON | Alarm: ON
[2026-09-21 23:06:02] [INFO] Temperature: 60.0C | Status: CRITICAL | Fan: ON | Alarm: ON
[2026-09-21 23:06:03] [INFO] Temperature: 60.0C | Status: CRITICAL | Fan: ON | Alarm: ON
[2026-09-21 23:06:04] [INFO] Temperature: 60.0C | Status: CRITICAL | Fan: ON | Alarm: ON
[2026-09-21 23:06:05] [INFO] Temperature: 60.0C | Status: CRITICAL | Fan: ON | Alarm: ON
[2026-09-21 23:06:06] [INFO] Temperature: 60.0C | Status: CRITICAL | Fan: ON | Alarm: ON
[2026-09-21 23:06:07] [INFO] Temperature: 60.0C | Status: CRITICAL | Fan: ON | Alarm: ON
[2026-09-21 23:06:08] [INFO] Temperature: 60.0C | Status: CRITICAL | Fan: ON | Alarm: ON
[2026-09-21 23:06:09] [INFO] Temperature: 60.0C | Status: CRITICAL | Fan: ON | Alarm: ON
[2026-09-21 23:06:10] [INFO] Temperature: 60.0C | Status: CRITICAL | Fan: ON | Alarm: ON
[2026-09-21 23:06:11] [INFO] Temperature: 60.0C | Status: CRITICAL | Fan: ON | Alarm: ON
[2026-09-21 23:06:12] [INFO] Temperature: 60.0C | Status: CRITICAL | Fan: ON | Alarm: ON
[2026-09-21 23:06:13] [INFO] Temperature: 60.0C | Status: CRITICAL | Fan: ON | Alarm: ON
[2026-09-21 23:06:14] [INFO] Temperature: 60.0C | Status: CRITICAL | Fan: ON | Alarm: ON
[2026-09-21 23:06:15] [INFO] Temperature: 60.0C | Status: CRITICAL | Fan: ON | Alarm: ON
[2026-09-21 23:06:16] [INFO] Temperature: 60.0C | Status: CRITICAL | Fan: ON | Alarm: ON
[2026-09-21 23:06:17] [INFO] Temperature: 60.0C | Status: CRITICAL | Fan: ON | Alarm: ON
[2026-09-21 23:06:18] [INFO] Temperature: 60.0C | Status: CRITICAL | Fan: ON | Alarm: ON
[2026-09-21 23:06:19] [INFO] Temperature: 60.0C | Status: CRITICAL | Fan: ON | Alarm: ON
[2026-09-21 23:06:21] [INFO] Temperature: 60.0C | Status: CRITICAL | Fan: ON | Alarm: ON
[2026-09-21 23:06:22] [INFO] Temperature: 60.0C | Status: CRITICAL | Fan: ON | Alarm: ON
[2026-09-21 23:06:23] [INFO] Temperature: 60.0C | Status: CRITICAL | Fan: ON | Alarm: ON
[2026-09-21 23:06:24] [INFO] Temperature: 60.0C | Status: CRITICAL | Fan: ON | Alarm: ON
[2026-09-21 23:06:25] [INFO] Temperature: 60.0C | Status: CRITICAL | Fan: ON | Alarm: ON
[2026-09-21 23:06:26] [INFO] Temperature: 60.0C | Status: CRITICAL | Fan: ON | Alarm: ON
[2026-09-21 23:06:27] [INFO] Temperature: 60.0C | Status: CRITICAL | Fan: ON | Alarm: ON
[2026-09-21 23:06:28] [INFO] Temperature: 60.0C | Status: CRITICAL | Fan: ON | Alarm: ON
[2026-09-21 23:06:29] [INFO] Temperature: 60.0C | Status: CRITICAL | Fan: ON | Alarm: ON
[2026-09-21 23:06:30] [INFO] Temperature: 60.0C | Status: CRITICAL | Fan: ON | Alarm: ON
[2026-09-21 23:06:31] [INFO] Temperature: 60.0C | Status: CRITICAL | Fan: ON | Alarm: ON
[2026-09-21 23:06:32] [INFO] Temperature: 60.0C | Status: CRITICAL | Fan: ON | Alarm: ON
[2026-09-21 23:06:33] [INFO] Temperature: 60.0C | Status: CRITICAL | Fan: ON | Alarm: ON
[2026-09-21 23:06:34] [INFO] Temperature: 60.0C | Status: CRITICAL | Fan: ON | Alarm: ON
[2026-09-21 23:06:35] [INFO] Temperature: 60.0C | Status: CRITICAL | Fan: ON | Alarm: ON
[2026-09-21 23:06:36] [INFO] Temperature: 60.0C | Status: CRITICAL | Fan: ON | Alarm: ON
[2026-09-21 23:06:37] [INFO] Temperature: 60.0C | Status: CRITICAL | Fan: ON | Alarm: ON
[2026-09-21 23:06:38] [INFO] Temperature: 60.0C | Status: CRITICAL | Fan: ON | Alarm: ON
[2026-09-21 23:06:40] [INFO] Temperature: 60.0C | Status: CRITICAL | Fan: ON | Alarm: ON
[2026-09-21 23:06:41] [INFO] Temperature: 60.0C | Status: CRITICAL | Fan: ON | Alarm: ON
[2026-09-21 23:06:42] [INFO] Temperature: 60.0C | Status: CRITICAL | Fan: ON | Alarm: ON
[2026-09-21 23:06:43] [INFO] Temperature: 60.0C | Status: CRITICAL | Fan: ON | Alarm: ON
[2026-09-21 23:06:44] [INFO] Temperature: 60.0C | Status: CRITICAL | Fan: ON | Alarm: ON
[2026-09-21 23:06:45] [INFO] Temperature: 60.0C | Status: CRITICAL | Fan: ON | Alarm: ON
[2026-09-21 23:06:46] [INFO] Temperature: 60.0C | Status: CRITICAL | Fan: ON | Alarm: ON
[2026-09-21 23:06:47] [INFO] Temperature: 60.0C | Status: CRITICAL | Fan: ON | Alarm: ON
[2026-09-21 23:06:48] [INFO] Temperature: 60.0C | Status: CRITICAL | Fan: ON | Alarm: ON
[2026-09-21 23:06:49] [INFO] Temperature: 60.0C | Status: CRITICAL | Fan: ON | Alarm: ON
[2026-09-21 23:06:50] [INFO] Temperature: 60.0C | Status: CRITICAL | Fan: ON | Alarm: ON
[2026-09-21 23:06:51] [INFO] Temperature: 60.0C | Status: CRITICAL | Fan: ON | Alarm: ON
[2026-09-21 23:06:52] [INFO] Temperature: 60.0C | Status: CRITICAL | Fan: ON | Alarm: ON
[2026-09-21 23:06:53] [INFO] Temperature: 60.0C | Status: CRITICAL | Fan: ON | Alarm: ON
[2026-09-21 23:06:54] [INFO] Temperature: 60.0C | Status: CRITICAL | Fan: ON | Alarm: ON
[2026-09-21 23:06:55] [INFO] Temperature: 60.0C | Status: CRITICAL | Fan: ON | Alarm: ON
[2026-09-21 23:06:56] [INFO] Temperature: 60.0C | Status: CRITICAL | Fan: ON | Alarm: ON
[2026-09-21 23:06:57] [INFO] Temperature: 60.0C | Status: CRITICAL | Fan: ON | Alarm: ON
[2026-09-21 23:06:58] [INFO] Temperature: 60.0C | Status: CRITICAL | Fan: ON | Alarm: ON
[2026-09-21 23:06:59] [INFO] Temperature: 60.0C | Status: CRITICAL | Fan: ON | Alarm: ON
[2026-09-21 23:07:00] [INFO] Temperature: 60.0C | Status: CRITICAL | Fan: ON | Alarm: ON
[2026-09-21 23:07:01] [INFO] Fan turned OFF
[2026-09-21 23:07:01] [INFO] Alarm turned OFF
[2026-09-21 23:07:01] [INFO] Status changed: CRITICAL -> NORMAL
[2026-09-21 23:07:01] [INFO] Temperature: 29.0C | Status: NORMAL | Fan: OFF | Alarm: OFF
[2026-09-21 23:07:02] [INFO] Temperature: 29.0C | Status: NORMAL | Fan: OFF | Alarm: OFF
[2026-09-21 23:07:03] [INFO] Temperature: 29.0C | Status: NORMAL | Fan: OFF | Alarm: OFF
[2026-09-21 23:07:04] [INFO] Temperature: 29.0C | Status: NORMAL | Fan: OFF | Alarm: OFF
[2026-09-21 23:07:05] [INFO] Temperature: 29.0C | Status: NORMAL | Fan: OFF | Alarm: OFF
[2026-09-21 23:07:06] [INFO] Temperature: 29.0C | Status: NORMAL | Fan: OFF | Alarm: OFF
[2026-09-21 23:07:07] [INFO] Temperature: 29.0C | Status: NORMAL | Fan: OFF | Alarm: OFF
[2026-09-21 23:07:08] [INFO] Temperature: 29.0C | Status: NORMAL | Fan: OFF | Alarm: OFF
[2026-09-21 23:07:09] [INFO] Temperature: 29.0C | Status: NORMAL | Fan: OFF | Alarm: OFF
[2026-09-21 23:07:10] [INFO] Temperature: 29.0C | Status: NORMAL | Fan: OFF | Alarm: OFF
[2026-09-21 23:07:11] [INFO] Temperature: 29.0C | Status: NORMAL | Fan: OFF | Alarm: OFF
[2026-09-21 23:07:12] [INFO] Temperature: 29.0C | Status: NORMAL | Fan: OFF | Alarm: OFF
[2026-09-21 23:07:13] [INFO] Temperature: 29.0C | Status: NORMAL | Fan: OFF | Alarm: OFF
[2026-09-21 23:07:15] [INFO] Temperature: 29.0C | Status: NORMAL | Fan: OFF | Alarm: OFF
[2026-09-21 23:07:16] [INFO] Temperature: 29.0C | Status: NORMAL | Fan: OFF | Alarm: OFF
[2026-09-21 23:07:17] [INFO] Temperature: 29.0C | Status: NORMAL | Fan: OFF | Alarm: OFF
[2026-09-21 23:07:18] [INFO] Temperature: 29.0C | Status: NORMAL | Fan: OFF | Alarm: OFF
[2026-09-21 23:07:19] [INFO] Temperature: 29.0C | Status: NORMAL | Fan: OFF | Alarm: OFF
[2026-09-21 23:07:20] [INFO] Temperature: 29.0C | Status: NORMAL | Fan: OFF | Alarm: OFF
[2026-09-21 23:07:21] [INFO] Temperature: 29.0C | Status: NORMAL | Fan: OFF | Alarm: OFF
[2026-09-21 23:07:22] [INFO] Temperature: 29.0C | Status: NORMAL | Fan: OFF | Alarm: OFF
[2026-09-21 23:07:23] [INFO] Temperature: 29.0C | Status: NORMAL | Fan: OFF | Alarm: OFF
[2026-09-21 23:07:24] [INFO] Temperature: 29.0C | Status: NORMAL | Fan: OFF | Alarm: OFF
[2026-09-21 23:07:25] [INFO] Temperature: 29.0C | Status: NORMAL | Fan: OFF | Alarm: OFF
[2026-09-21 23:07:26] [INFO] Temperature: 29.0C | Status: NORMAL | Fan: OFF | Alarm: OFF
[2026-09-21 23:07:27] [INFO] Temperature: 29.0C | Status: NORMAL | Fan: OFF | Alarm: OFF
[2026-09-21 23:07:28] [INFO] Temperature: 29.0C | Status: NORMAL | Fan: OFF | Alarm: OFF
[2026-09-21 23:07:29] [INFO] Temperature: 29.0C | Status: NORMAL | Fan: OFF | Alarm: OFF
[2026-09-21 23:07:30] [INFO] Temperature: 29.0C | Status: NORMAL | Fan: OFF | Alarm: OFF
[2026-09-21 23:07:31] [INFO] Temperature: 29.0C | Status: NORMAL | Fan: OFF | Alarm: OFF
[2026-09-21 23:07:32] [INFO] Temperature: 29.0C | Status: NORMAL | Fan: OFF | Alarm: OFF
[2026-09-21 23:07:33] [INFO] Temperature: 29.0C | Status: NORMAL | Fan: OFF | Alarm: OFF
[2026-09-21 23:07:34] [INFO] Temperature: 29.0C | Status: NORMAL | Fan: OFF | Alarm: OFF
[2026-09-21 23:07:35] [INFO] Temperature: 29.0C | Status: NORMAL | Fan: OFF | Alarm: OFF
[2026-09-21 23:07:36] [INFO] Temperature: 29.0C | Status: NORMAL | Fan: OFF | Alarm: OFF
[2026-09-21 23:07:38] [INFO] Temperature: 29.0C | Status: NORMAL | Fan: OFF | Alarm: OFF
[2026-09-21 23:07:39] [INFO] Temperature: 29.0C | Status: NORMAL | Fan: OFF | Alarm: OFF
[2026-09-21 23:07:40] [INFO] Temperature: 29.0C | Status: NORMAL | Fan: OFF | Alarm: OFF
[2026-09-21 23:07:41] [INFO] Temperature: 29.0C | Status: NORMAL | Fan: OFF | Alarm: OFF
[2026-09-21 23:07:42] [INFO] Temperature: 29.0C | Status: NORMAL | Fan: OFF | Alarm: OFF
[2026-09-21 23:07:43] [INFO] Temperature: 29.0C | Status: NORMAL | Fan: OFF | Alarm: OFF
[2026-09-21 23:07:44] [INFO] Temperature: 29.0C | Status: NORMAL | Fan: OFF | Alarm: OFF
[2026-09-21 23:07:45] [INFO] Temperature: 29.0C | Status: NORMAL | Fan: OFF | Alarm: OFF
[2026-09-21 23:07:46] [INFO] Temperature: 29.0C | Status: NORMAL | Fan: OFF | Alarm: OFF
[2026-09-21 23:07:47] [INFO] Temperature: 29.0C | Status: NORMAL | Fan: OFF | Alarm: OFF
[2026-09-21 23:07:48] [INFO] Temperature: 29.0C | Status: NORMAL | Fan: OFF | Alarm: OFF
[2026-09-21 23:07:49] [INFO] Temperature: 29.0C | Status: NORMAL | Fan: OFF | Alarm: OFF
[2026-09-21 23:07:50] [INFO] Temperature: 29.0C | Status: NORMAL | Fan: OFF | Alarm: OFF
[2026-09-21 23:07:51] [INFO] Temperature: 29.0C | Status: NORMAL | Fan: OFF | Alarm: OFF
[2026-09-21 23:07:52] [INFO] Temperature: 29.0C | Status: NORMAL | Fan: OFF | Alarm: OFF
[2026-09-21 23:07:53] [INFO] Temperature: 29.0C | Status: NORMAL | Fan: OFF | Alarm: OFF
[2026-09-21 23:07:54] [INFO] Temperature: 29.0C | Status: NORMAL | Fan: OFF | Alarm: OFF
[2026-09-21 23:07:55] [INFO] Temperature: 29.0C | Status: NORMAL | Fan: OFF | Alarm: OFF
[2026-09-21 23:07:56] [INFO] Temperature: 29.0C | Status: NORMAL | Fan: OFF | Alarm: OFF
[2026-09-21 23:07:57] [INFO] Temperature: 29.0C | Status: NORMAL | Fan: OFF | Alarm: OFF
[2026-09-21 23:07:58] [INFO] Temperature: 29.0C | Status: NORMAL | Fan: OFF | Alarm: OFF
[2026-09-21 23:07:59] [INFO] Temperature: 29.0C | Status: NORMAL | Fan: OFF | Alarm: OFF
[2026-09-21 23:08:00] [WARNING] Fan turned ON - Temperature WARNING
[2026-09-21 23:08:00] [INFO] Status changed: NORMAL -> WARNING
[2026-09-21 23:08:00] [INFO] Temperature: 30.0C | Status: WARNING | Fan: ON | Alarm: OFF
[2026-09-21 23:08:01] [INFO] Temperature: 30.0C | Status: WARNING | Fan: ON | Alarm: OFF
[2026-09-21 23:08:02] [INFO] Temperature: 30.0C | Status: WARNING | Fan: ON | Alarm: OFF
[2026-09-21 23:08:03] [INFO] Temperature: 30.0C | Status: WARNING | Fan: ON | Alarm: OFF
[2026-09-21 23:08:04] [INFO] Temperature: 30.0C | Status: WARNING | Fan: ON | Alarm: OFF
[2026-09-21 23:08:05] [INFO] Temperature: 30.0C | Status: WARNING | Fan: ON | Alarm: OFF
[2026-09-21 23:08:06] [INFO] Temperature: 30.0C | Status: WARNING | Fan: ON | Alarm: OFF
[2026-09-21 23:08:07] [INFO] Temperature: 30.0C | Status: WARNING | Fan: ON | Alarm: OFF
[2026-09-21 23:08:08] [INFO] Temperature: 30.0C | Status: WARNING | Fan: ON | Alarm: OFF
[2026-09-21 23:08:09] [INFO] Temperature: 30.0C | Status: WARNING | Fan: ON | Alarm: OFF
[2026-09-21 23:08:11] [INFO] Temperature: 30.0C | Status: WARNING | Fan: ON | Alarm: OFF
[2026-09-21 23:08:12] [INFO] Temperature: 30.0C | Status: WARNING | Fan: ON | Alarm: OFF
[2026-09-21 23:08:13] [INFO] Temperature: 30.0C | Status: WARNING | Fan: ON | Alarm: OFF
[2026-09-21 23:08:14] [INFO] Temperature: 30.0C | Status: WARNING | Fan: ON | Alarm: OFF
[2026-09-21 23:08:15] [INFO] Temperature: 30.0C | Status: WARNING | Fan: ON | Alarm: OFF
[2026-09-21 23:08:16] [INFO] Temperature: 30.0C | Status: WARNING | Fan: ON | Alarm: OFF
[2026-09-21 23:08:17] [INFO] Temperature: 30.0C | Status: WARNING | Fan: ON | Alarm: OFF
[2026-09-21 23:08:18] [INFO] Temperature: 30.0C | Status: WARNING | Fan: ON | Alarm: OFF
[2026-09-21 23:08:19] [INFO] Temperature: 30.0C | Status: WARNING | Fan: ON | Alarm: OFF
[2026-09-21 23:08:20] [INFO] Temperature: 30.0C | Status: WARNING | Fan: ON | Alarm: OFF
[2026-09-21 23:08:21] [INFO] Temperature: 30.0C | Status: WARNING | Fan: ON | Alarm: OFF
[2026-09-21 23:08:22] [INFO] Temperature: 30.0C | Status: WARNING | Fan: ON | Alarm: OFF
[2026-09-21 23:08:23] [INFO] Temperature: 30.0C | Status: WARNING | Fan: ON | Alarm: OFF
[2026-09-21 23:08:24] [INFO] Temperature: 30.0C | Status: WARNING | Fan: ON | Alarm: OFF
[2026-09-21 23:08:25] [INFO] Temperature: 30.0C | Status: WARNING | Fan: ON | Alarm: OFF
[2026-09-21 23:08:26] [INFO] Temperature: 30.0C | Status: WARNING | Fan: ON | Alarm: OFF
[2026-09-21 23:08:27] [INFO] Temperature: 30.0C | Status: WARNING | Fan: ON | Alarm: OFF
[2026-09-21 23:08:28] [INFO] Temperature: 30.0C | Status: WARNING | Fan: ON | Alarm: OFF
[2026-09-21 23:08:29] [INFO] Temperature: 30.0C | Status: WARNING | Fan: ON | Alarm: OFF
[2026-09-21 23:08:30] [INFO] Temperature: 30.0C | Status: WARNING | Fan: ON | Alarm: OFF
[2026-09-21 23:08:31] [INFO] Temperature: 30.0C | Status: WARNING | Fan: ON | Alarm: OFF
[2026-09-21 23:08:32] [INFO] Temperature: 30.0C | Status: WARNING | Fan: ON | Alarm: OFF
[2026-09-21 23:08:33] [INFO] Temperature: 30.0C | Status: WARNING | Fan: ON | Alarm: OFF
[2026-09-21 23:08:34] [INFO] Temperature: 30.0C | Status: WARNING | Fan: ON | Alarm: OFF
[2026-09-21 23:08:35] [INFO] Temperature: 30.0C | Status: WARNING | Fan: ON | Alarm: OFF
[2026-09-21 23:08:36] [INFO] Temperature: 30.0C | Status: WARNING | Fan: ON | Alarm: OFF
[2026-09-21 23:08:37] [INFO] Temperature: 30.0C | Status: WARNING | Fan: ON | Alarm: OFF
[2026-09-21 23:08:38] [INFO] Temperature: 30.0C | Status: WARNING | Fan: ON | Alarm: OFF
[2026-09-21 23:08:39] [INFO] Temperature: 30.0C | Status: WARNING | Fan: ON | Alarm: OFF
[2026-09-21 23:08:40] [INFO] Temperature: 30.0C | Status: WARNING | Fan: ON | Alarm: OFF
[2026-09-21 23:08:41] [INFO] Temperature: 30.0C | Status: WARNING | Fan: ON | Alarm: OFF
[2026-09-21 23:08:42] [INFO] Temperature: 30.0C | Status: WARNING | Fan: ON | Alarm: OFF
[2026-09-21 23:08:44] [INFO] Temperature: 35.0C | Status: WARNING | Fan: ON | Alarm: OFF
[2026-09-21 23:08:45] [INFO] Temperature: 35.0C | Status: WARNING | Fan: ON | Alarm: OFF
[2026-09-21 23:08:46] [INFO] Temperature: 35.0C | Status: WARNING | Fan: ON | Alarm: OFF
[2026-09-21 23:08:47] [INFO] Temperature: 35.0C | Status: WARNING | Fan: ON | Alarm: OFF
[2026-09-21 23:08:48] [INFO] Temperature: 35.0C | Status: WARNING | Fan: ON | Alarm: OFF
[2026-09-21 23:08:49] [INFO] Temperature: 35.0C | Status: WARNING | Fan: ON | Alarm: OFF
[2026-09-21 23:08:50] [INFO] Temperature: 35.0C | Status: WARNING | Fan: ON | Alarm: OFF
[2026-09-21 23:08:51] [INFO] Temperature: 35.0C | Status: WARNING | Fan: ON | Alarm: OFF
[2026-09-21 23:08:52] [INFO] Temperature: 35.0C | Status: WARNING | Fan: ON | Alarm: OFF
[2026-09-21 23:08:53] [INFO] Temperature: 35.0C | Status: WARNING | Fan: ON | Alarm: OFF
[2026-09-21 23:08:54] [INFO] Temperature: 35.0C | Status: WARNING | Fan: ON | Alarm: OFF
[2026-09-21 23:08:55] [INFO] Temperature: 35.0C | Status: WARNING | Fan: ON | Alarm: OFF
[2026-09-21 23:08:56] [INFO] Temperature: 35.0C | Status: WARNING | Fan: ON | Alarm: OFF
[2026-09-21 23:08:57] [INFO] Temperature: 35.0C | Status: WARNING | Fan: ON | Alarm: OFF
[2026-09-21 23:08:58] [INFO] Temperature: 35.0C | Status: WARNING | Fan: ON | Alarm: OFF
[2026-09-21 23:08:59] [INFO] Temperature: 35.0C | Status: WARNING | Fan: ON | Alarm: OFF
[2026-09-21 23:09:00] [INFO] Temperature: 35.0C | Status: WARNING | Fan: ON | Alarm: OFF
[2026-09-21 23:09:01] [INFO] Temperature: 35.0C | Status: WARNING | Fan: ON | Alarm: OFF
[2026-09-21 23:09:02] [INFO] Temperature: 35.0C | Status: WARNING | Fan: ON | Alarm: OFF
[2026-09-21 23:09:03] [INFO] Temperature: 35.0C | Status: WARNING | Fan: ON | Alarm: OFF
[2026-09-21 23:09:04] [INFO] Temperature: 35.0C | Status: WARNING | Fan: ON | Alarm: OFF
[2026-09-21 23:09:05] [INFO] Temperature: 35.0C | Status: WARNING | Fan: ON | Alarm: OFF
[2026-09-21 23:09:06] [INFO] Temperature: 35.0C | Status: WARNING | Fan: ON | Alarm: OFF
[2026-09-21 23:09:07] [INFO] Temperature: 35.0C | Status: WARNING | Fan: ON | Alarm: OFF
[2026-09-21 23:09:08] [INFO] Temperature: 35.0C | Status: WARNING | Fan: ON | Alarm: OFF
[2026-09-21 23:09:09] [INFO] Temperature: 35.0C | Status: WARNING | Fan: ON | Alarm: OFF
[2026-09-21 23:09:10] [INFO] Temperature: 35.0C | Status: WARNING | Fan: ON | Alarm: OFF
[2026-09-21 23:09:11] [INFO] Temperature: 35.0C | Status: WARNING | Fan: ON | Alarm: OFF
[2026-09-21 23:09:13] [INFO] Temperature: 35.0C | Status: WARNING | Fan: ON | Alarm: OFF
[2026-09-21 23:09:14] [INFO] Temperature: 35.0C | Status: WARNING | Fan: ON | Alarm: OFF
[2026-09-21 23:09:15] [INFO] Temperature: 35.0C | Status: WARNING | Fan: ON | Alarm: OFF
[2026-09-21 23:09:16] [INFO] Temperature: 35.0C | Status: WARNING | Fan: ON | Alarm: OFF
[2026-09-21 23:09:17] [INFO] Temperature: 35.0C | Status: WARNING | Fan: ON | Alarm: OFF
[2026-09-21 23:09:18] [INFO] Temperature: 35.0C | Status: WARNING | Fan: ON | Alarm: OFF
[2026-09-21 23:09:19] [INFO] Temperature: 35.0C | Status: WARNING | Fan: ON | Alarm: OFF
[2026-09-21 23:09:20] [INFO] Temperature: 35.0C | Status: WARNING | Fan: ON | Alarm: OFF
[2026-09-21 23:09:21] [INFO] Temperature: 35.0C | Status: WARNING | Fan: ON | Alarm: OFF
[2026-09-21 23:09:22] [INFO] Temperature: 35.0C | Status: WARNING | Fan: ON | Alarm: OFF
[2026-09-21 23:09:23] [INFO] Temperature: 35.0C | Status: WARNING | Fan: ON | Alarm: OFF
[2026-09-21 23:09:24] [INFO] Temperature: 35.0C | Status: WARNING | Fan: ON | Alarm: OFF
[2026-09-21 23:09:25] [INFO] Temperature: 35.0C | Status: WARNING | Fan: ON | Alarm: OFF
[2026-09-21 23:09:26] [INFO] Temperature: 35.0C | Status: WARNING | Fan: ON | Alarm: OFF
[2026-09-21 23:09:27] [INFO] Temperature: 35.0C | Status: WARNING | Fan: ON | Alarm: OFF
[2026-09-21 23:09:28] [INFO] Temperature: 35.0C | Status: WARNING | Fan: ON | Alarm: OFF
[2026-09-21 23:09:29] [INFO] Temperature: 35.0C | Status: WARNING | Fan: ON | Alarm: OFF
[2026-09-21 23:09:30] [INFO] Temperature: 35.0C | Status: WARNING | Fan: ON | Alarm: OFF
[2026-09-21 23:09:31] [INFO] Temperature: 35.0C | Status: WARNING | Fan: ON | Alarm: OFF
[2026-09-21 23:09:32] [INFO] Temperature: 39.0C | Status: WARNING | Fan: ON | Alarm: OFF
[2026-09-21 23:09:33] [INFO] Temperature: 39.0C | Status: WARNING | Fan: ON | Alarm: OFF
[2026-09-21 23:09:34] [INFO] Temperature: 39.0C | Status: WARNING | Fan: ON | Alarm: OFF
[2026-09-21 23:09:35] [INFO] Temperature: 39.0C | Status: WARNING | Fan: ON | Alarm: OFF
[2026-09-21 23:09:36] [INFO] Temperature: 39.0C | Status: WARNING | Fan: ON | Alarm: OFF
[2026-09-21 23:09:37] [INFO] Temperature: 39.0C | Status: WARNING | Fan: ON | Alarm: OFF
[2026-09-21 23:09:38] [INFO] Temperature: 39.0C | Status: WARNING | Fan: ON | Alarm: OFF
[2026-09-21 23:09:39] [INFO] Temperature: 39.0C | Status: WARNING | Fan: ON | Alarm: OFF
[2026-09-21 23:09:40] [INFO] Temperature: 39.0C | Status: WARNING | Fan: ON | Alarm: OFF
[2026-09-21 23:09:41] [INFO] Temperature: 39.0C | Status: WARNING | Fan: ON | Alarm: OFF
[2026-09-21 23:09:42] [INFO] Temperature: 39.0C | Status: WARNING | Fan: ON | Alarm: OFF
[2026-09-21 23:09:44] [INFO] Temperature: 39.0C | Status: WARNING | Fan: ON | Alarm: OFF
[2026-09-21 23:09:45] [INFO] Temperature: 39.0C | Status: WARNING | Fan: ON | Alarm: OFF
[2026-09-21 23:09:46] [INFO] Temperature: 39.0C | Status: WARNING | Fan: ON | Alarm: OFF
[2026-09-21 23:09:47] [INFO] Temperature: 39.0C | Status: WARNING | Fan: ON | Alarm: OFF
[2026-09-21 23:09:48] [INFO] Temperature: 39.0C | Status: WARNING | Fan: ON | Alarm: OFF
[2026-09-21 23:09:49] [INFO] Temperature: 39.0C | Status: WARNING | Fan: ON | Alarm: OFF
[2026-09-21 23:09:50] [INFO] Temperature: 39.0C | Status: WARNING | Fan: ON | Alarm: OFF
[2026-09-21 23:09:51] [INFO] Temperature: 39.0C | Status: WARNING | Fan: ON | Alarm: OFF
[2026-09-21 23:09:52] [INFO] Temperature: 39.0C | Status: WARNING | Fan: ON | Alarm: OFF
[2026-09-21 23:09:53] [INFO] Temperature: 39.0C | Status: WARNING | Fan: ON | Alarm: OFF
[2026-09-21 23:09:54] [INFO] Temperature: 39.0C | Status: WARNING | Fan: ON | Alarm: OFF
[2026-09-21 23:09:55] [INFO] Temperature: 39.0C | Status: WARNING | Fan: ON | Alarm: OFF
[2026-09-21 23:09:56] [INFO] Temperature: 39.0C | Status: WARNING | Fan: ON | Alarm: OFF
[2026-09-21 23:09:57] [INFO] Temperature: 39.0C | Status: WARNING | Fan: ON | Alarm: OFF
[2026-09-21 23:09:58] [INFO] Temperature: 39.0C | Status: WARNING | Fan: ON | Alarm: OFF
[2026-09-21 23:09:59] [INFO] Temperature: 39.0C | Status: WARNING | Fan: ON | Alarm: OFF
[2026-09-21 23:10:00] [INFO] Temperature: 39.0C | Status: WARNING | Fan: ON | Alarm: OFF
[2026-09-21 23:10:01] [INFO] Temperature: 39.0C | Status: WARNING | Fan: ON | Alarm: OFF
[2026-09-21 23:10:02] [INFO] Temperature: 39.0C | Status: WARNING | Fan: ON | Alarm: OFF
[2026-09-21 23:10:03] [INFO] Temperature: 39.0C | Status: WARNING | Fan: ON | Alarm: OFF
[2026-09-21 23:10:04] [INFO] Temperature: 39.0C | Status: WARNING | Fan: ON | Alarm: OFF
[2026-09-21 23:10:05] [INFO] Temperature: 39.0C | Status: WARNING | Fan: ON | Alarm: OFF
[2026-09-21 23:10:06] [INFO] Temperature: 39.0C | Status: WARNING | Fan: ON | Alarm: OFF
[2026-09-21 23:10:07] [INFO] Temperature: 39.0C | Status: WARNING | Fan: ON | Alarm: OFF
[2026-09-21 23:10:08] [INFO] Temperature: 39.0C | Status: WARNING | Fan: ON | Alarm: OFF
[2026-09-21 23:10:09] [INFO] Temperature: 39.0C | Status: WARNING | Fan: ON | Alarm: OFF
[2026-09-21 23:10:10] [INFO] Temperature: 39.0C | Status: WARNING | Fan: ON | Alarm: OFF
[2026-09-21 23:10:12] [INFO] Temperature: 39.0C | Status: WARNING | Fan: ON | Alarm: OFF
[2026-09-21 23:10:13] [INFO] Temperature: 39.0C | Status: WARNING | Fan: ON | Alarm: OFF
[2026-09-21 23:10:14] [INFO] Temperature: 39.0C | Status: WARNING | Fan: ON | Alarm: OFF
[2026-09-21 23:10:15] [INFO] Temperature: 39.0C | Status: WARNING | Fan: ON | Alarm: OFF
[2026-09-21 23:10:16] [INFO] Temperature: 39.0C | Status: WARNING | Fan: ON | Alarm: OFF
[2026-09-21 23:10:17] [INFO] Temperature: 39.0C | Status: WARNING | Fan: ON | Alarm: OFF
[2026-09-21 23:10:18] [INFO] Temperature: 39.0C | Status: WARNING | Fan: ON | Alarm: OFF
[2026-09-21 23:10:19] [INFO] Temperature: 39.0C | Status: WARNING | Fan: ON | Alarm: OFF
[2026-09-21 23:10:20] [INFO] Temperature: 39.0C | Status: WARNING | Fan: ON | Alarm: OFF
[2026-09-21 23:10:21] [INFO] Temperature: 39.0C | Status: WARNING | Fan: ON | Alarm: OFF
[2026-09-21 23:10:22] [INFO] Temperature: 39.0C | Status: WARNING | Fan: ON | Alarm: OFF
[2026-09-21 23:10:23] [INFO] Temperature: 39.0C | Status: WARNING | Fan: ON | Alarm: OFF
[2026-09-21 23:10:24] [INFO] Temperature: 39.0C | Status: WARNING | Fan: ON | Alarm: OFF
[2026-09-21 23:10:25] [INFO] Temperature: 39.0C | Status: WARNING | Fan: ON | Alarm: OFF
[2026-09-21 23:10:26] [INFO] Temperature: 39.0C | Status: WARNING | Fan: ON | Alarm: OFF
[2026-09-21 23:10:27] [INFO] Temperature: 39.0C | Status: WARNING | Fan: ON | Alarm: OFF
[2026-09-21 23:10:28] [INFO] Temperature: 39.0C | Status: WARNING | Fan: ON | Alarm: OFF
[2026-09-21 23:10:29] [INFO] Temperature: 39.0C | Status: WARNING | Fan: ON | Alarm: OFF
[2026-09-21 23:10:30] [INFO] Temperature: 39.0C | Status: WARNING | Fan: ON | Alarm: OFF
[2026-09-21 23:10:31] [CRITICAL] Alarm turned ON - Temperature CRITICAL!
[2026-09-21 23:10:31] [INFO] Status changed: WARNING -> CRITICAL
[2026-09-21 23:10:31] [INFO] Temperature: 40.0C | Status: CRITICAL | Fan: ON | Alarm: ON
[2026-09-21 23:10:32] [INFO] Temperature: 40.0C | Status: CRITICAL | Fan: ON | Alarm: ON
[2026-09-21 23:10:33] [INFO] Temperature: 40.0C | Status: CRITICAL | Fan: ON | Alarm: ON
[2026-09-21 23:10:34] [INFO] Temperature: 40.0C | Status: CRITICAL | Fan: ON | Alarm: ON
[2026-09-21 23:10:35] [INFO] Temperature: 40.0C | Status: CRITICAL | Fan: ON | Alarm: ON
[2026-09-21 23:10:36] [INFO] Temperature: 40.0C | Status: CRITICAL | Fan: ON | Alarm: ON
[2026-09-21 23:10:37] [INFO] Temperature: 40.0C | Status: CRITICAL | Fan: ON | Alarm: ON
[2026-09-21 23:10:38] [INFO] Temperature: 40.0C | Status: CRITICAL | Fan: ON | Alarm: ON
[2026-09-21 23:10:39] [INFO] Temperature: 40.0C | Status: CRITICAL | Fan: ON | Alarm: ON
[2026-09-21 23:10:40] [INFO] Temperature: 40.0C | Status: CRITICAL | Fan: ON | Alarm: ON
[2026-09-21 23:10:41] [INFO] Temperature: 40.0C | Status: CRITICAL | Fan: ON | Alarm: ON
[2026-09-21 23:10:42] [INFO] Temperature: 40.0C | Status: CRITICAL | Fan: ON | Alarm: ON
[2026-09-21 23:10:43] [INFO] Temperature: 40.0C | Status: CRITICAL | Fan: ON | Alarm: ON
[2026-09-21 23:10:44] [INFO] Temperature: 40.0C | Status: CRITICAL | Fan: ON | Alarm: ON
[2026-09-21 23:10:45] [INFO] Temperature: 40.0C | Status: CRITICAL | Fan: ON | Alarm: ON
[2026-09-21 23:10:46] [INFO] Temperature: 40.0C | Status: CRITICAL | Fan: ON | Alarm: ON
[2026-09-21 23:10:47] [INFO] Temperature: 40.0C | Status: CRITICAL | Fan: ON | Alarm: ON
[2026-09-21 23:10:48] [INFO] Temperature: 40.0C | Status: CRITICAL | Fan: ON | Alarm: ON
[2026-09-21 23:10:49] [INFO] Temperature: 40.0C | Status: CRITICAL | Fan: ON | Alarm: ON
[2026-09-21 23:10:50] [INFO] Temperature: 40.0C | Status: CRITICAL | Fan: ON | Alarm: ON
[2026-09-21 23:10:51] [INFO] Temperature: 40.0C | Status: CRITICAL | Fan: ON | Alarm: ON
[2026-09-21 23:10:52] [INFO] Temperature: 40.0C | Status: CRITICAL | Fan: ON | Alarm: ON
[2026-09-21 23:10:53] [INFO] Temperature: 40.0C | Status: CRITICAL | Fan: ON | Alarm: ON
[2026-09-21 23:10:55] [INFO] Temperature: 40.0C | Status: CRITICAL | Fan: ON | Alarm: ON
[2026-09-21 23:10:56] [INFO] Temperature: 40.0C | Status: CRITICAL | Fan: ON | Alarm: ON
[2026-09-21 23:10:57] [INFO] Temperature: 40.0C | Status: CRITICAL | Fan: ON | Alarm: ON
[2026-09-21 23:10:58] [INFO] Temperature: 40.0C | Status: CRITICAL | Fan: ON | Alarm: ON
[2026-09-21 23:10:59] [INFO] Temperature: 40.0C | Status: CRITICAL | Fan: ON | Alarm: ON
[2026-09-21 23:11:00] [INFO] Temperature: 40.0C | Status: CRITICAL | Fan: ON | Alarm: ON
[2026-09-21 23:11:01] [INFO] Temperature: 40.0C | Status: CRITICAL | Fan: ON | Alarm: ON
[2026-09-21 23:11:02] [INFO] Temperature: 40.0C | Status: CRITICAL | Fan: ON | Alarm: ON
[2026-09-21 23:11:03] [INFO] Temperature: 40.0C | Status: CRITICAL | Fan: ON | Alarm: ON
[2026-09-21 23:11:04] [INFO] Temperature: 40.0C | Status: CRITICAL | Fan: ON | Alarm: ON
[2026-09-21 23:11:05] [INFO] Temperature: 40.0C | Status: CRITICAL | Fan: ON | Alarm: ON
[2026-09-21 23:11:06] [INFO] Temperature: 40.0C | Status: CRITICAL | Fan: ON | Alarm: ON
[2026-09-21 23:11:07] [INFO] Temperature: 40.0C | Status: CRITICAL | Fan: ON | Alarm: ON
[2026-09-21 23:11:08] [INFO] Temperature: 40.0C | Status: CRITICAL | Fan: ON | Alarm: ON
[2026-09-21 23:11:09] [INFO] Temperature: 40.0C | Status: CRITICAL | Fan: ON | Alarm: ON
[2026-09-21 23:11:11] [INFO] Temperature: 40.0C | Status: CRITICAL | Fan: ON | Alarm: ON
[2026-09-21 23:11:12] [INFO] Temperature: 40.0C | Status: CRITICAL | Fan: ON | Alarm: ON
[2026-09-21 23:11:13] [INFO] Temperature: 40.0C | Status: CRITICAL | Fan: ON | Alarm: ON
[2026-09-21 23:11:14] [INFO] Temperature: 40.0C | Status: CRITICAL | Fan: ON | Alarm: ON
[2026-09-21 23:11:15] [INFO] Temperature: 40.0C | Status: CRITICAL | Fan: ON | Alarm: ON
[2026-09-21 23:11:16] [INFO] Temperature: 40.0C | Status: CRITICAL | Fan: ON | Alarm: ON
[2026-09-21 23:11:17] [INFO] Temperature: 40.0C | Status: CRITICAL | Fan: ON | Alarm: ON
[2026-09-21 23:11:18] [INFO] Temperature: 40.0C | Status: CRITICAL | Fan: ON | Alarm: ON
[2026-09-21 23:11:19] [INFO] Temperature: 40.0C | Status: CRITICAL | Fan: ON | Alarm: ON
[2026-09-21 23:11:20] [INFO] Temperature: 40.0C | Status: CRITICAL | Fan: ON | Alarm: ON
[2026-09-21 23:11:21] [INFO] Temperature: 40.0C | Status: CRITICAL | Fan: ON | Alarm: ON
[2026-09-21 23:11:22] [INFO] Temperature: 40.0C | Status: CRITICAL | Fan: ON | Alarm: ON
[2026-09-21 23:11:23] [INFO] Temperature: 40.0C | Status: CRITICAL | Fan: ON | Alarm: ON
[2026-09-21 23:11:24] [INFO] Temperature: 40.0C | Status: CRITICAL | Fan: ON | Alarm: ON
[2026-09-21 23:11:25] [INFO] Temperature: 40.0C | Status: CRITICAL | Fan: ON | Alarm: ON
[2026-09-21 23:11:26] [INFO] Temperature: 40.0C | Status: CRITICAL | Fan: ON | Alarm: ON
[2026-09-21 23:11:27] [INFO] Temperature: 40.0C | Status: CRITICAL | Fan: ON | Alarm: ON
[2026-09-21 23:11:28] [INFO] Temperature: 40.0C | Status: CRITICAL | Fan: ON | Alarm: ON
[2026-09-21 23:11:29] [INFO] Temperature: 40.0C | Status: CRITICAL | Fan: ON | Alarm: ON
[2026-09-21 23:11:30] [INFO] Temperature: 40.0C | Status: CRITICAL | Fan: ON | Alarm: ON
[2026-09-21 23:11:31] [INFO] Temperature: 40.0C | Status: CRITICAL | Fan: ON | Alarm: ON
[2026-09-21 23:11:32] [INFO] Temperature: 40.0C | Status: CRITICAL | Fan: ON | Alarm: ON
[2026-09-21 23:11:33] [INFO] Temperature: 40.0C | Status: CRITICAL | Fan: ON | Alarm: ON
[2026-09-21 23:11:34] [INFO] Temperature: 40.0C | Status: CRITICAL | Fan: ON | Alarm: ON
[2026-09-21 23:11:35] [INFO] Temperature: 40.0C | Status: CRITICAL | Fan: ON | Alarm: ON
[2026-09-21 23:11:36] [INFO] Temperature: 40.0C | Status: CRITICAL | Fan: ON | Alarm: ON
[2026-09-21 23:11:37] [INFO] Temperature: 40.0C | Status: CRITICAL | Fan: ON | Alarm: ON
[2026-09-21 23:11:38] [INFO] Temperature: 40.0C | Status: CRITICAL | Fan: ON | Alarm: ON
[2026-09-21 23:11:39] [INFO] Temperature: 40.0C | Status: CRITICAL | Fan: ON | Alarm: ON
[2026-09-21 23:11:40] [INFO] Temperature: 40.0C | Status: CRITICAL | Fan: ON | Alarm: ON
[2026-09-21 23:11:41] [INFO] Temperature: 40.0C | Status: CRITICAL | Fan: ON | Alarm: ON
[2026-09-21 23:11:42] [INFO] Temperature: 40.0C | Status: CRITICAL | Fan: ON | Alarm: ON
[2026-09-21 23:11:44] [INFO] Temperature: 40.0C | Status: CRITICAL | Fan: ON | Alarm: ON
[2026-09-21 23:11:45] [INFO] Temperature: 40.0C | Status: CRITICAL | Fan: ON | Alarm: ON
[2026-09-21 23:11:46] [INFO] Temperature: 40.0C | Status: CRITICAL | Fan: ON | Alarm: ON
[2026-09-21 23:11:47] [INFO] Temperature: 40.0C | Status: CRITICAL | Fan: ON | Alarm: ON
[2026-09-21 23:11:48] [INFO] Temperature: 40.0C | Status: CRITICAL | Fan: ON | Alarm: ON
[2026-09-21 23:11:49] [INFO] Temperature: 40.0C | Status: CRITICAL | Fan: ON | Alarm: ON
[2026-09-21 23:11:50] [INFO] Temperature: 40.0C | Status: CRITICAL | Fan: ON | Alarm: ON
[2026-09-21 23:11:51] [INFO] Temperature: 40.0C | Status: CRITICAL | Fan: ON | Alarm: ON
[2026-09-21 23:11:52] [INFO] Temperature: 40.0C | Status: CRITICAL | Fan: ON | Alarm: ON
[2026-09-21 23:11:53] [INFO] Temperature: 40.0C | Status: CRITICAL | Fan: ON | Alarm: ON
[2026-09-21 23:11:54] [INFO] Temperature: 40.0C | Status: CRITICAL | Fan: ON | Alarm: ON
[2026-09-21 23:11:55] [INFO] Temperature: 40.0C | Status: CRITICAL | Fan: ON | Alarm: ON
[2026-09-21 23:11:56] [INFO] Temperature: 40.0C | Status: CRITICAL | Fan: ON | Alarm: ON
[2026-09-21 23:11:57] [INFO] Temperature: 40.0C | Status: CRITICAL | Fan: ON | Alarm: ON
[2026-09-21 23:11:58] [INFO] Temperature: 40.0C | Status: CRITICAL | Fan: ON | Alarm: ON
[2026-09-21 23:11:59] [INFO] Temperature: 40.0C | Status: CRITICAL | Fan: ON | Alarm: ON
[2026-09-21 23:12:00] [INFO] Temperature: 40.0C | Status: CRITICAL | Fan: ON | Alarm: ON
[2026-09-21 23:12:01] [INFO] Temperature: 40.0C | Status: CRITICAL | Fan: ON | Alarm: ON
[2026-09-21 23:12:02] [INFO] Temperature: 40.0C | Status: CRITICAL | Fan: ON | Alarm: ON
[2026-09-21 23:12:03] [INFO] Temperature: 40.0C | Status: CRITICAL | Fan: ON | Alarm: ON
[2026-09-21 23:12:04] [INFO] Temperature: 40.0C | Status: CRITICAL | Fan: ON | Alarm: ON
[2026-09-21 23:12:05] [INFO] Temperature: 40.0C | Status: CRITICAL | Fan: ON | Alarm: ON
[2026-09-21 23:12:06] [INFO] Temperature: 40.0C | Status: CRITICAL | Fan: ON | Alarm: ON
[2026-09-21 23:12:07] [INFO] Temperature: 40.0C | Status: CRITICAL | Fan: ON | Alarm: ON
[2026-09-21 23:12:08] [INFO] Temperature: 40.0C | Status: CRITICAL | Fan: ON | Alarm: ON
[2026-09-21 23:12:09] [INFO] Temperature: 40.0C | Status: CRITICAL | Fan: ON | Alarm: ON
[2026-09-21 23:12:11] [INFO] Temperature: 40.0C | Status: CRITICAL | Fan: ON | Alarm: ON
[2026-09-21 23:12:12] [INFO] Temperature: 40.0C | Status: CRITICAL | Fan: ON | Alarm: ON
[2026-09-21 23:12:13] [INFO] Temperature: 40.0C | Status: CRITICAL | Fan: ON | Alarm: ON
[2026-09-21 23:12:14] [INFO] Temperature: 40.0C | Status: CRITICAL | Fan: ON | Alarm: ON
[2026-09-21 23:12:15] [INFO] Temperature: 40.0C | Status: CRITICAL | Fan: ON | Alarm: ON
[2026-09-21 23:12:16] [INFO] Temperature: 40.0C | Status: CRITICAL | Fan: ON | Alarm: ON
[2026-09-21 23:12:17] [INFO] Temperature: 40.0C | Status: CRITICAL | Fan: ON | Alarm: ON
[2026-09-21 23:12:18] [INFO] Temperature: 40.0C | Status: CRITICAL | Fan: ON | Alarm: ON
[2026-09-21 23:12:19] [INFO] Temperature: 40.0C | Status: CRITICAL | Fan: ON | Alarm: ON
[2026-09-21 23:12:20] [INFO] Temperature: 40.0C | Status: CRITICAL | Fan: ON | Alarm: ON
[2026-09-21 23:12:21] [INFO] Temperature: 40.0C | Status: CRITICAL | Fan: ON | Alarm: ON
[2026-09-21 23:12:22] [INFO] Temperature: 40.0C | Status: CRITICAL | Fan: ON | Alarm: ON
[2026-09-21 23:12:23] [INFO] Temperature: 40.0C | Status: CRITICAL | Fan: ON | Alarm: ON
[2026-09-21 23:12:24] [INFO] Temperature: 40.0C | Status: CRITICAL | Fan: ON | Alarm: ON
[2026-09-21 23:12:25] [INFO] Temperature: 40.0C | Status: CRITICAL | Fan: ON | Alarm: ON
[2026-09-21 23:12:26] [INFO] Temperature: 40.0C | Status: CRITICAL | Fan: ON | Alarm: ON
[2026-09-21 23:12:27] [INFO] Temperature: 40.0C | Status: CRITICAL | Fan: ON | Alarm: ON
[2026-09-21 23:12:28] [INFO] Temperature: 40.0C | Status: CRITICAL | Fan: ON | Alarm: ON
[2026-09-21 23:12:29] [INFO] Temperature: 40.0C | Status: CRITICAL | Fan: ON | Alarm: ON
[2026-09-21 23:12:30] [INFO] Temperature: 40.0C | Status: CRITICAL | Fan: ON | Alarm: ON
[2026-09-21 23:12:31] [INFO] Temperature: 40.0C | Status: CRITICAL | Fan: ON | Alarm: ON
[2026-09-21 23:12:32] [INFO] Temperature: 40.0C | Status: CRITICAL | Fan: ON | Alarm: ON
[2026-09-21 23:12:33] [INFO] Temperature: 40.0C | Status: CRITICAL | Fan: ON | Alarm: ON
[2026-09-21 23:12:34] [INFO] Temperature: 40.0C | Status: CRITICAL | Fan: ON | Alarm: ON
[2026-09-21 23:12:35] [INFO] Temperature: 40.0C | Status: CRITICAL | Fan: ON | Alarm: ON
[2026-09-21 23:12:36] [INFO] Temperature: 45.0C | Status: CRITICAL | Fan: ON | Alarm: ON
[2026-09-21 23:12:37] [INFO] Temperature: 45.0C | Status: CRITICAL | Fan: ON | Alarm: ON
[2026-09-21 23:12:38] [INFO] Temperature: 45.0C | Status: CRITICAL | Fan: ON | Alarm: ON
[2026-09-21 23:12:39] [INFO] Temperature: 45.0C | Status: CRITICAL | Fan: ON | Alarm: ON
[2026-09-21 23:12:40] [INFO] Temperature: 45.0C | Status: CRITICAL | Fan: ON | Alarm: ON
[2026-09-21 23:12:41] [INFO] Temperature: 45.0C | Status: CRITICAL | Fan: ON | Alarm: ON
[2026-09-21 23:12:42] [INFO] Temperature: 45.0C | Status: CRITICAL | Fan: ON | Alarm: ON
[2026-09-21 23:12:43] [INFO] Temperature: 45.0C | Status: CRITICAL | Fan: ON | Alarm: ON
[2026-09-21 23:12:44] [INFO] Temperature: 45.0C | Status: CRITICAL | Fan: ON | Alarm: ON
[2026-09-21 23:12:45] [INFO] Temperature: 45.0C | Status: CRITICAL | Fan: ON | Alarm: ON
[2026-09-21 23:12:46] [INFO] Temperature: 45.0C | Status: CRITICAL | Fan: ON | Alarm: ON
[2026-09-21 23:12:47] [INFO] Temperature: 45.0C | Status: CRITICAL | Fan: ON | Alarm: ON
[2026-09-21 23:12:48] [INFO] Temperature: 45.0C | Status: CRITICAL | Fan: ON | Alarm: ON
[2026-09-21 23:12:49] [INFO] Temperature: 45.0C | Status: CRITICAL | Fan: ON | Alarm: ON
[2026-09-21 23:12:51] [INFO] Temperature: 45.0C | Status: CRITICAL | Fan: ON | Alarm: ON
[2026-09-21 23:12:52] [INFO] Temperature: 45.0C | Status: CRITICAL | Fan: ON | Alarm: ON
[2026-09-21 23:12:53] [INFO] Temperature: 45.0C | Status: CRITICAL | Fan: ON | Alarm: ON
[2026-09-21 23:12:54] [INFO] Temperature: 45.0C | Status: CRITICAL | Fan: ON | Alarm: ON
[2026-09-21 23:12:55] [INFO] Temperature: 45.0C | Status: CRITICAL | Fan: ON | Alarm: ON
[2026-09-21 23:12:56] [INFO] Temperature: 45.0C | Status: CRITICAL | Fan: ON | Alarm: ON
[2026-09-21 23:12:57] [INFO] Temperature: 45.0C | Status: CRITICAL | Fan: ON | Alarm: ON
[2026-09-21 23:12:58] [INFO] Temperature: 45.0C | Status: CRITICAL | Fan: ON | Alarm: ON
[2026-09-21 23:12:59] [INFO] Temperature: 45.0C | Status: CRITICAL | Fan: ON | Alarm: ON
[2026-09-21 23:13:00] [INFO] Temperature: 45.0C | Status: CRITICAL | Fan: ON | Alarm: ON
[2026-09-21 23:13:01] [INFO] Temperature: 45.0C | Status: CRITICAL | Fan: ON | Alarm: ON
[2026-09-21 23:13:02] [INFO] Temperature: 45.0C | Status: CRITICAL | Fan: ON | Alarm: ON
[2026-09-21 23:13:03] [INFO] Temperature: 45.0C | Status: CRITICAL | Fan: ON | Alarm: ON
[2026-09-21 23:13:04] [INFO] Temperature: 45.0C | Status: CRITICAL | Fan: ON | Alarm: ON
[2026-09-21 23:13:05] [INFO] Temperature: 45.0C | Status: CRITICAL | Fan: ON | Alarm: ON
[2026-09-21 23:13:06] [INFO] Temperature: 45.0C | Status: CRITICAL | Fan: ON | Alarm: ON
[2026-09-21 23:13:07] [INFO] Temperature: 45.0C | Status: CRITICAL | Fan: ON | Alarm: ON
[2026-09-21 23:13:08] [INFO] Temperature: 45.0C | Status: CRITICAL | Fan: ON | Alarm: ON
[2026-09-21 23:13:09] [INFO] Temperature: 45.0C | Status: CRITICAL | Fan: ON | Alarm: ON
[2026-09-21 23:13:10] [INFO] Temperature: 45.0C | Status: CRITICAL | Fan: ON | Alarm: ON
[2026-09-21 23:13:11] [INFO] Temperature: 45.0C | Status: CRITICAL | Fan: ON | Alarm: ON
[2026-09-21 23:13:13] [INFO] Temperature: 45.0C | Status: CRITICAL | Fan: ON | Alarm: ON
[2026-09-21 23:13:14] [INFO] Temperature: 45.0C | Status: CRITICAL | Fan: ON | Alarm: ON
[2026-09-21 23:13:15] [INFO] Temperature: 45.0C | Status: CRITICAL | Fan: ON | Alarm: ON
[2026-09-21 23:13:16] [INFO] Temperature: 45.0C | Status: CRITICAL | Fan: ON | Alarm: ON
[2026-09-21 23:13:17] [INFO] Temperature: 45.0C | Status: CRITICAL | Fan: ON | Alarm: ON
[2026-09-21 23:13:18] [INFO] Temperature: 45.0C | Status: CRITICAL | Fan: ON | Alarm: ON
[2026-09-21 23:13:19] [INFO] Temperature: 45.0C | Status: CRITICAL | Fan: ON | Alarm: ON
[2026-09-21 23:13:20] [INFO] Temperature: 45.0C | Status: CRITICAL | Fan: ON | Alarm: ON
[2026-09-21 23:13:21] [INFO] Temperature: 45.0C | Status: CRITICAL | Fan: ON | Alarm: ON
[2026-09-21 23:13:22] [INFO] Temperature: 45.0C | Status: CRITICAL | Fan: ON | Alarm: ON
[2026-09-21 23:13:23] [INFO] Temperature: 45.0C | Status: CRITICAL | Fan: ON | Alarm: ON
[2026-09-21 23:13:24] [INFO] Temperature: 45.0C | Status: CRITICAL | Fan: ON | Alarm: ON
[2026-09-21 23:13:25] [INFO] Temperature: 45.0C | Status: CRITICAL | Fan: ON | Alarm: ON
[2026-09-21 23:13:26] [INFO] Temperature: 45.0C | Status: CRITICAL | Fan: ON | Alarm: ON
[2026-09-21 23:13:27] [INFO] Temperature: 45.0C | Status: CRITICAL | Fan: ON | Alarm: ON
[2026-09-21 23:13:28] [INFO] Temperature: 45.0C | Status: CRITICAL | Fan: ON | Alarm: ON
[2026-09-21 23:13:29] [INFO] Temperature: 45.0C | Status: CRITICAL | Fan: ON | Alarm: ON
[2026-09-21 23:13:30] [INFO] Temperature: 45.0C | Status: CRITICAL | Fan: ON | Alarm: ON
[2026-09-21 23:13:31] [INFO] Temperature: 45.0C | Status: CRITICAL | Fan: ON | Alarm: ON
[2026-09-21 23:13:32] [INFO] Temperature: 45.0C | Status: CRITICAL | Fan: ON | Alarm: ON
[2026-09-21 23:13:33] [INFO] Temperature: 45.0C | Status: CRITICAL | Fan: ON | Alarm: ON
[2026-09-21 23:13:34] [INFO] Temperature: 45.0C | Status: CRITICAL | Fan: ON | Alarm: ON
[2026-09-21 23:13:35] [INFO] Temperature: 45.0C | Status: CRITICAL | Fan: ON | Alarm: ON
[2026-09-21 23:13:36] [INFO] Temperature: 45.0C | Status: CRITICAL | Fan: ON | Alarm: ON
[2026-09-21 23:13:37] [INFO] Temperature: 45.0C | Status: CRITICAL | Fan: ON | Alarm: ON
[2026-09-21 23:13:38] [INFO] Temperature: 45.0C | Status: CRITICAL | Fan: ON | Alarm: ON
[2026-09-21 23:13:39] [INFO] Temperature: 45.0C | Status: CRITICAL | Fan: ON | Alarm: ON
[2026-09-21 23:13:40] [INFO] Temperature: 45.0C | Status: CRITICAL | Fan: ON | Alarm: ON
[2026-09-21 23:13:41] [INFO] Temperature: 45.0C | Status: CRITICAL | Fan: ON | Alarm: ON
[2026-09-21 23:13:42] [INFO] Temperature: 45.0C | Status: CRITICAL | Fan: ON | Alarm: ON
[2026-09-21 23:13:43] [INFO] Temperature: 45.0C | Status: CRITICAL | Fan: ON | Alarm: ON
[2026-09-21 23:13:44] [INFO] Temperature: 45.0C | Status: CRITICAL | Fan: ON | Alarm: ON
[2026-09-21 23:13:45] [INFO] Temperature: 45.0C | Status: CRITICAL | Fan: ON | Alarm: ON
[2026-09-21 23:13:46] [INFO] Temperature: 45.0C | Status: CRITICAL | Fan: ON | Alarm: ON
[2026-09-21 23:13:47] [INFO] Temperature: 45.0C | Status: CRITICAL | Fan: ON | Alarm: ON
[2026-09-21 23:13:49] [INFO] Temperature: 45.0C | Status: CRITICAL | Fan: ON | Alarm: ON
[2026-09-21 23:13:50] [INFO] Temperature: 45.0C | Status: CRITICAL | Fan: ON | Alarm: ON
[2026-09-21 23:13:51] [INFO] Temperature: 45.0C | Status: CRITICAL | Fan: ON | Alarm: ON
[2026-09-21 23:13:52] [INFO] Temperature: 45.0C | Status: CRITICAL | Fan: ON | Alarm: ON
[2026-09-21 23:13:53] [INFO] Temperature: 45.0C | Status: CRITICAL | Fan: ON | Alarm: ON
[2026-09-21 23:13:54] [INFO] Temperature: 45.0C | Status: CRITICAL | Fan: ON | Alarm: ON
[2026-09-21 23:13:55] [INFO] Temperature: 45.0C | Status: CRITICAL | Fan: ON | Alarm: ON
[2026-09-21 23:13:56] [INFO] Temperature: 45.0C | Status: CRITICAL | Fan: ON | Alarm: ON
[2026-09-21 23:13:57] [INFO] Temperature: 45.0C | Status: CRITICAL | Fan: ON | Alarm: ON
[2026-09-21 23:13:58] [INFO] Temperature: 45.0C | Status: CRITICAL | Fan: ON | Alarm: ON
[2026-09-21 23:13:59] [INFO] Temperature: 45.0C | Status: CRITICAL | Fan: ON | Alarm: ON
[2026-09-21 23:14:00] [INFO] Temperature: 45.0C | Status: CRITICAL | Fan: ON | Alarm: ON
[2026-09-21 23:14:01] [INFO] Temperature: 45.0C | Status: CRITICAL | Fan: ON | Alarm: ON
[2026-09-21 23:14:02] [INFO] Temperature: 45.0C | Status: CRITICAL | Fan: ON | Alarm: ON
[2026-09-21 23:14:03] [INFO] Temperature: 45.0C | Status: CRITICAL | Fan: ON | Alarm: ON
[2026-09-21 23:14:04] [INFO] Temperature: 45.0C | Status: CRITICAL | Fan: ON | Alarm: ON
[2026-09-21 23:14:05] [INFO] Temperature: 45.0C | Status: CRITICAL | Fan: ON | Alarm: ON
[2026-09-21 23:14:06] [INFO] Temperature: 45.0C | Status: CRITICAL | Fan: ON | Alarm: ON
[2026-09-21 23:14:07] [INFO] Temperature: 45.0C | Status: CRITICAL | Fan: ON | Alarm: ON
[2026-09-21 23:14:08] [INFO] Temperature: 45.0C | Status: CRITICAL | Fan: ON | Alarm: ON
[2026-09-21 23:14:09] [INFO] Temperature: 45.0C | Status: CRITICAL | Fan: ON | Alarm: ON
[2026-09-21 23:14:10] [INFO] Temperature: 45.0C | Status: CRITICAL | Fan: ON | Alarm: ON
[2026-09-21 23:14:11] [INFO] Temperature: 45.0C | Status: CRITICAL | Fan: ON | Alarm: ON
[2026-09-21 23:14:12] [INFO] Temperature: 45.0C | Status: CRITICAL | Fan: ON | Alarm: ON
[2026-09-21 23:14:13] [INFO] Temperature: 45.0C | Status: CRITICAL | Fan: ON | Alarm: ON
[2026-09-21 23:14:15] [INFO] Temperature: 45.0C | Status: CRITICAL | Fan: ON | Alarm: ON
[2026-09-21 23:14:16] [INFO] Temperature: 45.0C | Status: CRITICAL | Fan: ON | Alarm: ON
[2026-09-21 23:14:17] [INFO] Temperature: 45.0C | Status: CRITICAL | Fan: ON | Alarm: ON
[2026-09-21 23:14:18] [INFO] Temperature: 45.0C | Status: CRITICAL | Fan: ON | Alarm: ON
[2026-09-21 23:14:19] [INFO] Temperature: 45.0C | Status: CRITICAL | Fan: ON | Alarm: ON
[2026-09-21 23:14:20] [INFO] Temperature: 45.0C | Status: CRITICAL | Fan: ON | Alarm: ON
[2026-09-21 23:14:21] [INFO] Temperature: 45.0C | Status: CRITICAL | Fan: ON | Alarm: ON
[2026-09-21 23:14:22] [INFO] Temperature: 45.0C | Status: CRITICAL | Fan: ON | Alarm: ON
[2026-09-21 23:14:23] [INFO] Temperature: 45.0C | Status: CRITICAL | Fan: ON | Alarm: ON
[2026-09-21 23:14:24] [INFO] Temperature: 45.0C | Status: CRITICAL | Fan: ON | Alarm: ON
[2026-09-21 23:14:25] [INFO] Temperature: 45.0C | Status: CRITICAL | Fan: ON | Alarm: ON
[2026-09-21 23:14:26] [INFO] Temperature: 45.0C | Status: CRITICAL | Fan: ON | Alarm: ON
[2026-09-21 23:14:27] [INFO] Temperature: 45.0C | Status: CRITICAL | Fan: ON | Alarm: ON
[2026-09-21 23:14:28] [INFO] Temperature: 45.0C | Status: CRITICAL | Fan: ON | Alarm: ON
[2026-09-21 23:14:29] [INFO] Temperature: 45.0C | Status: CRITICAL | Fan: ON | Alarm: ON
[2026-09-21 23:14:30] [INFO] Temperature: 45.0C | Status: CRITICAL | Fan: ON | Alarm: ON
[2026-09-21 23:14:31] [INFO] Temperature: 45.0C | Status: CRITICAL | Fan: ON | Alarm: ON
[2026-09-21 23:14:32] [INFO] Temperature: 45.0C | Status: CRITICAL | Fan: ON | Alarm: ON
[2026-09-21 23:14:33] [INFO] Temperature: 45.0C | Status: CRITICAL | Fan: ON | Alarm: ON
[2026-09-21 23:14:34] [INFO] Temperature: 45.0C | Status: CRITICAL | Fan: ON | Alarm: ON
[2026-09-21 23:14:35] [INFO] Temperature: 45.0C | Status: CRITICAL | Fan: ON | Alarm: ON
[2026-09-21 23:14:36] [INFO] Temperature: 45.0C | Status: CRITICAL | Fan: ON | Alarm: ON
[2026-09-21 23:14:37] [INFO] Temperature: 45.0C | Status: CRITICAL | Fan: ON | Alarm: ON
[2026-09-21 23:14:38] [INFO] Temperature: 45.0C | Status: CRITICAL | Fan: ON | Alarm: ON
[2026-09-21 23:14:39] [INFO] Temperature: 45.0C | Status: CRITICAL | Fan: ON | Alarm: ON
[2026-09-21 23:14:40] [INFO] Temperature: 45.0C | Status: CRITICAL | Fan: ON | Alarm: ON
[2026-09-21 23:14:41] [INFO] Temperature: 45.0C | Status: CRITICAL | Fan: ON | Alarm: ON
[2026-09-21 23:14:42] [INFO] Temperature: 45.0C | Status: CRITICAL | Fan: ON | Alarm: ON
[2026-09-21 23:14:43] [INFO] Temperature: 45.0C | Status: CRITICAL | Fan: ON | Alarm: ON
[2026-09-21 23:14:44] [INFO] Temperature: 45.0C | Status: CRITICAL | Fan: ON | Alarm: ON
[2026-09-21 23:14:46] [INFO] Temperature: 45.0C | Status: CRITICAL | Fan: ON | Alarm: ON
[2026-09-21 23:14:47] [INFO] Temperature: 45.0C | Status: CRITICAL | Fan: ON | Alarm: ON
[2026-09-21 23:14:48] [INFO] Temperature: 45.0C | Status: CRITICAL | Fan: ON | Alarm: ON
[2026-09-21 23:14:49] [INFO] Temperature: 45.0C | Status: CRITICAL | Fan: ON | Alarm: ON
[2026-09-21 23:14:50] [INFO] Temperature: 45.0C | Status: CRITICAL | Fan: ON | Alarm: ON
[2026-09-21 23:14:51] [INFO] Temperature: 45.0C | Status: CRITICAL | Fan: ON | Alarm: ON
[2026-09-21 23:14:52] [INFO] Temperature: 45.0C | Status: CRITICAL | Fan: ON | Alarm: ON
[2026-09-21 23:14:53] [INFO] Temperature: 45.0C | Status: CRITICAL | Fan: ON | Alarm: ON
[2026-09-21 23:14:54] [INFO] Temperature: 45.0C | Status: CRITICAL | Fan: ON | Alarm: ON
[2026-09-21 23:14:55] [INFO] Temperature: 45.0C | Status: CRITICAL | Fan: ON | Alarm: ON
[2026-09-21 23:14:56] [INFO] Temperature: 45.0C | Status: CRITICAL | Fan: ON | Alarm: ON
[2026-09-21 23:14:57] [INFO] Alarm turned OFF
[2026-09-21 23:14:57] [INFO] Status changed: CRITICAL -> WARNING
[2026-09-21 23:14:57] [INFO] Temperature: 37.0C | Status: WARNING | Fan: ON | Alarm: OFF
[2026-09-21 23:14:58] [INFO] Temperature: 37.0C | Status: WARNING | Fan: ON | Alarm: OFF
[2026-09-21 23:14:59] [INFO] Temperature: 37.0C | Status: WARNING | Fan: ON | Alarm: OFF
[2026-09-21 23:15:00] [INFO] Temperature: 37.0C | Status: WARNING | Fan: ON | Alarm: OFF
[2026-09-21 23:15:01] [INFO] Temperature: 37.0C | Status: WARNING | Fan: ON | Alarm: OFF
[2026-09-21 23:15:02] [INFO] Temperature: 37.0C | Status: WARNING | Fan: ON | Alarm: OFF
[2026-09-21 23:15:03] [INFO] Temperature: 37.0C | Status: WARNING | Fan: ON | Alarm: OFF
[2026-09-21 23:15:04] [INFO] Temperature: 37.0C | Status: WARNING | Fan: ON | Alarm: OFF
[2026-09-21 23:15:05] [INFO] Temperature: 37.0C | Status: WARNING | Fan: ON | Alarm: OFF
[2026-09-21 23:15:06] [INFO] Temperature: 37.0C | Status: WARNING | Fan: ON | Alarm: OFF
[2026-09-21 23:15:07] [INFO] Temperature: 37.0C | Status: WARNING | Fan: ON | Alarm: OFF
[2026-09-21 23:15:08] [INFO] Temperature: 37.0C | Status: WARNING | Fan: ON | Alarm: OFF
[2026-09-21 23:15:09] [INFO] Temperature: 37.0C | Status: WARNING | Fan: ON | Alarm: OFF
[2026-09-21 23:15:10] [INFO] Temperature: 37.0C | Status: WARNING | Fan: ON | Alarm: OFF
[2026-09-21 23:15:11] [INFO] Temperature: 37.0C | Status: WARNING | Fan: ON | Alarm: OFF
[2026-09-21 23:15:12] [INFO] Temperature: 37.0C | Status: WARNING | Fan: ON | Alarm: OFF
[2026-09-21 23:15:13] [INFO] Temperature: 37.0C | Status: WARNING | Fan: ON | Alarm: OFF
[2026-09-21 23:15:14] [INFO] Temperature: 37.0C | Status: WARNING | Fan: ON | Alarm: OFF
[2026-09-21 23:15:15] [INFO] Temperature: 37.0C | Status: WARNING | Fan: ON | Alarm: OFF
[2026-09-21 23:15:16] [INFO] Temperature: 37.0C | Status: WARNING | Fan: ON | Alarm: OFF
[2026-09-21 23:15:17] [INFO] Temperature: 37.0C | Status: WARNING | Fan: ON | Alarm: OFF
[2026-09-21 23:15:19] [INFO] Temperature: 37.0C | Status: WARNING | Fan: ON | Alarm: OFF
[2026-09-21 23:15:20] [INFO] Temperature: 37.0C | Status: WARNING | Fan: ON | Alarm: OFF
[2026-09-21 23:15:21] [INFO] Temperature: 37.0C | Status: WARNING | Fan: ON | Alarm: OFF
[2026-09-21 23:15:22] [INFO] Temperature: 37.0C | Status: WARNING | Fan: ON | Alarm: OFF
[2026-09-21 23:15:23] [INFO] Temperature: 37.0C | Status: WARNING | Fan: ON | Alarm: OFF
[2026-09-21 23:15:24] [INFO] Temperature: 37.0C | Status: WARNING | Fan: ON | Alarm: OFF
[2026-09-21 23:15:25] [INFO] Temperature: 37.0C | Status: WARNING | Fan: ON | Alarm: OFF
[2026-09-21 23:15:26] [INFO] Temperature: 37.0C | Status: WARNING | Fan: ON | Alarm: OFF
[2026-09-21 23:15:27] [INFO] Temperature: 37.0C | Status: WARNING | Fan: ON | Alarm: OFF
[2026-09-21 23:15:28] [INFO] Temperature: 37.0C | Status: WARNING | Fan: ON | Alarm: OFF
[2026-09-21 23:15:29] [INFO] Temperature: 37.0C | Status: WARNING | Fan: ON | Alarm: OFF
[2026-09-21 23:15:30] [INFO] Temperature: 37.0C | Status: WARNING | Fan: ON | Alarm: OFF
[2026-09-21 23:15:31] [INFO] Temperature: 37.0C | Status: WARNING | Fan: ON | Alarm: OFF
[2026-09-21 23:15:32] [INFO] Temperature: 37.0C | Status: WARNING | Fan: ON | Alarm: OFF
[2026-09-21 23:15:33] [INFO] Temperature: 37.0C | Status: WARNING | Fan: ON | Alarm: OFF
[2026-09-21 23:15:34] [INFO] Temperature: 37.0C | Status: WARNING | Fan: ON | Alarm: OFF
[2026-09-21 23:15:35] [INFO] Temperature: 37.0C | Status: WARNING | Fan: ON | Alarm: OFF
[2026-09-21 23:15:36] [INFO] Temperature: 37.0C | Status: WARNING | Fan: ON | Alarm: OFF
[2026-09-21 23:15:37] [INFO] Temperature: 37.0C | Status: WARNING | Fan: ON | Alarm: OFF
[2026-09-21 23:15:38] [INFO] Temperature: 37.0C | Status: WARNING | Fan: ON | Alarm: OFF
[2026-09-21 23:15:39] [INFO] Temperature: 37.0C | Status: WARNING | Fan: ON | Alarm: OFF
[2026-09-21 23:15:40] [INFO] Temperature: 37.0C | Status: WARNING | Fan: ON | Alarm: OFF
[2026-09-21 23:15:41] [INFO] Temperature: 37.0C | Status: WARNING | Fan: ON | Alarm: OFF
[2026-09-21 23:15:42] [INFO] Temperature: 37.0C | Status: WARNING | Fan: ON | Alarm: OFF
[2026-09-21 23:15:43] [INFO] Temperature: 37.0C | Status: WARNING | Fan: ON | Alarm: OFF
[2026-09-21 23:15:44] [INFO] Temperature: 37.0C | Status: WARNING | Fan: ON | Alarm: OFF
[2026-09-21 23:15:45] [INFO] Temperature: 37.0C | Status: WARNING | Fan: ON | Alarm: OFF
[2026-09-21 23:15:46] [INFO] Temperature: 37.0C | Status: WARNING | Fan: ON | Alarm: OFF
[2026-09-21 23:15:47] [INFO] Temperature: 37.0C | Status: WARNING | Fan: ON | Alarm: OFF
[2026-09-21 23:15:49] [INFO] Temperature: 37.0C | Status: WARNING | Fan: ON | Alarm: OFF
[2026-09-21 23:15:50] [INFO] Temperature: 37.0C | Status: WARNING | Fan: ON | Alarm: OFF
[2026-09-21 23:15:51] [INFO] Temperature: 37.0C | Status: WARNING | Fan: ON | Alarm: OFF
[2026-09-21 23:15:52] [INFO] Temperature: 37.0C | Status: WARNING | Fan: ON | Alarm: OFF
[2026-09-21 23:15:53] [INFO] Temperature: 37.0C | Status: WARNING | Fan: ON | Alarm: OFF
[2026-09-21 23:15:54] [INFO] Temperature: 37.0C | Status: WARNING | Fan: ON | Alarm: OFF
[2026-09-21 23:15:55] [INFO] Temperature: 37.0C | Status: WARNING | Fan: ON | Alarm: OFF
[2026-09-21 23:15:56] [INFO] Temperature: 37.0C | Status: WARNING | Fan: ON | Alarm: OFF
[2026-09-21 23:15:57] [INFO] Temperature: 37.0C | Status: WARNING | Fan: ON | Alarm: OFF
[2026-09-21 23:15:58] [INFO] Temperature: 37.0C | Status: WARNING | Fan: ON | Alarm: OFF
[2026-09-21 23:15:59] [INFO] Temperature: 37.0C | Status: WARNING | Fan: ON | Alarm: OFF
[2026-09-21 23:16:00] [INFO] Temperature: 37.0C | Status: WARNING | Fan: ON | Alarm: OFF
[2026-09-21 23:16:01] [INFO] Temperature: 37.0C | Status: WARNING | Fan: ON | Alarm: OFF
[2026-09-21 23:16:02] [INFO] Temperature: 37.0C | Status: WARNING | Fan: ON | Alarm: OFF
[2026-09-21 23:16:03] [INFO] Temperature: 37.0C | Status: WARNING | Fan: ON | Alarm: OFF
[2026-09-21 23:16:04] [INFO] Temperature: 37.0C | Status: WARNING | Fan: ON | Alarm: OFF
[2026-09-21 23:16:05] [INFO] Temperature: 37.0C | Status: WARNING | Fan: ON | Alarm: OFF
[2026-09-21 23:16:06] [INFO] Temperature: 37.0C | Status: WARNING | Fan: ON | Alarm: OFF
[2026-09-21 23:16:07] [INFO] Temperature: 37.0C | Status: WARNING | Fan: ON | Alarm: OFF
[2026-09-21 23:16:08] [INFO] Temperature: 37.0C | Status: WARNING | Fan: ON | Alarm: OFF
[2026-09-21 23:16:09] [INFO] Temperature: 37.0C | Status: WARNING | Fan: ON | Alarm: OFF
[2026-09-21 23:16:10] [INFO] Temperature: 37.0C | Status: WARNING | Fan: ON | Alarm: OFF
[2026-09-21 23:16:11] [INFO] Temperature: 37.0C | Status: WARNING | Fan: ON | Alarm: OFF
[2026-09-21 23:16:12] [INFO] Temperature: 37.0C | Status: WARNING | Fan: ON | Alarm: OFF
[2026-09-21 23:16:13] [INFO] Temperature: 37.0C | Status: WARNING | Fan: ON | Alarm: OFF
[2026-09-21 23:16:14] [INFO] Temperature: 37.0C | Status: WARNING | Fan: ON | Alarm: OFF
[2026-09-21 23:16:15] [INFO] Temperature: 37.0C | Status: WARNING | Fan: ON | Alarm: OFF
[2026-09-21 23:16:16] [INFO] Temperature: 37.0C | Status: WARNING | Fan: ON | Alarm: OFF
[2026-09-21 23:16:17] [INFO] Temperature: 37.0C | Status: WARNING | Fan: ON | Alarm: OFF
[2026-09-21 23:16:18] [INFO] Temperature: 37.0C | Status: WARNING | Fan: ON | Alarm: OFF
[2026-09-21 23:16:19] [INFO] Temperature: 37.0C | Status: WARNING | Fan: ON | Alarm: OFF
[2026-09-21 23:16:20] [INFO] Temperature: 37.0C | Status: WARNING | Fan: ON | Alarm: OFF
[2026-09-21 23:16:21] [INFO] Temperature: 37.0C | Status: WARNING | Fan: ON | Alarm: OFF
[2026-09-21 23:16:22] [INFO] Temperature: 37.0C | Status: WARNING | Fan: ON | Alarm: OFF
[2026-09-21 23:16:23] [INFO] Temperature: 37.0C | Status: WARNING | Fan: ON | Alarm: OFF
[2026-09-21 23:16:24] [INFO] Temperature: 37.0C | Status: WARNING | Fan: ON | Alarm: OFF
[2026-09-21 23:16:25] [INFO] Temperature: 37.0C | Status: WARNING | Fan: ON | Alarm: OFF
[2026-09-21 23:16:27] [INFO] Temperature: 37.0C | Status: WARNING | Fan: ON | Alarm: OFF
[2026-09-21 23:16:28] [INFO] Temperature: 37.0C | Status: WARNING | Fan: ON | Alarm: OFF
[2026-09-21 23:16:29] [INFO] Temperature: 37.0C | Status: WARNING | Fan: ON | Alarm: OFF
[2026-09-21 23:16:30] [INFO] Temperature: 37.0C | Status: WARNING | Fan: ON | Alarm: OFF
[2026-09-21 23:16:31] [INFO] Temperature: 37.0C | Status: WARNING | Fan: ON | Alarm: OFF
[2026-09-21 23:16:32] [INFO] Temperature: 37.0C | Status: WARNING | Fan: ON | Alarm: OFF
[2026-09-21 23:16:33] [INFO] Temperature: 37.0C | Status: WARNING | Fan: ON | Alarm: OFF
[2026-09-21 23:16:34] [INFO] Temperature: 37.0C | Status: WARNING | Fan: ON | Alarm: OFF
[2026-09-21 23:16:35] [INFO] Temperature: 37.0C | Status: WARNING | Fan: ON | Alarm: OFF
[2026-09-21 23:16:36] [INFO] Temperature: 37.0C | Status: WARNING | Fan: ON | Alarm: OFF
[2026-09-21 23:16:37] [INFO] Temperature: 37.0C | Status: WARNING | Fan: ON | Alarm: OFF
[2026-09-21 23:16:38] [INFO] Temperature: 37.0C | Status: WARNING | Fan: ON | Alarm: OFF
[2026-09-21 23:16:39] [INFO] Temperature: 37.0C | Status: WARNING | Fan: ON | Alarm: OFF
[2026-09-21 23:16:40] [INFO] Temperature: 37.0C | Status: WARNING | Fan: ON | Alarm: OFF
[2026-09-21 23:16:41] [INFO] Temperature: 37.0C | Status: WARNING | Fan: ON | Alarm: OFF
[2026-09-21 23:16:42] [INFO] Temperature: 37.0C | Status: WARNING | Fan: ON | Alarm: OFF
[2026-09-21 23:16:43] [INFO] Temperature: 37.0C | Status: WARNING | Fan: ON | Alarm: OFF
[2026-09-21 23:16:44] [INFO] Temperature: 37.0C | Status: WARNING | Fan: ON | Alarm: OFF
[2026-09-21 23:16:45] [INFO] Temperature: 37.0C | Status: WARNING | Fan: ON | Alarm: OFF
[2026-09-21 23:16:46] [INFO] Temperature: 37.0C | Status: WARNING | Fan: ON | Alarm: OFF
[2026-09-21 23:16:47] [INFO] Temperature: 37.0C | Status: WARNING | Fan: ON | Alarm: OFF
[2026-09-21 23:16:48] [INFO] Temperature: 37.0C | Status: WARNING | Fan: ON | Alarm: OFF
[2026-09-21 23:16:49] [INFO] Temperature: 37.0C | Status: WARNING | Fan: ON | Alarm: OFF
[2026-09-21 23:16:50] [INFO] Temperature: 37.0C | Status: WARNING | Fan: ON | Alarm: OFF
[2026-09-21 23:16:51] [INFO] Temperature: 37.0C | Status: WARNING | Fan: ON | Alarm: OFF
[2026-09-21 23:16:52] [INFO] Temperature: 37.0C | Status: WARNING | Fan: ON | Alarm: OFF
[2026-09-21 23:16:53] [INFO] Temperature: 37.0C | Status: WARNING | Fan: ON | Alarm: OFF
[2026-09-21 23:16:54] [INFO] Temperature: 37.0C | Status: WARNING | Fan: ON | Alarm: OFF
[2026-09-21 23:16:55] [INFO] Temperature: 37.0C | Status: WARNING | Fan: ON | Alarm: OFF
[2026-09-21 23:16:56] [INFO] Temperature: 37.0C | Status: WARNING | Fan: ON | Alarm: OFF
[2026-09-21 23:16:57] [INFO] Temperature: 37.0C | Status: WARNING | Fan: ON | Alarm: OFF
[2026-09-21 23:16:59] [INFO] Temperature: 37.0C | Status: WARNING | Fan: ON | Alarm: OFF
[2026-09-21 23:17:00] [INFO] Temperature: 37.0C | Status: WARNING | Fan: ON | Alarm: OFF
[2026-09-21 23:17:01] [INFO] Temperature: 37.0C | Status: WARNING | Fan: ON | Alarm: OFF
[2026-09-21 23:17:02] [INFO] Temperature: 37.0C | Status: WARNING | Fan: ON | Alarm: OFF
[2026-09-21 23:17:03] [INFO] Temperature: 37.0C | Status: WARNING | Fan: ON | Alarm: OFF
[2026-09-21 23:17:04] [INFO] Temperature: 37.0C | Status: WARNING | Fan: ON | Alarm: OFF
[2026-09-21 23:17:05] [INFO] Temperature: 37.0C | Status: WARNING | Fan: ON | Alarm: OFF
[2026-09-21 23:17:06] [INFO] Temperature: 37.0C | Status: WARNING | Fan: ON | Alarm: OFF
[2026-09-21 23:17:07] [INFO] Temperature: 37.0C | Status: WARNING | Fan: ON | Alarm: OFF
[2026-09-21 23:17:08] [INFO] Temperature: 37.0C | Status: WARNING | Fan: ON | Alarm: OFF
[2026-09-21 23:17:09] [INFO] Temperature: 37.0C | Status: WARNING | Fan: ON | Alarm: OFF
[2026-09-21 23:17:10] [INFO] Temperature: 37.0C | Status: WARNING | Fan: ON | Alarm: OFF
[2026-09-21 23:17:11] [INFO] Temperature: 37.0C | Status: WARNING | Fan: ON | Alarm: OFF
[2026-09-21 23:17:12] [INFO] Temperature: 37.0C | Status: WARNING | Fan: ON | Alarm: OFF
[2026-09-21 23:17:13] [INFO] Temperature: 37.0C | Status: WARNING | Fan: ON | Alarm: OFF
[2026-09-21 23:17:14] [INFO] Temperature: 37.0C | Status: WARNING | Fan: ON | Alarm: OFF
[2026-09-21 23:17:15] [INFO] Temperature: 37.0C | Status: WARNING | Fan: ON | Alarm: OFF
[2026-09-21 23:17:16] [INFO] Temperature: 37.0C | Status: WARNING | Fan: ON | Alarm: OFF
[2026-09-21 23:17:17] [INFO] Temperature: 37.0C | Status: WARNING | Fan: ON | Alarm: OFF
[2026-09-21 23:17:18] [INFO] Temperature: 37.0C | Status: WARNING | Fan: ON | Alarm: OFF
[2026-09-21 23:17:19] [INFO] Temperature: 37.0C | Status: WARNING | Fan: ON | Alarm: OFF
[2026-09-21 23:17:20] [INFO] Temperature: 37.0C | Status: WARNING | Fan: ON | Alarm: OFF
[2026-09-21 23:17:21] [INFO] Temperature: 37.0C | Status: WARNING | Fan: ON | Alarm: OFF
[2026-09-21 23:17:22] [INFO] Temperature: 37.0C | Status: WARNING | Fan: ON | Alarm: OFF
[2026-09-21 23:17:23] [INFO] Temperature: 37.0C | Status: WARNING | Fan: ON | Alarm: OFF
[2026-09-21 23:17:24] [INFO] Temperature: 37.0C | Status: WARNING | Fan: ON | Alarm: OFF
[2026-09-21 23:17:25] [INFO] Temperature: 37.0C | Status: WARNING | Fan: ON | Alarm: OFF
[2026-09-21 23:17:26] [INFO] Temperature: 37.0C | Status: WARNING | Fan: ON | Alarm: OFF
[2026-09-21 23:17:27] [INFO] Temperature: 37.0C | Status: WARNING | Fan: ON | Alarm: OFF
[2026-09-21 23:17:28] [INFO] Temperature: 37.0C | Status: WARNING | Fan: ON | Alarm: OFF
[2026-09-21 23:17:30] [INFO] Temperature: 37.0C | Status: WARNING | Fan: ON | Alarm: OFF
[2026-09-21 23:17:31] [INFO] Temperature: 37.0C | Status: WARNING | Fan: ON | Alarm: OFF
[2026-09-21 23:17:32] [INFO] Temperature: 37.0C | Status: WARNING | Fan: ON | Alarm: OFF
[2026-09-21 23:17:33] [INFO] Temperature: 37.0C | Status: WARNING | Fan: ON | Alarm: OFF
[2026-09-21 23:17:34] [INFO] Temperature: 37.0C | Status: WARNING | Fan: ON | Alarm: OFF
[2026-09-21 23:17:35] [INFO] Temperature: 37.0C | Status: WARNING | Fan: ON | Alarm: OFF
[2026-09-21 23:17:36] [INFO] Temperature: 37.0C | Status: WARNING | Fan: ON | Alarm: OFF
[2026-09-21 23:17:37] [INFO] Temperature: 37.0C | Status: WARNING | Fan: ON | Alarm: OFF
[2026-09-21 23:17:38] [INFO] Temperature: 37.0C | Status: WARNING | Fan: ON | Alarm: OFF
[2026-09-21 23:17:39] [INFO] Temperature: 37.0C | Status: WARNING | Fan: ON | Alarm: OFF
[2026-09-21 23:17:40] [INFO] Temperature: 37.0C | Status: WARNING | Fan: ON | Alarm: OFF
[2026-09-21 23:17:41] [INFO] Temperature: 37.0C | Status: WARNING | Fan: ON | Alarm: OFF
[2026-09-21 23:17:42] [INFO] Temperature: 37.0C | Status: WARNING | Fan: ON | Alarm: OFF
[2026-09-21 23:17:43] [INFO] Temperature: 37.0C | Status: WARNING | Fan: ON | Alarm: OFF
[2026-09-21 23:17:44] [INFO] Temperature: 37.0C | Status: WARNING | Fan: ON | Alarm: OFF
[2026-09-21 23:17:45] [INFO] Temperature: 37.0C | Status: WARNING | Fan: ON | Alarm: OFF
[2026-09-21 23:17:46] [INFO] Temperature: 37.0C | Status: WARNING | Fan: ON | Alarm: OFF
[2026-09-21 23:17:47] [INFO] Temperature: 37.0C | Status: WARNING | Fan: ON | Alarm: OFF
[2026-09-21 23:17:48] [INFO] Temperature: 37.0C | Status: WARNING | Fan: ON | Alarm: OFF
[2026-09-21 23:17:49] [INFO] Temperature: 37.0C | Status: WARNING | Fan: ON | Alarm: OFF
[2026-09-21 23:17:51] [INFO] Temperature: 37.0C | Status: WARNING | Fan: ON | Alarm: OFF
[2026-09-21 23:17:52] [INFO] Temperature: 37.0C | Status: WARNING | Fan: ON | Alarm: OFF
[2026-09-21 23:17:53] [INFO] Temperature: 37.0C | Status: WARNING | Fan: ON | Alarm: OFF
[2026-09-21 23:17:54] [INFO] Temperature: 37.0C | Status: WARNING | Fan: ON | Alarm: OFF
[2026-09-21 23:17:55] [INFO] Temperature: 37.0C | Status: WARNING | Fan: ON | Alarm: OFF
[2026-09-21 23:17:56] [INFO] Temperature: 37.0C | Status: WARNING | Fan: ON | Alarm: OFF
[2026-09-21 23:17:57] [INFO] Temperature: 37.0C | Status: WARNING | Fan: ON | Alarm: OFF
[2026-09-21 23:17:58] [INFO] Temperature: 37.0C | Status: WARNING | Fan: ON | Alarm: OFF
[2026-09-21 23:17:59] [INFO] Temperature: 37.0C | Status: WARNING | Fan: ON | Alarm: OFF
[2026-09-21 23:18:00] [INFO] Temperature: 37.0C | Status: WARNING | Fan: ON | Alarm: OFF
[2026-09-21 23:18:01] [INFO] Temperature: 37.0C | Status: WARNING | Fan: ON | Alarm: OFF
[2026-09-21 23:18:02] [INFO] Temperature: 37.0C | Status: WARNING | Fan: ON | Alarm: OFF
[2026-09-21 23:18:03] [INFO] Temperature: 37.0C | Status: WARNING | Fan: ON | Alarm: OFF
[2026-09-21 23:18:04] [INFO] Temperature: 37.0C | Status: WARNING | Fan: ON | Alarm: OFF
[2026-09-21 23:18:05] [INFO] Temperature: 37.0C | Status: WARNING | Fan: ON | Alarm: OFF
[2026-09-21 23:18:06] [INFO] Temperature: 37.0C | Status: WARNING | Fan: ON | Alarm: OFF
[2026-09-21 23:18:07] [INFO] Temperature: 37.0C | Status: WARNING | Fan: ON | Alarm: OFF
[2026-09-21 23:18:08] [INFO] Temperature: 37.0C | Status: WARNING | Fan: ON | Alarm: OFF
[2026-09-21 23:18:09] [INFO] Temperature: 37.0C | Status: WARNING | Fan: ON | Alarm: OFF
[2026-09-21 23:18:10] [INFO] Temperature: 37.0C | Status: WARNING | Fan: ON | Alarm: OFF
[2026-09-21 23:18:11] [INFO] Temperature: 37.0C | Status: WARNING | Fan: ON | Alarm: OFF
[2026-09-21 23:18:12] [INFO] Temperature: 37.0C | Status: WARNING | Fan: ON | Alarm: OFF
[2026-09-21 23:18:13] [INFO] Temperature: 37.0C | Status: WARNING | Fan: ON | Alarm: OFF
[2026-09-21 23:18:15] [INFO] Temperature: 37.0C | Status: WARNING | Fan: ON | Alarm: OFF
[2026-09-21 23:18:16] [INFO] Temperature: 37.0C | Status: WARNING | Fan: ON | Alarm: OFF
[2026-09-21 23:18:17] [INFO] Temperature: 37.0C | Status: WARNING | Fan: ON | Alarm: OFF
[2026-09-21 23:18:18] [INFO] Temperature: 37.0C | Status: WARNING | Fan: ON | Alarm: OFF
[2026-09-21 23:18:19] [INFO] Temperature: 37.0C | Status: WARNING | Fan: ON | Alarm: OFF
[2026-09-21 23:18:20] [INFO] Temperature: 37.0C | Status: WARNING | Fan: ON | Alarm: OFF
[2026-09-21 23:18:21] [INFO] Temperature: 37.0C | Status: WARNING | Fan: ON | Alarm: OFF
[2026-09-21 23:18:22] [INFO] Temperature: 37.0C | Status: WARNING | Fan: ON | Alarm: OFF
[2026-09-21 23:18:23] [INFO] Temperature: 37.0C | Status: WARNING | Fan: ON | Alarm: OFF
[2026-09-21 23:18:24] [INFO] Temperature: 37.0C | Status: WARNING | Fan: ON | Alarm: OFF
[2026-09-21 23:18:25] [INFO] Temperature: 37.0C | Status: WARNING | Fan: ON | Alarm: OFF
[2026-09-21 23:18:26] [INFO] Temperature: 37.0C | Status: WARNING | Fan: ON | Alarm: OFF
[2026-09-21 23:18:27] [INFO] Temperature: 37.0C | Status: WARNING | Fan: ON | Alarm: OFF
[2026-09-21 23:18:28] [INFO] Temperature: 37.0C | Status: WARNING | Fan: ON | Alarm: OFF
[2026-09-21 23:18:29] [INFO] Temperature: 37.0C | Status: WARNING | Fan: ON | Alarm: OFF
[2026-09-21 23:18:30] [INFO] Temperature: 37.0C | Status: WARNING | Fan: ON | Alarm: OFF
[2026-09-21 23:18:31] [INFO] Temperature: 37.0C | Status: WARNING | Fan: ON | Alarm: OFF
[2026-09-21 23:18:32] [INFO] Temperature: 37.0C | Status: WARNING | Fan: ON | Alarm: OFF
[2026-09-21 23:18:33] [INFO] Temperature: 37.0C | Status: WARNING | Fan: ON | Alarm: OFF
[2026-09-21 23:18:34] [INFO] Temperature: 37.0C | Status: WARNING | Fan: ON | Alarm: OFF
[2026-09-21 23:18:35] [INFO] Temperature: 37.0C | Status: WARNING | Fan: ON | Alarm: OFF
[2026-09-21 23:18:36] [INFO] Temperature: 37.0C | Status: WARNING | Fan: ON | Alarm: OFF
[2026-09-21 23:18:37] [INFO] Temperature: 37.0C | Status: WARNING | Fan: ON | Alarm: OFF
[2026-09-21 23:18:38] [INFO] Temperature: 37.0C | Status: WARNING | Fan: ON | Alarm: OFF
[2026-09-21 23:18:39] [INFO] Temperature: 37.0C | Status: WARNING | Fan: ON | Alarm: OFF
[2026-09-21 23:18:40] [INFO] Temperature: 37.0C | Status: WARNING | Fan: ON | Alarm: OFF
[2026-09-21 23:18:41] [INFO] Temperature: 37.0C | Status: WARNING | Fan: ON | Alarm: OFF
[2026-09-21 23:18:43] [INFO] Temperature: 37.0C | Status: WARNING | Fan: ON | Alarm: OFF
[2026-09-21 23:18:44] [INFO] Temperature: 37.0C | Status: WARNING | Fan: ON | Alarm: OFF
[2026-09-21 23:18:45] [INFO] Temperature: 37.0C | Status: WARNING | Fan: ON | Alarm: OFF
[2026-09-21 23:18:46] [INFO] Temperature: 37.0C | Status: WARNING | Fan: ON | Alarm: OFF
[2026-09-21 23:18:47] [INFO] Temperature: 37.0C | Status: WARNING | Fan: ON | Alarm: OFF
[2026-09-21 23:18:48] [INFO] Temperature: 37.0C | Status: WARNING | Fan: ON | Alarm: OFF
[2026-09-21 23:18:49] [INFO] Temperature: 37.0C | Status: WARNING | Fan: ON | Alarm: OFF
[2026-09-21 23:18:50] [INFO] Temperature: 37.0C | Status: WARNING | Fan: ON | Alarm: OFF
[2026-09-21 23:18:51] [INFO] Temperature: 37.0C | Status: WARNING | Fan: ON | Alarm: OFF
[2026-09-21 23:18:52] [INFO] Temperature: 37.0C | Status: WARNING | Fan: ON | Alarm: OFF
[2026-09-21 23:18:53] [INFO] Temperature: 37.0C | Status: WARNING | Fan: ON | Alarm: OFF
[2026-09-21 23:18:54] [INFO] Temperature: 37.0C | Status: WARNING | Fan: ON | Alarm: OFF
[2026-09-21 23:18:55] [INFO] Temperature: 37.0C | Status: WARNING | Fan: ON | Alarm: OFF
[2026-09-21 23:18:56] [INFO] Temperature: 37.0C | Status: WARNING | Fan: ON | Alarm: OFF
[2026-09-21 23:18:57] [INFO] Temperature: 37.0C | Status: WARNING | Fan: ON | Alarm: OFF
[2026-09-21 23:18:58] [INFO] Temperature: 37.0C | Status: WARNING | Fan: ON | Alarm: OFF
[2026-09-21 23:18:59] [INFO] Temperature: 37.0C | Status: WARNING | Fan: ON | Alarm: OFF
[2026-09-21 23:19:00] [INFO] Temperature: 37.0C | Status: WARNING | Fan: ON | Alarm: OFF
[2026-09-21 23:19:01] [INFO] Temperature: 37.0C | Status: WARNING | Fan: ON | Alarm: OFF
[2026-09-21 23:19:02] [INFO] Temperature: 37.0C | Status: WARNING | Fan: ON | Alarm: OFF
[2026-09-21 23:19:03] [INFO] Temperature: 37.0C | Status: WARNING | Fan: ON | Alarm: OFF
[2026-09-21 23:19:04] [INFO] Temperature: 37.0C | Status: WARNING | Fan: ON | Alarm: OFF
[2026-09-21 23:19:05] [INFO] Temperature: 37.0C | Status: WARNING | Fan: ON | Alarm: OFF
[2026-09-21 23:19:06] [INFO] Temperature: 37.0C | Status: WARNING | Fan: ON | Alarm: OFF
[2026-09-21 23:19:07] [INFO] Temperature: 37.0C | Status: WARNING | Fan: ON | Alarm: OFF
[2026-09-21 23:19:08] [INFO] Temperature: 37.0C | Status: WARNING | Fan: ON | Alarm: OFF
[2026-09-21 23:19:09] [INFO] Temperature: 37.0C | Status: WARNING | Fan: ON | Alarm: OFF
[2026-09-21 23:19:10] [INFO] Temperature: 37.0C | Status: WARNING | Fan: ON | Alarm: OFF
[2026-09-21 23:19:11] [INFO] Temperature: 37.0C | Status: WARNING | Fan: ON | Alarm: OFF
[2026-09-21 23:19:12] [WARNING] Sensor transient fault detected (Count: 1/3) - Raw value: -3.0C - Holding last valid state
[2026-09-21 23:19:13] [INFO] Sensor recovered after 0 fault cycle(s) - Resuming normal operation
[2026-09-21 23:19:13] [INFO] Status changed: SENSOR_ERROR -> WARNING
[2026-09-21 23:19:13] [INFO] Temperature: 37.0C | Status: WARNING | Fan: ON | Alarm: OFF
[2026-09-21 23:19:15] [INFO] Temperature: 37.0C | Status: WARNING | Fan: ON | Alarm: OFF
[2026-09-21 23:19:16] [INFO] Temperature: 37.0C | Status: WARNING | Fan: ON | Alarm: OFF
[2026-09-21 23:19:17] [INFO] Temperature: 37.0C | Status: WARNING | Fan: ON | Alarm: OFF
[2026-09-21 23:19:18] [WARNING] Sensor transient fault detected (Count: 1/3) - Raw value: -10.0C - Holding last valid state
[2026-09-21 23:19:19] [INFO] Sensor recovered after 0 fault cycle(s) - Resuming normal operation
[2026-09-21 23:19:19] [INFO] Status changed: SENSOR_ERROR -> WARNING
[2026-09-21 23:19:19] [INFO] Temperature: 37.0C | Status: WARNING | Fan: ON | Alarm: OFF
[2026-09-21 23:19:20] [INFO] Temperature: 37.0C | Status: WARNING | Fan: ON | Alarm: OFF
[2026-09-21 23:19:21] [INFO] Temperature: 37.0C | Status: WARNING | Fan: ON | Alarm: OFF
[2026-09-21 23:19:22] [INFO] Temperature: 37.0C | Status: WARNING | Fan: ON | Alarm: OFF
[2026-09-21 23:19:23] [INFO] Temperature: 37.0C | Status: WARNING | Fan: ON | Alarm: OFF
[2026-09-21 23:19:24] [INFO] Temperature: 37.0C | Status: WARNING | Fan: ON | Alarm: OFF
[2026-09-21 23:19:25] [INFO] Temperature: 37.0C | Status: WARNING | Fan: ON | Alarm: OFF
[2026-09-21 23:19:26] [INFO] Temperature: 37.0C | Status: WARNING | Fan: ON | Alarm: OFF
[2026-09-21 23:19:27] [INFO] Temperature: 37.0C | Status: WARNING | Fan: ON | Alarm: OFF
[2026-09-21 23:19:28] [INFO] Temperature: 37.0C | Status: WARNING | Fan: ON | Alarm: OFF
[2026-09-21 23:19:29] [INFO] Temperature: 37.0C | Status: WARNING | Fan: ON | Alarm: OFF
[2026-09-21 23:19:30] [INFO] Temperature: 37.0C | Status: WARNING | Fan: ON | Alarm: OFF
[2026-09-21 23:19:31] [INFO] Temperature: 37.0C | Status: WARNING | Fan: ON | Alarm: OFF
[2026-09-21 23:19:32] [INFO] Temperature: 37.0C | Status: WARNING | Fan: ON | Alarm: OFF
[2026-09-21 23:19:33] [INFO] Temperature: 37.0C | Status: WARNING | Fan: ON | Alarm: OFF
[2026-09-21 23:19:34] [INFO] Temperature: 37.0C | Status: WARNING | Fan: ON | Alarm: OFF
[2026-09-21 23:19:35] [INFO] Temperature: 37.0C | Status: WARNING | Fan: ON | Alarm: OFF
[2026-09-21 23:19:36] [INFO] Temperature: 37.0C | Status: WARNING | Fan: ON | Alarm: OFF
[2026-09-21 23:19:37] [INFO] Temperature: 37.0C | Status: WARNING | Fan: ON | Alarm: OFF
[2026-09-21 23:19:38] [INFO] Temperature: 37.0C | Status: WARNING | Fan: ON | Alarm: OFF
[2026-09-21 23:19:39] [INFO] Temperature: 37.0C | Status: WARNING | Fan: ON | Alarm: OFF
[2026-09-21 23:19:40] [INFO] Temperature: 37.0C | Status: WARNING | Fan: ON | Alarm: OFF
[2026-09-21 23:19:41] [INFO] Temperature: 37.0C | Status: WARNING | Fan: ON | Alarm: OFF
[2026-09-21 23:19:43] [INFO] Temperature: 37.0C | Status: WARNING | Fan: ON | Alarm: OFF
[2026-09-21 23:19:44] [INFO] Temperature: 37.0C | Status: WARNING | Fan: ON | Alarm: OFF
[2026-09-21 23:19:45] [INFO] Temperature: 37.0C | Status: WARNING | Fan: ON | Alarm: OFF
[2026-09-21 23:19:46] [INFO] Temperature: 37.0C | Status: WARNING | Fan: ON | Alarm: OFF
[2026-09-21 23:19:47] [INFO] Temperature: 37.0C | Status: WARNING | Fan: ON | Alarm: OFF
[2026-09-21 23:19:48] [INFO] Temperature: 37.0C | Status: WARNING | Fan: ON | Alarm: OFF
[2026-09-21 23:19:49] [INFO] Temperature: 37.0C | Status: WARNING | Fan: ON | Alarm: OFF
[2026-09-21 23:19:50] [INFO] Temperature: 37.0C | Status: WARNING | Fan: ON | Alarm: OFF
[2026-09-21 23:19:51] [INFO] Temperature: 37.0C | Status: WARNING | Fan: ON | Alarm: OFF
[2026-09-21 23:19:52] [INFO] Temperature: 37.0C | Status: WARNING | Fan: ON | Alarm: OFF
[2026-09-21 23:19:53] [INFO] Temperature: 37.0C | Status: WARNING | Fan: ON | Alarm: OFF
[2026-09-21 23:19:54] [INFO] Temperature: 37.0C | Status: WARNING | Fan: ON | Alarm: OFF
[2026-09-21 23:19:55] [INFO] Temperature: 37.0C | Status: WARNING | Fan: ON | Alarm: OFF
[2026-09-21 23:19:56] [INFO] Temperature: 37.0C | Status: WARNING | Fan: ON | Alarm: OFF
[2026-09-21 23:19:57] [INFO] Temperature: 37.0C | Status: WARNING | Fan: ON | Alarm: OFF
[2026-09-21 23:19:58] [INFO] Temperature: 37.0C | Status: WARNING | Fan: ON | Alarm: OFF
[2026-09-21 23:19:59] [INFO] Temperature: 37.0C | Status: WARNING | Fan: ON | Alarm: OFF
[2026-09-21 23:20:00] [INFO] Temperature: 37.0C | Status: WARNING | Fan: ON | Alarm: OFF
[2026-09-21 23:20:01] [INFO] Temperature: 37.0C | Status: WARNING | Fan: ON | Alarm: OFF
[2026-09-21 23:20:02] [INFO] Temperature: 37.0C | Status: WARNING | Fan: ON | Alarm: OFF
[2026-09-21 23:20:04] [INFO] Temperature: 37.0C | Status: WARNING | Fan: ON | Alarm: OFF
[2026-09-21 23:20:05] [INFO] Temperature: 37.0C | Status: WARNING | Fan: ON | Alarm: OFF
[2026-09-21 23:20:06] [INFO] Temperature: 37.0C | Status: WARNING | Fan: ON | Alarm: OFF
[2026-09-21 23:20:07] [INFO] Temperature: 37.0C | Status: WARNING | Fan: ON | Alarm: OFF
[2026-09-21 23:20:08] [INFO] Temperature: 37.0C | Status: WARNING | Fan: ON | Alarm: OFF
[2026-09-21 23:20:09] [INFO] Temperature: 37.0C | Status: WARNING | Fan: ON | Alarm: OFF
[2026-09-21 23:20:10] [INFO] Temperature: 37.0C | Status: WARNING | Fan: ON | Alarm: OFF
[2026-09-21 23:20:11] [INFO] Temperature: 37.0C | Status: WARNING | Fan: ON | Alarm: OFF
[2026-09-21 23:20:12] [INFO] Temperature: 37.0C | Status: WARNING | Fan: ON | Alarm: OFF
[2026-09-21 23:20:13] [INFO] Temperature: 37.0C | Status: WARNING | Fan: ON | Alarm: OFF
[2026-09-21 23:20:14] [INFO] Temperature: 37.0C | Status: WARNING | Fan: ON | Alarm: OFF
[2026-09-21 23:20:15] [INFO] Temperature: 37.0C | Status: WARNING | Fan: ON | Alarm: OFF
[2026-09-21 23:20:16] [INFO] Temperature: 37.0C | Status: WARNING | Fan: ON | Alarm: OFF
[2026-09-21 23:20:17] [INFO] Temperature: 37.0C | Status: WARNING | Fan: ON | Alarm: OFF
[2026-09-21 23:20:18] [INFO] Temperature: 37.0C | Status: WARNING | Fan: ON | Alarm: OFF
[2026-09-21 23:20:19] [INFO] Temperature: 37.0C | Status: WARNING | Fan: ON | Alarm: OFF
[2026-09-21 23:20:20] [INFO] Temperature: 37.0C | Status: WARNING | Fan: ON | Alarm: OFF
[2026-09-21 23:20:21] [INFO] Temperature: 37.0C | Status: WARNING | Fan: ON | Alarm: OFF
[2026-09-21 23:20:22] [INFO] Temperature: 37.0C | Status: WARNING | Fan: ON | Alarm: OFF
[2026-09-21 23:20:23] [INFO] Temperature: 37.0C | Status: WARNING | Fan: ON | Alarm: OFF
[2026-09-21 23:20:24] [INFO] Temperature: 37.0C | Status: WARNING | Fan: ON | Alarm: OFF
[2026-09-21 23:20:25] [INFO] Temperature: 37.0C | Status: WARNING | Fan: ON | Alarm: OFF
[2026-09-21 23:20:26] [INFO] Temperature: 37.0C | Status: WARNING | Fan: ON | Alarm: OFF
[2026-09-21 23:20:27] [INFO] Temperature: 37.0C | Status: WARNING | Fan: ON | Alarm: OFF
[2026-09-21 23:20:28] [INFO] Temperature: 37.0C | Status: WARNING | Fan: ON | Alarm: OFF
[2026-09-21 23:20:29] [INFO] Temperature: 37.0C | Status: WARNING | Fan: ON | Alarm: OFF
[2026-09-21 23:20:30] [INFO] Temperature: 37.0C | Status: WARNING | Fan: ON | Alarm: OFF
[2026-09-21 23:20:31] [INFO] Temperature: 37.0C | Status: WARNING | Fan: ON | Alarm: OFF
[2026-09-21 23:20:32] [INFO] Temperature: 37.0C | Status: WARNING | Fan: ON | Alarm: OFF
[2026-09-21 23:20:34] [INFO] Temperature: 37.0C | Status: WARNING | Fan: ON | Alarm: OFF
[2026-09-21 23:20:35] [INFO] Temperature: 37.0C | Status: WARNING | Fan: ON | Alarm: OFF
[2026-09-21 23:20:36] [INFO] Temperature: 37.0C | Status: WARNING | Fan: ON | Alarm: OFF
[2026-09-21 23:20:37] [INFO] Temperature: 37.0C | Status: WARNING | Fan: ON | Alarm: OFF
[2026-09-21 23:20:38] [INFO] Temperature: 37.0C | Status: WARNING | Fan: ON | Alarm: OFF
[2026-09-21 23:20:39] [INFO] Temperature: 37.0C | Status: WARNING | Fan: ON | Alarm: OFF
[2026-09-21 23:20:40] [INFO] Temperature: 37.0C | Status: WARNING | Fan: ON | Alarm: OFF
[2026-09-21 23:20:41] [INFO] Temperature: 37.0C | Status: WARNING | Fan: ON | Alarm: OFF
[2026-09-21 23:20:42] [INFO] Temperature: 37.0C | Status: WARNING | Fan: ON | Alarm: OFF
[2026-09-21 23:20:43] [INFO] Temperature: 37.0C | Status: WARNING | Fan: ON | Alarm: OFF
[2026-09-21 23:20:44] [INFO] Temperature: 37.0C | Status: WARNING | Fan: ON | Alarm: OFF
[2026-09-21 23:20:45] [INFO] Temperature: 37.0C | Status: WARNING | Fan: ON | Alarm: OFF
[2026-09-21 23:20:46] [INFO] Temperature: 37.0C | Status: WARNING | Fan: ON | Alarm: OFF
[2026-09-21 23:20:47] [INFO] Temperature: 37.0C | Status: WARNING | Fan: ON | Alarm: OFF
[2026-09-21 23:20:48] [INFO] Temperature: 37.0C | Status: WARNING | Fan: ON | Alarm: OFF
[2026-09-21 23:20:49] [INFO] Temperature: 37.0C | Status: WARNING | Fan: ON | Alarm: OFF
[2026-09-21 23:20:50] [INFO] Temperature: 37.0C | Status: WARNING | Fan: ON | Alarm: OFF
[2026-09-21 23:20:51] [INFO] Temperature: 37.0C | Status: WARNING | Fan: ON | Alarm: OFF
[2026-09-21 23:20:52] [INFO] Temperature: 37.0C | Status: WARNING | Fan: ON | Alarm: OFF
[2026-09-21 23:20:53] [INFO] Temperature: 37.0C | Status: WARNING | Fan: ON | Alarm: OFF
[2026-09-21 23:20:54] [INFO] Temperature: 37.0C | Status: WARNING | Fan: ON | Alarm: OFF
[2026-09-21 23:20:55] [INFO] Temperature: 37.0C | Status: WARNING | Fan: ON | Alarm: OFF
[2026-09-21 23:20:56] [INFO] Temperature: 37.0C | Status: WARNING | Fan: ON | Alarm: OFF
[2026-09-21 23:20:57] [INFO] Temperature: 37.0C | Status: WARNING | Fan: ON | Alarm: OFF
[2026-09-21 23:20:58] [INFO] Temperature: 37.0C | Status: WARNING | Fan: ON | Alarm: OFF
[2026-09-21 23:20:59] [INFO] Temperature: 37.0C | Status: WARNING | Fan: ON | Alarm: OFF
[2026-09-21 23:21:00] [INFO] Temperature: 37.0C | Status: WARNING | Fan: ON | Alarm: OFF
[2026-09-21 23:21:01] [INFO] Temperature: 37.0C | Status: WARNING | Fan: ON | Alarm: OFF
[2026-09-21 23:21:02] [INFO] Temperature: 37.0C | Status: WARNING | Fan: ON | Alarm: OFF
[2026-09-21 23:21:03] [INFO] Temperature: 37.0C | Status: WARNING | Fan: ON | Alarm: OFF
[2026-09-21 23:21:05] [INFO] Temperature: 37.0C | Status: WARNING | Fan: ON | Alarm: OFF
[2026-09-21 23:21:06] [INFO] Temperature: 37.0C | Status: WARNING | Fan: ON | Alarm: OFF
[2026-09-21 23:21:07] [INFO] Temperature: 37.0C | Status: WARNING | Fan: ON | Alarm: OFF
[2026-09-21 23:21:08] [INFO] Temperature: 37.0C | Status: WARNING | Fan: ON | Alarm: OFF
[2026-09-21 23:21:09] [INFO] Temperature: 37.0C | Status: WARNING | Fan: ON | Alarm: OFF
[2026-09-21 23:21:10] [INFO] Temperature: 37.0C | Status: WARNING | Fan: ON | Alarm: OFF
[2026-09-21 23:21:11] [INFO] Temperature: 37.0C | Status: WARNING | Fan: ON | Alarm: OFF
[2026-09-21 23:21:12] [INFO] Temperature: 37.0C | Status: WARNING | Fan: ON | Alarm: OFF
[2026-09-21 23:21:13] [INFO] Temperature: 37.0C | Status: WARNING | Fan: ON | Alarm: OFF
[2026-09-21 23:21:14] [INFO] Temperature: 37.0C | Status: WARNING | Fan: ON | Alarm: OFF
[2026-09-21 23:21:15] [INFO] Temperature: 37.0C | Status: WARNING | Fan: ON | Alarm: OFF
[2026-09-21 23:21:16] [INFO] Temperature: 37.0C | Status: WARNING | Fan: ON | Alarm: OFF
[2026-09-21 23:21:17] [INFO] Temperature: 37.0C | Status: WARNING | Fan: ON | Alarm: OFF
[2026-09-21 23:21:18] [INFO] Temperature: 37.0C | Status: WARNING | Fan: ON | Alarm: OFF
[2026-09-21 23:21:19] [INFO] Temperature: 37.0C | Status: WARNING | Fan: ON | Alarm: OFF
[2026-09-21 23:21:20] [INFO] Temperature: 37.0C | Status: WARNING | Fan: ON | Alarm: OFF
[2026-09-21 23:21:21] [INFO] Temperature: 37.0C | Status: WARNING | Fan: ON | Alarm: OFF
[2026-09-21 23:21:22] [INFO] Temperature: 37.0C | Status: WARNING | Fan: ON | Alarm: OFF
[2026-09-21 23:21:23] [INFO] Temperature: 37.0C | Status: WARNING | Fan: ON | Alarm: OFF
[2026-09-21 23:21:24] [INFO] Temperature: 37.0C | Status: WARNING | Fan: ON | Alarm: OFF
[2026-09-21 23:21:25] [INFO] Temperature: 37.0C | Status: WARNING | Fan: ON | Alarm: OFF
[2026-09-21 23:21:26] [INFO] Temperature: 37.0C | Status: WARNING | Fan: ON | Alarm: OFF
[2026-09-21 23:21:27] [INFO] Temperature: 37.0C | Status: WARNING | Fan: ON | Alarm: OFF
[2026-09-21 23:21:28] [INFO] Temperature: 37.0C | Status: WARNING | Fan: ON | Alarm: OFF
[2026-09-21 23:21:29] [INFO] Temperature: 37.0C | Status: WARNING | Fan: ON | Alarm: OFF
[2026-09-21 23:21:30] [INFO] Temperature: 37.0C | Status: WARNING | Fan: ON | Alarm: OFF
[2026-09-21 23:21:31] [INFO] Temperature: 37.0C | Status: WARNING | Fan: ON | Alarm: OFF
[2026-09-21 23:21:33] [INFO] Temperature: 37.0C | Status: WARNING | Fan: ON | Alarm: OFF
[2026-09-21 23:21:34] [INFO] Temperature: 37.0C | Status: WARNING | Fan: ON | Alarm: OFF
[2026-09-21 23:21:35] [INFO] Temperature: 37.0C | Status: WARNING | Fan: ON | Alarm: OFF
[2026-09-21 23:21:36] [INFO] Temperature: 37.0C | Status: WARNING | Fan: ON | Alarm: OFF
[2026-09-21 23:21:37] [INFO] Temperature: 37.0C | Status: WARNING | Fan: ON | Alarm: OFF
[2026-09-21 23:21:38] [INFO] Temperature: 37.0C | Status: WARNING | Fan: ON | Alarm: OFF
[2026-09-21 23:21:39] [INFO] Temperature: 37.0C | Status: WARNING | Fan: ON | Alarm: OFF
[2026-09-21 23:21:40] [INFO] Temperature: 37.0C | Status: WARNING | Fan: ON | Alarm: OFF
[2026-09-21 23:21:41] [INFO] Temperature: 37.0C | Status: WARNING | Fan: ON | Alarm: OFF
[2026-09-21 23:21:42] [INFO] Temperature: 37.0C | Status: WARNING | Fan: ON | Alarm: OFF
[2026-09-21 23:21:43] [INFO] Temperature: 37.0C | Status: WARNING | Fan: ON | Alarm: OFF
[2026-09-21 23:21:44] [INFO] Temperature: 37.0C | Status: WARNING | Fan: ON | Alarm: OFF
[2026-09-21 23:21:45] [INFO] Temperature: 37.0C | Status: WARNING | Fan: ON | Alarm: OFF
[2026-09-21 23:21:46] [INFO] Temperature: 37.0C | Status: WARNING | Fan: ON | Alarm: OFF
[2026-09-21 23:21:47] [INFO] Temperature: 37.0C | Status: WARNING | Fan: ON | Alarm: OFF
[2026-09-21 23:21:48] [INFO] Temperature: 37.0C | Status: WARNING | Fan: ON | Alarm: OFF
[2026-09-21 23:21:49] [INFO] Fan turned OFF
[2026-09-21 23:21:49] [INFO] Status changed: WARNING -> NORMAL
[2026-09-21 23:21:49] [INFO] Temperature: 23.0C | Status: NORMAL | Fan: OFF | Alarm: OFF
[2026-09-21 23:21:50] [INFO] Temperature: 23.0C | Status: NORMAL | Fan: OFF | Alarm: OFF
[2026-09-21 23:21:51] [INFO] Temperature: 23.0C | Status: NORMAL | Fan: OFF | Alarm: OFF
[2026-09-21 23:21:52] [INFO] Temperature: 23.0C | Status: NORMAL | Fan: OFF | Alarm: OFF
[2026-09-21 23:21:53] [INFO] Temperature: 23.0C | Status: NORMAL | Fan: OFF | Alarm: OFF
[2026-09-21 23:21:54] [INFO] Temperature: 23.0C | Status: NORMAL | Fan: OFF | Alarm: OFF
[2026-09-21 23:21:55] [INFO] Temperature: 23.0C | Status: NORMAL | Fan: OFF | Alarm: OFF
[2026-09-21 23:21:57] [INFO] Temperature: 23.0C | Status: NORMAL | Fan: OFF | Alarm: OFF
[2026-09-21 23:21:58] [INFO] Temperature: 23.0C | Status: NORMAL | Fan: OFF | Alarm: OFF
[2026-09-21 23:21:59] [INFO] Temperature: 23.0C | Status: NORMAL | Fan: OFF | Alarm: OFF
[2026-09-21 23:22:00] [INFO] Temperature: 23.0C | Status: NORMAL | Fan: OFF | Alarm: OFF
[2026-09-21 23:22:01] [INFO] Temperature: 23.0C | Status: NORMAL | Fan: OFF | Alarm: OFF
[2026-09-21 23:22:02] [INFO] Temperature: 23.0C | Status: NORMAL | Fan: OFF | Alarm: OFF
[2026-09-21 23:22:03] [INFO] Temperature: 23.0C | Status: NORMAL | Fan: OFF | Alarm: OFF
[2026-09-21 23:22:04] [INFO] Temperature: 23.0C | Status: NORMAL | Fan: OFF | Alarm: OFF
[2026-09-21 23:22:05] [INFO] Temperature: 23.0C | Status: NORMAL | Fan: OFF | Alarm: OFF
[2026-09-21 23:22:06] [INFO] Temperature: 23.0C | Status: NORMAL | Fan: OFF | Alarm: OFF
[2026-09-21 23:22:07] [INFO] Temperature: 23.0C | Status: NORMAL | Fan: OFF | Alarm: OFF
[2026-09-21 23:22:08] [INFO] Temperature: 23.0C | Status: NORMAL | Fan: OFF | Alarm: OFF
[2026-09-21 23:22:09] [INFO] Temperature: 23.0C | Status: NORMAL | Fan: OFF | Alarm: OFF
[2026-09-21 23:22:10] [INFO] Temperature: 23.0C | Status: NORMAL | Fan: OFF | Alarm: OFF
[2026-09-21 23:22:11] [INFO] Temperature: 23.0C | Status: NORMAL | Fan: OFF | Alarm: OFF
[2026-09-21 23:22:12] [INFO] Temperature: 23.0C | Status: NORMAL | Fan: OFF | Alarm: OFF
[2026-09-21 23:22:13] [INFO] Temperature: 23.0C | Status: NORMAL | Fan: OFF | Alarm: OFF
[2026-09-21 23:22:14] [INFO] Temperature: 23.0C | Status: NORMAL | Fan: OFF | Alarm: OFF
[2026-09-21 23:22:15] [INFO] Temperature: 23.0C | Status: NORMAL | Fan: OFF | Alarm: OFF
[2026-09-21 23:22:16] [INFO] Temperature: 23.0C | Status: NORMAL | Fan: OFF | Alarm: OFF
[2026-09-21 23:22:18] [INFO] Temperature: 23.0C | Status: NORMAL | Fan: OFF | Alarm: OFF
[2026-09-21 23:22:19] [INFO] Temperature: 23.0C | Status: NORMAL | Fan: OFF | Alarm: OFF
[2026-09-21 23:22:20] [INFO] Temperature: 23.0C | Status: NORMAL | Fan: OFF | Alarm: OFF
[2026-09-21 23:22:21] [INFO] Temperature: 23.0C | Status: NORMAL | Fan: OFF | Alarm: OFF
[2026-09-21 23:22:22] [INFO] Temperature: 23.0C | Status: NORMAL | Fan: OFF | Alarm: OFF
[2026-09-21 23:22:23] [INFO] Temperature: 23.0C | Status: NORMAL | Fan: OFF | Alarm: OFF
[2026-09-21 23:22:24] [INFO] Temperature: 23.0C | Status: NORMAL | Fan: OFF | Alarm: OFF
[2026-09-21 23:22:25] [INFO] Temperature: 23.0C | Status: NORMAL | Fan: OFF | Alarm: OFF
[2026-09-21 23:22:26] [INFO] Temperature: 23.0C | Status: NORMAL | Fan: OFF | Alarm: OFF
[2026-09-21 23:22:27] [INFO] Temperature: 23.0C | Status: NORMAL | Fan: OFF | Alarm: OFF
[2026-09-21 23:22:28] [INFO] Temperature: 23.0C | Status: NORMAL | Fan: OFF | Alarm: OFF
[2026-09-21 23:22:29] [INFO] Temperature: 23.0C | Status: NORMAL | Fan: OFF | Alarm: OFF
[2026-09-21 23:22:30] [INFO] Temperature: 23.0C | Status: NORMAL | Fan: OFF | Alarm: OFF
[2026-09-21 23:22:31] [INFO] Temperature: 23.0C | Status: NORMAL | Fan: OFF | Alarm: OFF
[2026-09-21 23:22:32] [INFO] Temperature: 23.0C | Status: NORMAL | Fan: OFF | Alarm: OFF
[2026-09-21 23:22:33] [INFO] Temperature: 23.0C | Status: NORMAL | Fan: OFF | Alarm: OFF
[2026-09-21 23:22:34] [INFO] Temperature: 23.0C | Status: NORMAL | Fan: OFF | Alarm: OFF
[2026-09-21 23:22:35] [INFO] Temperature: 23.0C | Status: NORMAL | Fan: OFF | Alarm: OFF
[2026-09-21 23:22:36] [INFO] Temperature: 23.0C | Status: NORMAL | Fan: OFF | Alarm: OFF
[2026-09-21 23:22:37] [INFO] Temperature: 23.0C | Status: NORMAL | Fan: OFF | Alarm: OFF
[2026-09-21 23:22:38] [INFO] Temperature: 23.0C | Status: NORMAL | Fan: OFF | Alarm: OFF
[2026-09-21 23:22:39] [INFO] Temperature: 23.0C | Status: NORMAL | Fan: OFF | Alarm: OFF
[2026-09-21 23:22:40] [INFO] Temperature: 23.0C | Status: NORMAL | Fan: OFF | Alarm: OFF
[2026-09-21 23:22:41] [INFO] Temperature: 23.0C | Status: NORMAL | Fan: OFF | Alarm: OFF
[2026-09-21 23:22:42] [INFO] Temperature: 23.0C | Status: NORMAL | Fan: OFF | Alarm: OFF
[2026-09-21 23:22:43] [INFO] Temperature: 23.0C | Status: NORMAL | Fan: OFF | Alarm: OFF
[2026-09-21 23:22:44] [INFO] Temperature: 23.0C | Status: NORMAL | Fan: OFF | Alarm: OFF
[2026-09-21 23:22:46] [INFO] Temperature: 23.0C | Status: NORMAL | Fan: OFF | Alarm: OFF
[2026-09-21 23:22:47] [INFO] Temperature: 23.0C | Status: NORMAL | Fan: OFF | Alarm: OFF
[2026-09-21 23:22:48] [INFO] Temperature: 23.0C | Status: NORMAL | Fan: OFF | Alarm: OFF
[2026-09-21 23:22:49] [INFO] Temperature: 23.0C | Status: NORMAL | Fan: OFF | Alarm: OFF
[2026-09-21 23:22:50] [INFO] Temperature: 23.0C | Status: NORMAL | Fan: OFF | Alarm: OFF
[2026-09-21 23:22:51] [INFO] Temperature: 23.0C | Status: NORMAL | Fan: OFF | Alarm: OFF
[2026-09-21 23:22:52] [INFO] Temperature: 23.0C | Status: NORMAL | Fan: OFF | Alarm: OFF
[2026-09-21 23:22:53] [INFO] Temperature: 23.0C | Status: NORMAL | Fan: OFF | Alarm: OFF
[2026-09-21 23:22:54] [INFO] Temperature: 23.0C | Status: NORMAL | Fan: OFF | Alarm: OFF
[2026-09-21 23:22:55] [INFO] Temperature: 23.0C | Status: NORMAL | Fan: OFF | Alarm: OFF
[2026-09-21 23:22:56] [INFO] Temperature: 23.0C | Status: NORMAL | Fan: OFF | Alarm: OFF
[2026-09-21 23:22:57] [INFO] Temperature: 23.0C | Status: NORMAL | Fan: OFF | Alarm: OFF
[2026-09-21 23:22:58] [INFO] Temperature: 23.0C | Status: NORMAL | Fan: OFF | Alarm: OFF
[2026-09-21 23:22:59] [INFO] Temperature: 23.0C | Status: NORMAL | Fan: OFF | Alarm: OFF
[2026-09-21 23:23:00] [INFO] Temperature: 23.0C | Status: NORMAL | Fan: OFF | Alarm: OFF
[2026-09-21 23:23:01] [INFO] Temperature: 23.0C | Status: NORMAL | Fan: OFF | Alarm: OFF
[2026-09-21 23:23:02] [INFO] Temperature: 23.0C | Status: NORMAL | Fan: OFF | Alarm: OFF
[2026-09-21 23:23:03] [INFO] Temperature: 23.0C | Status: NORMAL | Fan: OFF | Alarm: OFF
[2026-09-21 23:23:04] [INFO] Temperature: 23.0C | Status: NORMAL | Fan: OFF | Alarm: OFF
[2026-09-21 23:23:05] [INFO] Temperature: 23.0C | Status: NORMAL | Fan: OFF | Alarm: OFF
[2026-09-21 23:23:06] [INFO] Temperature: 23.0C | Status: NORMAL | Fan: OFF | Alarm: OFF
[2026-09-21 23:23:07] [INFO] Temperature: 23.0C | Status: NORMAL | Fan: OFF | Alarm: OFF
[2026-09-21 23:23:08] [INFO] Temperature: 23.0C | Status: NORMAL | Fan: OFF | Alarm: OFF
[2026-09-21 23:23:09] [INFO] Temperature: 23.0C | Status: NORMAL | Fan: OFF | Alarm: OFF
[2026-09-21 23:23:11] [INFO] Temperature: 23.0C | Status: NORMAL | Fan: OFF | Alarm: OFF
[2026-09-21 23:23:12] [INFO] Temperature: 23.0C | Status: NORMAL | Fan: OFF | Alarm: OFF
[2026-09-21 23:23:13] [INFO] Temperature: 23.0C | Status: NORMAL | Fan: OFF | Alarm: OFF
[2026-09-21 23:23:14] [INFO] Temperature: 23.0C | Status: NORMAL | Fan: OFF | Alarm: OFF
[2026-09-21 23:23:15] [INFO] Temperature: 23.0C | Status: NORMAL | Fan: OFF | Alarm: OFF
[2026-09-21 23:23:16] [INFO] Temperature: 23.0C | Status: NORMAL | Fan: OFF | Alarm: OFF
[2026-09-21 23:23:17] [INFO] Temperature: 23.0C | Status: NORMAL | Fan: OFF | Alarm: OFF
[2026-09-21 23:23:18] [INFO] Temperature: 23.0C | Status: NORMAL | Fan: OFF | Alarm: OFF
[2026-09-21 23:23:19] [INFO] Temperature: 23.0C | Status: NORMAL | Fan: OFF | Alarm: OFF
[2026-09-21 23:23:20] [INFO] Temperature: 23.0C | Status: NORMAL | Fan: OFF | Alarm: OFF
[2026-09-21 23:23:21] [INFO] Temperature: 28.0C | Status: NORMAL | Fan: OFF | Alarm: OFF
[2026-09-21 23:23:22] [INFO] Temperature: 28.0C | Status: NORMAL | Fan: OFF | Alarm: OFF
[2026-09-21 23:23:23] [INFO] Temperature: 28.0C | Status: NORMAL | Fan: OFF | Alarm: OFF
[2026-09-21 23:23:24] [WARNING] Fan turned ON - Temperature WARNING
[2026-09-21 23:23:24] [INFO] Status changed: NORMAL -> WARNING
[2026-09-21 23:23:24] [INFO] Temperature: 35.0C | Status: WARNING | Fan: ON | Alarm: OFF
[2026-09-21 23:23:25] [INFO] Temperature: 35.0C | Status: WARNING | Fan: ON | Alarm: OFF
[2026-09-21 23:23:26] [CRITICAL] Alarm turned ON - Temperature CRITICAL!
[2026-09-21 23:23:26] [INFO] Status changed: WARNING -> CRITICAL
[2026-09-21 23:23:26] [INFO] Temperature: 42.0C | Status: CRITICAL | Fan: ON | Alarm: ON
[2026-09-21 23:23:27] [INFO] Temperature: 42.0C | Status: CRITICAL | Fan: ON | Alarm: ON
[2026-09-21 23:23:28] [INFO] Temperature: 42.0C | Status: CRITICAL | Fan: ON | Alarm: ON
[2026-09-21 23:23:29] [INFO] Temperature: 42.0C | Status: CRITICAL | Fan: ON | Alarm: ON
[2026-09-21 23:23:30] [INFO] Temperature: 42.0C | Status: CRITICAL | Fan: ON | Alarm: ON
[2026-09-21 23:23:31] [INFO] Temperature: 42.0C | Status: CRITICAL | Fan: ON | Alarm: ON
[2026-09-21 23:23:32] [INFO] Temperature: 42.0C | Status: CRITICAL | Fan: ON | Alarm: ON
[2026-09-21 23:23:33] [INFO] Temperature: 42.0C | Status: CRITICAL | Fan: ON | Alarm: ON
[2026-09-21 23:23:34] [INFO] Temperature: 42.0C | Status: CRITICAL | Fan: ON | Alarm: ON
[2026-09-21 23:23:35] [INFO] Temperature: 42.0C | Status: CRITICAL | Fan: ON | Alarm: ON
[2026-09-21 23:23:36] [INFO] Temperature: 42.0C | Status: CRITICAL | Fan: ON | Alarm: ON
[2026-09-21 23:23:37] [INFO] Temperature: 42.0C | Status: CRITICAL | Fan: ON | Alarm: ON
[2026-09-21 23:23:38] [INFO] Temperature: 42.0C | Status: CRITICAL | Fan: ON | Alarm: ON
[2026-09-21 23:23:39] [INFO] Temperature: 42.0C | Status: CRITICAL | Fan: ON | Alarm: ON
[2026-09-21 23:23:40] [INFO] Temperature: 42.0C | Status: CRITICAL | Fan: ON | Alarm: ON
[2026-09-21 23:23:41] [INFO] Temperature: 42.0C | Status: CRITICAL | Fan: ON | Alarm: ON
[2026-09-21 23:23:42] [INFO] Temperature: 42.0C | Status: CRITICAL | Fan: ON | Alarm: ON
[2026-09-21 23:23:43] [INFO] Temperature: 42.0C | Status: CRITICAL | Fan: ON | Alarm: ON
[2026-09-21 23:23:44] [INFO] Temperature: 42.0C | Status: CRITICAL | Fan: ON | Alarm: ON
[2026-09-21 23:23:45] [INFO] Temperature: 42.0C | Status: CRITICAL | Fan: ON | Alarm: ON
[2026-09-21 23:23:46] [INFO] Temperature: 42.0C | Status: CRITICAL | Fan: ON | Alarm: ON
[2026-09-21 23:23:48] [INFO] Temperature: 42.0C | Status: CRITICAL | Fan: ON | Alarm: ON
[2026-09-21 23:23:49] [INFO] Temperature: 42.0C | Status: CRITICAL | Fan: ON | Alarm: ON
[2026-09-21 23:23:50] [INFO] Temperature: 42.0C | Status: CRITICAL | Fan: ON | Alarm: ON
[2026-09-21 23:23:51] [INFO] Temperature: 42.0C | Status: CRITICAL | Fan: ON | Alarm: ON
[2026-09-21 23:23:52] [INFO] Temperature: 42.0C | Status: CRITICAL | Fan: ON | Alarm: ON
[2026-09-21 23:23:53] [INFO] Temperature: 42.0C | Status: CRITICAL | Fan: ON | Alarm: ON
[2026-09-21 23:23:54] [INFO] Temperature: 42.0C | Status: CRITICAL | Fan: ON | Alarm: ON
[2026-09-21 23:23:55] [INFO] Temperature: 42.0C | Status: CRITICAL | Fan: ON | Alarm: ON
[2026-09-21 23:23:56] [INFO] Temperature: 42.0C | Status: CRITICAL | Fan: ON | Alarm: ON
[2026-09-21 23:23:57] [INFO] Temperature: 42.0C | Status: CRITICAL | Fan: ON | Alarm: ON
[2026-09-21 23:23:58] [INFO] Temperature: 42.0C | Status: CRITICAL | Fan: ON | Alarm: ON
[2026-09-21 23:23:59] [INFO] Temperature: 42.0C | Status: CRITICAL | Fan: ON | Alarm: ON
[2026-09-21 23:24:00] [INFO] Temperature: 42.0C | Status: CRITICAL | Fan: ON | Alarm: ON
[2026-09-21 23:24:01] [INFO] Temperature: 42.0C | Status: CRITICAL | Fan: ON | Alarm: ON
[2026-09-21 23:24:02] [INFO] Temperature: 42.0C | Status: CRITICAL | Fan: ON | Alarm: ON
[2026-09-21 23:24:03] [INFO] Temperature: 42.0C | Status: CRITICAL | Fan: ON | Alarm: ON
[2026-09-21 23:24:04] [INFO] Temperature: 42.0C | Status: CRITICAL | Fan: ON | Alarm: ON
[2026-09-21 23:24:05] [INFO] Temperature: 42.0C | Status: CRITICAL | Fan: ON | Alarm: ON
[2026-09-21 23:24:06] [INFO] Temperature: 42.0C | Status: CRITICAL | Fan: ON | Alarm: ON
[2026-09-21 23:24:07] [INFO] Temperature: 42.0C | Status: CRITICAL | Fan: ON | Alarm: ON
[2026-09-21 23:24:08] [INFO] Temperature: 42.0C | Status: CRITICAL | Fan: ON | Alarm: ON
[2026-09-21 23:24:09] [INFO] Temperature: 42.0C | Status: CRITICAL | Fan: ON | Alarm: ON
[2026-09-21 23:24:10] [INFO] Temperature: 42.0C | Status: CRITICAL | Fan: ON | Alarm: ON
[2026-09-21 23:24:11] [INFO] Temperature: 42.0C | Status: CRITICAL | Fan: ON | Alarm: ON
[2026-09-21 23:24:12] [INFO] Temperature: 42.0C | Status: CRITICAL | Fan: ON | Alarm: ON
[2026-09-21 23:24:13] [INFO] Temperature: 42.0C | Status: CRITICAL | Fan: ON | Alarm: ON
[2026-09-21 23:24:14] [INFO] Temperature: 42.0C | Status: CRITICAL | Fan: ON | Alarm: ON
[2026-09-21 23:24:15] [INFO] Temperature: 42.0C | Status: CRITICAL | Fan: ON | Alarm: ON
[2026-09-21 23:24:16] [INFO] Temperature: 42.0C | Status: CRITICAL | Fan: ON | Alarm: ON
[2026-09-21 23:24:17] [INFO] Temperature: 42.0C | Status: CRITICAL | Fan: ON | Alarm: ON
[2026-09-21 23:24:18] [INFO] Temperature: 42.0C | Status: CRITICAL | Fan: ON | Alarm: ON
[2026-09-21 23:24:19] [INFO] Temperature: 42.0C | Status: CRITICAL | Fan: ON | Alarm: ON
[2026-09-21 23:24:20] [INFO] Temperature: 42.0C | Status: CRITICAL | Fan: ON | Alarm: ON
[2026-09-21 23:24:21] [INFO] Temperature: 42.0C | Status: CRITICAL | Fan: ON | Alarm: ON
[2026-09-21 23:24:22] [INFO] Temperature: 42.0C | Status: CRITICAL | Fan: ON | Alarm: ON
[2026-09-21 23:24:23] [INFO] Temperature: 42.0C | Status: CRITICAL | Fan: ON | Alarm: ON
[2026-09-21 23:24:24] [INFO] Temperature: 42.0C | Status: CRITICAL | Fan: ON | Alarm: ON
[2026-09-21 23:24:25] [INFO] Temperature: 42.0C | Status: CRITICAL | Fan: ON | Alarm: ON
[2026-09-21 23:24:26] [INFO] Temperature: 42.0C | Status: CRITICAL | Fan: ON | Alarm: ON
[2026-09-21 23:24:27] [INFO] Temperature: 42.0C | Status: CRITICAL | Fan: ON | Alarm: ON
[2026-09-21 23:24:28] [INFO] Temperature: 42.0C | Status: CRITICAL | Fan: ON | Alarm: ON
[2026-09-21 23:24:29] [INFO] Temperature: 42.0C | Status: CRITICAL | Fan: ON | Alarm: ON
[2026-09-21 23:24:30] [INFO] Temperature: 42.0C | Status: CRITICAL | Fan: ON | Alarm: ON

========================================
[2026-09-21 23:25:09] [INFO] === System Started ===
[2026-09-21 23:25:09] [INFO] Mode: MANUAL
[2026-09-21 23:25:09] [INFO] Controller initialized - Fan threshold: 30C, Alarm threshold: 40C, Valid range: [0, 60]C, Fault threshold: 3 cycles
[2026-09-21 23:25:09] [INFO] Temperature: 25.0C | Status: NORMAL | Fan: OFF | Alarm: OFF
[2026-09-21 23:25:10] [INFO] Temperature: 25.0C | Status: NORMAL | Fan: OFF | Alarm: OFF
[2026-09-21 23:25:11] [INFO] Temperature: 25.0C | Status: NORMAL | Fan: OFF | Alarm: OFF
[2026-09-21 23:25:12] [INFO] Temperature: 25.0C | Status: NORMAL | Fan: OFF | Alarm: OFF
[2026-09-21 23:25:13] [INFO] Temperature: 25.0C | Status: NORMAL | Fan: OFF | Alarm: OFF
[2026-09-21 23:25:14] [INFO] Temperature: 25.0C | Status: NORMAL | Fan: OFF | Alarm: OFF
[2026-09-21 23:25:15] [INFO] Temperature: 25.0C | Status: NORMAL | Fan: OFF | Alarm: OFF
[2026-09-21 23:25:16] [INFO] Temperature: 25.0C | Status: NORMAL | Fan: OFF | Alarm: OFF
[2026-09-21 23:25:17] [INFO] System shutdown requested by user
[2026-09-21 23:25:17] [INFO] === System Shutdown ===
========================================

========================================
[2026-09-21 23:25:39] [INFO] === System Started ===
[2026-09-21 23:25:39] [INFO] Mode: MANUAL
[2026-09-21 23:25:39] [INFO] Controller initialized - Fan threshold: 30C, Alarm threshold: 40C, Valid range: [0, 60]C, Fault threshold: 3 cycles
[2026-09-21 23:25:39] [INFO] Temperature: 25.0C | Status: NORMAL | Fan: OFF | Alarm: OFF
[2026-09-21 23:25:40] [INFO] Temperature: 28.0C | Status: NORMAL | Fan: OFF | Alarm: OFF
[2026-09-21 23:25:41] [WARNING] Fan turned ON - Temperature WARNING
[2026-09-21 23:25:41] [INFO] Status changed: NORMAL -> WARNING
[2026-09-21 23:25:41] [INFO] Temperature: 35.0C | Status: WARNING | Fan: ON | Alarm: OFF
[2026-09-21 23:25:42] [CRITICAL] Alarm turned ON - Temperature CRITICAL!
[2026-09-21 23:25:42] [INFO] Status changed: WARNING -> CRITICAL
[2026-09-21 23:25:42] [INFO] Temperature: 42.0C | Status: CRITICAL | Fan: ON | Alarm: ON
[2026-09-21 23:25:43] [INFO] Temperature: 42.0C | Status: CRITICAL | Fan: ON | Alarm: ON
[2026-09-21 23:25:44] [INFO] Temperature: 42.0C | Status: CRITICAL | Fan: ON | Alarm: ON
[2026-09-21 23:25:45] [INFO] Temperature: 42.0C | Status: CRITICAL | Fan: ON | Alarm: ON
[2026-09-21 23:25:46] [INFO] Temperature: 42.0C | Status: CRITICAL | Fan: ON | Alarm: ON
[2026-09-21 23:25:47] [INFO] Temperature: 42.0C | Status: CRITICAL | Fan: ON | Alarm: ON
[2026-09-21 23:25:48] [INFO] Temperature: 42.0C | Status: CRITICAL | Fan: ON | Alarm: ON
[2026-09-21 23:25:49] [INFO] Temperature: 42.0C | Status: CRITICAL | Fan: ON | Alarm: ON
[2026-09-21 23:25:50] [INFO] Temperature: 42.0C | Status: CRITICAL | Fan: ON | Alarm: ON
[2026-09-21 23:25:51] [INFO] Temperature: 42.0C | Status: CRITICAL | Fan: ON | Alarm: ON
[2026-09-21 23:25:52] [INFO] Temperature: 42.0C | Status: CRITICAL | Fan: ON | Alarm: ON
[2026-09-21 23:25:53] [INFO] Temperature: 42.0C | Status: CRITICAL | Fan: ON | Alarm: ON
[2026-09-21 23:25:54] [INFO] Temperature: 42.0C | Status: CRITICAL | Fan: ON | Alarm: ON
[2026-09-21 23:25:55] [INFO] Temperature: 42.0C | Status: CRITICAL | Fan: ON | Alarm: ON
[2026-09-21 23:25:56] [INFO] Temperature: 42.0C | Status: CRITICAL | Fan: ON | Alarm: ON
[2026-09-21 23:25:57] [INFO] Temperature: 42.0C | Status: CRITICAL | Fan: ON | Alarm: ON
[2026-09-21 23:25:58] [INFO] Temperature: 42.0C | Status: CRITICAL | Fan: ON | Alarm: ON
[2026-09-21 23:25:59] [INFO] Temperature: 42.0C | Status: CRITICAL | Fan: ON | Alarm: ON
[2026-09-21 23:26:00] [INFO] Temperature: 42.0C | Status: CRITICAL | Fan: ON | Alarm: ON
[2026-09-21 23:26:01] [INFO] Temperature: 42.0C | Status: CRITICAL | Fan: ON | Alarm: ON
[2026-09-21 23:26:02] [INFO] Temperature: 42.0C | Status: CRITICAL | Fan: ON | Alarm: ON
[2026-09-21 23:26:03] [INFO] Temperature: 42.0C | Status: CRITICAL | Fan: ON | Alarm: ON
[2026-09-21 23:26:04] [INFO] Temperature: 42.0C | Status: CRITICAL | Fan: ON | Alarm: ON
[2026-09-21 23:26:05] [INFO] Temperature: 42.0C | Status: CRITICAL | Fan: ON | Alarm: ON
[2026-09-21 23:26:06] [INFO] Temperature: 42.0C | Status: CRITICAL | Fan: ON | Alarm: ON
[2026-09-21 23:26:07] [INFO] Temperature: 42.0C | Status: CRITICAL | Fan: ON | Alarm: ON
[2026-09-21 23:26:08] [INFO] Temperature: 42.0C | Status: CRITICAL | Fan: ON | Alarm: ON
[2026-09-21 23:26:09] [INFO] Temperature: 42.0C | Status: CRITICAL | Fan: ON | Alarm: ON
[2026-09-21 23:26:10] [INFO] Temperature: 42.0C | Status: CRITICAL | Fan: ON | Alarm: ON
[2026-09-21 23:26:11] [INFO] Temperature: 42.0C | Status: CRITICAL | Fan: ON | Alarm: ON
[2026-09-21 23:26:12] [INFO] Temperature: 42.0C | Status: CRITICAL | Fan: ON | Alarm: ON
[2026-09-21 23:26:13] [INFO] Temperature: 42.0C | Status: CRITICAL | Fan: ON | Alarm: ON
[2026-09-21 23:26:14] [INFO] Temperature: 42.0C | Status: CRITICAL | Fan: ON | Alarm: ON
[2026-09-21 23:26:16] [INFO] Temperature: 42.0C | Status: CRITICAL | Fan: ON | Alarm: ON
[2026-09-21 23:26:17] [INFO] Temperature: 42.0C | Status: CRITICAL | Fan: ON | Alarm: ON
[2026-09-21 23:26:18] [INFO] Temperature: 42.0C | Status: CRITICAL | Fan: ON | Alarm: ON
[2026-09-21 23:26:19] [INFO] Temperature: 42.0C | Status: CRITICAL | Fan: ON | Alarm: ON
[2026-09-21 23:26:20] [INFO] Temperature: 42.0C | Status: CRITICAL | Fan: ON | Alarm: ON
[2026-09-21 23:26:21] [INFO] Temperature: 42.0C | Status: CRITICAL | Fan: ON | Alarm: ON
[2026-09-21 23:26:22] [INFO] Temperature: 42.0C | Status: CRITICAL | Fan: ON | Alarm: ON
[2026-09-21 23:26:23] [INFO] Temperature: 42.0C | Status: CRITICAL | Fan: ON | Alarm: ON
[2026-09-21 23:26:24] [INFO] Temperature: 42.0C | Status: CRITICAL | Fan: ON | Alarm: ON
[2026-09-21 23:26:25] [INFO] Temperature: 42.0C | Status: CRITICAL | Fan: ON | Alarm: ON
[2026-09-21 23:26:26] [INFO] Temperature: 42.0C | Status: CRITICAL | Fan: ON | Alarm: ON
[2026-09-21 23:26:27] [INFO] Temperature: 42.0C | Status: CRITICAL | Fan: ON | Alarm: ON
[2026-09-21 23:26:28] [INFO] Temperature: 42.0C | Status: CRITICAL | Fan: ON | Alarm: ON
[2026-09-21 23:26:29] [INFO] Temperature: 42.0C | Status: CRITICAL | Fan: ON | Alarm: ON
[2026-09-21 23:26:30] [INFO] Temperature: 42.0C | Status: CRITICAL | Fan: ON | Alarm: ON
[2026-09-21 23:26:31] [INFO] Temperature: 42.0C | Status: CRITICAL | Fan: ON | Alarm: ON
[2026-09-21 23:26:32] [INFO] Temperature: 42.0C | Status: CRITICAL | Fan: ON | Alarm: ON
[2026-09-21 23:26:33] [INFO] Temperature: 42.0C | Status: CRITICAL | Fan: ON | Alarm: ON
[2026-09-21 23:26:34] [INFO] Temperature: 42.0C | Status: CRITICAL | Fan: ON | Alarm: ON
[2026-09-21 23:26:35] [INFO] Temperature: 42.0C | Status: CRITICAL | Fan: ON | Alarm: ON
[2026-09-21 23:26:36] [INFO] Temperature: 42.0C | Status: CRITICAL | Fan: ON | Alarm: ON
[2026-09-21 23:26:38] [INFO] Temperature: 42.0C | Status: CRITICAL | Fan: ON | Alarm: ON
[2026-09-21 23:26:39] [INFO] Temperature: 42.0C | Status: CRITICAL | Fan: ON | Alarm: ON
[2026-09-21 23:26:40] [INFO] Temperature: 42.0C | Status: CRITICAL | Fan: ON | Alarm: ON
[2026-09-21 23:26:41] [INFO] Temperature: 42.0C | Status: CRITICAL | Fan: ON | Alarm: ON
[2026-09-21 23:26:42] [INFO] Temperature: 42.0C | Status: CRITICAL | Fan: ON | Alarm: ON
[2026-09-21 23:26:43] [INFO] Temperature: 42.0C | Status: CRITICAL | Fan: ON | Alarm: ON
[2026-09-21 23:26:44] [INFO] Temperature: 42.0C | Status: CRITICAL | Fan: ON | Alarm: ON
[2026-09-21 23:26:45] [INFO] Temperature: 42.0C | Status: CRITICAL | Fan: ON | Alarm: ON
[2026-09-21 23:26:46] [INFO] Temperature: 42.0C | Status: CRITICAL | Fan: ON | Alarm: ON
[2026-09-21 23:26:47] [INFO] Temperature: 42.0C | Status: CRITICAL | Fan: ON | Alarm: ON
[2026-09-21 23:26:48] [INFO] Temperature: 42.0C | Status: CRITICAL | Fan: ON | Alarm: ON
[2026-09-21 23:26:49] [INFO] Temperature: 42.0C | Status: CRITICAL | Fan: ON | Alarm: ON
[2026-09-21 23:26:50] [INFO] Temperature: 42.0C | Status: CRITICAL | Fan: ON | Alarm: ON
[2026-09-21 23:26:51] [INFO] Temperature: 42.0C | Status: CRITICAL | Fan: ON | Alarm: ON
[2026-09-21 23:26:52] [INFO] Temperature: 42.0C | Status: CRITICAL | Fan: ON | Alarm: ON
[2026-09-21 23:26:53] [INFO] Temperature: 42.0C | Status: CRITICAL | Fan: ON | Alarm: ON
[2026-09-21 23:26:54] [INFO] Temperature: 42.0C | Status: CRITICAL | Fan: ON | Alarm: ON
[2026-09-21 23:26:55] [INFO] Temperature: 42.0C | Status: CRITICAL | Fan: ON | Alarm: ON
[2026-09-21 23:26:56] [INFO] Temperature: 42.0C | Status: CRITICAL | Fan: ON | Alarm: ON
[2026-09-21 23:26:57] [INFO] Temperature: 42.0C | Status: CRITICAL | Fan: ON | Alarm: ON
[2026-09-21 23:26:58] [INFO] Temperature: 42.0C | Status: CRITICAL | Fan: ON | Alarm: ON
[2026-09-21 23:26:59] [INFO] Temperature: 42.0C | Status: CRITICAL | Fan: ON | Alarm: ON
[2026-09-21 23:27:00] [INFO] Temperature: 42.0C | Status: CRITICAL | Fan: ON | Alarm: ON
[2026-09-21 23:27:01] [INFO] Temperature: 42.0C | Status: CRITICAL | Fan: ON | Alarm: ON
[2026-09-21 23:27:02] [INFO] Temperature: 42.0C | Status: CRITICAL | Fan: ON | Alarm: ON
[2026-09-21 23:27:03] [INFO] Temperature: 42.0C | Status: CRITICAL | Fan: ON | Alarm: ON
[2026-09-21 23:27:04] [INFO] Temperature: 42.0C | Status: CRITICAL | Fan: ON | Alarm: ON
[2026-09-21 23:27:05] [INFO] Temperature: 42.0C | Status: CRITICAL | Fan: ON | Alarm: ON
[2026-09-21 23:27:06] [INFO] Temperature: 42.0C | Status: CRITICAL | Fan: ON | Alarm: ON
[2026-09-21 23:27:07] [INFO] Temperature: 42.0C | Status: CRITICAL | Fan: ON | Alarm: ON
[2026-09-21 23:27:08] [INFO] Temperature: 42.0C | Status: CRITICAL | Fan: ON | Alarm: ON
[2026-09-21 23:27:09] [INFO] Temperature: 42.0C | Status: CRITICAL | Fan: ON | Alarm: ON
[2026-09-21 23:27:10] [INFO] Temperature: 42.0C | Status: CRITICAL | Fan: ON | Alarm: ON
[2026-09-21 23:27:11] [INFO] Fan turned OFF
[2026-09-21 23:27:11] [INFO] Alarm turned OFF
[2026-09-21 23:27:11] [INFO] Status changed: CRITICAL -> NORMAL
[2026-09-21 23:27:11] [INFO] Temperature: 29.0C | Status: NORMAL | Fan: OFF | Alarm: OFF
[2026-09-21 23:27:12] [INFO] Temperature: 29.0C | Status: NORMAL | Fan: OFF | Alarm: OFF
[2026-09-21 23:27:14] [CRITICAL] Fan turned ON - Temperature CRITICAL
[2026-09-21 23:27:14] [CRITICAL] Alarm turned ON - Temperature CRITICAL!
[2026-09-21 23:27:14] [INFO] Status changed: NORMAL -> CRITICAL
[2026-09-21 23:27:14] [INFO] Temperature: 41.0C | Status: CRITICAL | Fan: ON | Alarm: ON
[2026-09-21 23:27:15] [INFO] Temperature: 41.0C | Status: CRITICAL | Fan: ON | Alarm: ON
[2026-09-21 23:27:16] [INFO] Temperature: 41.0C | Status: CRITICAL | Fan: ON | Alarm: ON
[2026-09-21 23:27:17] [INFO] Temperature: 41.0C | Status: CRITICAL | Fan: ON | Alarm: ON
[2026-09-21 23:27:18] [INFO] Temperature: 41.0C | Status: CRITICAL | Fan: ON | Alarm: ON
[2026-09-21 23:27:19] [INFO] Temperature: 41.0C | Status: CRITICAL | Fan: ON | Alarm: ON
[2026-09-21 23:27:20] [INFO] Temperature: 41.0C | Status: CRITICAL | Fan: ON | Alarm: ON
[2026-09-21 23:27:21] [INFO] Temperature: 41.0C | Status: CRITICAL | Fan: ON | Alarm: ON
[2026-09-21 23:27:22] [INFO] Fan turned OFF
[2026-09-21 23:27:22] [INFO] Alarm turned OFF
[2026-09-21 23:27:22] [INFO] Status changed: CRITICAL -> NORMAL
[2026-09-21 23:27:22] [INFO] Temperature: 29.0C | Status: NORMAL | Fan: OFF | Alarm: OFF
[2026-09-21 23:27:23] [INFO] Temperature: 29.0C | Status: NORMAL | Fan: OFF | Alarm: OFF
[2026-09-21 23:27:24] [INFO] Temperature: 29.0C | Status: NORMAL | Fan: OFF | Alarm: OFF
[2026-09-21 23:27:25] [INFO] Temperature: 29.0C | Status: NORMAL | Fan: OFF | Alarm: OFF
[2026-09-21 23:27:26] [INFO] Temperature: 29.0C | Status: NORMAL | Fan: OFF | Alarm: OFF
[2026-09-21 23:27:27] [INFO] Temperature: 29.0C | Status: NORMAL | Fan: OFF | Alarm: OFF
[2026-09-21 23:27:28] [INFO] Temperature: 29.0C | Status: NORMAL | Fan: OFF | Alarm: OFF
[2026-09-21 23:27:29] [INFO] Temperature: 29.0C | Status: NORMAL | Fan: OFF | Alarm: OFF
[2026-09-21 23:27:30] [INFO] Temperature: 29.0C | Status: NORMAL | Fan: OFF | Alarm: OFF
[2026-09-21 23:27:31] [INFO] Temperature: 29.0C | Status: NORMAL | Fan: OFF | Alarm: OFF
[2026-09-21 23:27:32] [INFO] Temperature: 29.0C | Status: NORMAL | Fan: OFF | Alarm: OFF
[2026-09-21 23:27:33] [INFO] Temperature: 29.0C | Status: NORMAL | Fan: OFF | Alarm: OFF
[2026-09-21 23:27:34] [INFO] Temperature: 29.0C | Status: NORMAL | Fan: OFF | Alarm: OFF
[2026-09-21 23:27:35] [INFO] System shutdown requested by user
[2026-09-21 23:27:35] [INFO] === System Shutdown ===
========================================

========================================
[2026-09-21 23:27:46] [INFO] === System Started ===
[2026-09-21 23:27:46] [INFO] Mode: MANUAL
[2026-09-21 23:27:46] [INFO] Controller initialized - Fan threshold: 30C, Alarm threshold: 40C, Valid range: [0, 60]C, Fault threshold: 3 cycles
[2026-09-21 23:27:46] [INFO] Temperature: 25.0C | Status: NORMAL | Fan: OFF | Alarm: OFF
[2026-09-21 23:27:47] [INFO] Temperature: 25.0C | Status: NORMAL | Fan: OFF | Alarm: OFF
[2026-09-21 23:27:48] [INFO] Temperature: 25.0C | Status: NORMAL | Fan: OFF | Alarm: OFF
[2026-09-21 23:27:49] [CRITICAL] Fan turned ON - Temperature CRITICAL
[2026-09-21 23:27:49] [CRITICAL] Alarm turned ON - Temperature CRITICAL!
[2026-09-21 23:27:49] [INFO] Status changed: NORMAL -> CRITICAL
[2026-09-21 23:27:49] [INFO] Temperature: 41.0C | Status: CRITICAL | Fan: ON | Alarm: ON
[2026-09-21 23:27:50] [INFO] Temperature: 41.0C | Status: CRITICAL | Fan: ON | Alarm: ON
[2026-09-21 23:27:51] [INFO] Temperature: 41.0C | Status: CRITICAL | Fan: ON | Alarm: ON
[2026-09-21 23:27:52] [INFO] Temperature: 41.0C | Status: CRITICAL | Fan: ON | Alarm: ON
[2026-09-21 23:27:54] [INFO] Temperature: 41.0C | Status: CRITICAL | Fan: ON | Alarm: ON
[2026-09-21 23:27:55] [INFO] Temperature: 41.0C | Status: CRITICAL | Fan: ON | Alarm: ON
[2026-09-21 23:27:56] [INFO] Temperature: 41.0C | Status: CRITICAL | Fan: ON | Alarm: ON
[2026-09-21 23:27:57] [INFO] Temperature: 41.0C | Status: CRITICAL | Fan: ON | Alarm: ON
[2026-09-21 23:27:58] [INFO] Temperature: 41.0C | Status: CRITICAL | Fan: ON | Alarm: ON
[2026-09-21 23:27:59] [INFO] Temperature: 41.0C | Status: CRITICAL | Fan: ON | Alarm: ON
[2026-09-21 23:28:00] [INFO] Fan turned OFF
[2026-09-21 23:28:00] [INFO] Alarm turned OFF
[2026-09-21 23:28:00] [INFO] Status changed: CRITICAL -> NORMAL
[2026-09-21 23:28:00] [INFO] Temperature: 29.0C | Status: NORMAL | Fan: OFF | Alarm: OFF
[2026-09-21 23:28:01] [INFO] Temperature: 29.0C | Status: NORMAL | Fan: OFF | Alarm: OFF
[2026-09-21 23:28:02] [INFO] Temperature: 29.0C | Status: NORMAL | Fan: OFF | Alarm: OFF
[2026-09-21 23:28:03] [INFO] Temperature: 29.0C | Status: NORMAL | Fan: OFF | Alarm: OFF
[2026-09-21 23:28:04] [INFO] Temperature: 29.0C | Status: NORMAL | Fan: OFF | Alarm: OFF
[2026-09-21 23:28:05] [INFO] Temperature: 29.0C | Status: NORMAL | Fan: OFF | Alarm: OFF
[2026-09-21 23:28:06] [INFO] Temperature: 29.0C | Status: NORMAL | Fan: OFF | Alarm: OFF
[2026-09-21 23:28:07] [INFO] Temperature: 29.0C | Status: NORMAL | Fan: OFF | Alarm: OFF
[2026-09-21 23:28:08] [INFO] Temperature: 29.0C | Status: NORMAL | Fan: OFF | Alarm: OFF
[2026-09-21 23:28:09] [INFO] Temperature: 29.0C | Status: NORMAL | Fan: OFF | Alarm: OFF
[2026-09-21 23:28:10] [INFO] Temperature: 29.0C | Status: NORMAL | Fan: OFF | Alarm: OFF
[2026-09-21 23:28:11] [INFO] Temperature: 29.0C | Status: NORMAL | Fan: OFF | Alarm: OFF
[2026-09-21 23:28:12] [INFO] Temperature: 29.0C | Status: NORMAL | Fan: OFF | Alarm: OFF
[2026-09-21 23:28:13] [INFO] Temperature: 29.0C | Status: NORMAL | Fan: OFF | Alarm: OFF
[2026-09-21 23:28:14] [INFO] System shutdown requested by user
[2026-09-21 23:28:14] [INFO] === System Shutdown ===
========================================

========================================
[2026-09-21 23:28:30] [INFO] === System Started ===
[2026-09-21 23:28:30] [INFO] Mode: MANUAL
[2026-09-21 23:28:30] [INFO] Controller initialized - Fan threshold: 30C, Alarm threshold: 40C, Valid range: [0, 60]C, Fault threshold: 3 cycles
[2026-09-21 23:28:30] [INFO] Temperature: 25.0C | Status: NORMAL | Fan: OFF | Alarm: OFF
[2026-09-21 23:28:31] [INFO] Temperature: 25.0C | Status: NORMAL | Fan: OFF | Alarm: OFF
[2026-09-21 23:28:32] [INFO] Temperature: 29.0C | Status: NORMAL | Fan: OFF | Alarm: OFF
[2026-09-21 23:28:33] [CRITICAL] Fan turned ON - Temperature CRITICAL
[2026-09-21 23:28:33] [CRITICAL] Alarm turned ON - Temperature CRITICAL!
[2026-09-21 23:28:33] [INFO] Status changed: NORMAL -> CRITICAL
[2026-09-21 23:28:33] [INFO] Temperature: 41.0C | Status: CRITICAL | Fan: ON | Alarm: ON
[2026-09-21 23:28:34] [INFO] Temperature: 41.0C | Status: CRITICAL | Fan: ON | Alarm: ON
[2026-09-21 23:28:35] [INFO] Temperature: 41.0C | Status: CRITICAL | Fan: ON | Alarm: ON
[2026-09-21 23:28:36] [INFO] Temperature: 41.0C | Status: CRITICAL | Fan: ON | Alarm: ON
[2026-09-21 23:28:37] [INFO] Temperature: 41.0C | Status: CRITICAL | Fan: ON | Alarm: ON
[2026-09-21 23:28:38] [INFO] Temperature: 41.0C | Status: CRITICAL | Fan: ON | Alarm: ON
[2026-09-21 23:28:39] [INFO] Temperature: 41.0C | Status: CRITICAL | Fan: ON | Alarm: ON
[2026-09-21 23:28:40] [INFO] Temperature: 41.0C | Status: CRITICAL | Fan: ON | Alarm: ON
[2026-09-21 23:28:41] [INFO] Temperature: 41.0C | Status: CRITICAL | Fan: ON | Alarm: ON
[2026-09-21 23:28:42] [INFO] Temperature: 41.0C | Status: CRITICAL | Fan: ON | Alarm: ON
[2026-09-21 23:28:43] [INFO] Temperature: 41.0C | Status: CRITICAL | Fan: ON | Alarm: ON
[2026-09-21 23:28:44] [INFO] Temperature: 41.0C | Status: CRITICAL | Fan: ON | Alarm: ON
[2026-09-21 23:28:45] [INFO] Temperature: 41.0C | Status: CRITICAL | Fan: ON | Alarm: ON
[2026-09-21 23:28:46] [INFO] Temperature: 41.0C | Status: CRITICAL | Fan: ON | Alarm: ON
[2026-09-21 23:28:47] [INFO] Temperature: 41.0C | Status: CRITICAL | Fan: ON | Alarm: ON
[2026-09-21 23:28:48] [INFO] Temperature: 41.0C | Status: CRITICAL | Fan: ON | Alarm: ON
[2026-09-21 23:28:49] [INFO] Temperature: 41.0C | Status: CRITICAL | Fan: ON | Alarm: ON
[2026-09-21 23:28:50] [INFO] Temperature: 41.0C | Status: CRITICAL | Fan: ON | Alarm: ON
[2026-09-21 23:28:51] [INFO] Temperature: 41.0C | Status: CRITICAL | Fan: ON | Alarm: ON
[2026-09-21 23:28:52] [INFO] System shutdown requested by user
[2026-09-21 23:28:52] [INFO] === System Shutdown ===
========================================

========================================
[2026-09-21 23:30:39] [INFO] === System Started ===
[2026-09-21 23:30:39] [INFO] Mode: MANUAL
[2026-09-21 23:30:39] [INFO] Controller initialized - Fan threshold: 30C, Alarm threshold: 40C, Valid range: [0, 60]C, Fault threshold: 3 cycles
[2026-09-21 23:30:39] [INFO] Temperature: 25.0C | Status: NORMAL | Fan: OFF | Alarm: OFF
[2026-09-21 23:30:40] [INFO] Temperature: 25.0C | Status: NORMAL | Fan: OFF | Alarm: OFF
[2026-09-21 23:30:41] [INFO] Temperature: 25.0C | Status: NORMAL | Fan: OFF | Alarm: OFF
[2026-09-21 23:30:42] [INFO] Temperature: 25.0C | Status: NORMAL | Fan: OFF | Alarm: OFF
[2026-09-21 23:30:43] [INFO] Temperature: 25.0C | Status: NORMAL | Fan: OFF | Alarm: OFF
[2026-09-21 23:30:44] [INFO] Temperature: 25.0C | Status: NORMAL | Fan: OFF | Alarm: OFF
[2026-09-21 23:30:45] [INFO] Temperature: 25.0C | Status: NORMAL | Fan: OFF | Alarm: OFF
[2026-09-21 23:30:47] [CRITICAL] Fan turned ON - Temperature CRITICAL
[2026-09-21 23:30:47] [CRITICAL] Alarm turned ON - Temperature CRITICAL!
[2026-09-21 23:30:47] [INFO] Status changed: NORMAL -> CRITICAL
[2026-09-21 23:30:47] [INFO] Temperature: 45.0C | Status: CRITICAL | Fan: ON | Alarm: ON
[2026-09-21 23:30:48] [INFO] Temperature: 45.0C | Status: CRITICAL | Fan: ON | Alarm: ON
[2026-09-21 23:30:49] [INFO] Fan turned OFF
[2026-09-21 23:30:49] [INFO] Alarm turned OFF
[2026-09-21 23:30:49] [INFO] Status changed: CRITICAL -> NORMAL
[2026-09-21 23:30:49] [INFO] Temperature: 28.0C | Status: NORMAL | Fan: OFF | Alarm: OFF
[2026-09-21 23:30:50] [INFO] Temperature: 28.0C | Status: NORMAL | Fan: OFF | Alarm: OFF
[2026-09-21 23:30:51] [INFO] Temperature: 28.0C | Status: NORMAL | Fan: OFF | Alarm: OFF
[2026-09-21 23:30:52] [INFO] Temperature: 28.0C | Status: NORMAL | Fan: OFF | Alarm: OFF
[2026-09-21 23:30:53] [INFO] Temperature: 28.0C | Status: NORMAL | Fan: OFF | Alarm: OFF
[2026-09-21 23:30:54] [INFO] Temperature: 28.0C | Status: NORMAL | Fan: OFF | Alarm: OFF
[2026-09-21 23:30:55] [INFO] Temperature: 28.0C | Status: NORMAL | Fan: OFF | Alarm: OFF
[2026-09-21 23:30:56] [INFO] Temperature: 28.0C | Status: NORMAL | Fan: OFF | Alarm: OFF
[2026-09-21 23:30:57] [INFO] Temperature: 28.0C | Status: NORMAL | Fan: OFF | Alarm: OFF
[2026-09-21 23:30:58] [INFO] Temperature: 28.0C | Status: NORMAL | Fan: OFF | Alarm: OFF
[2026-09-21 23:30:59] [INFO] Temperature: 28.0C | Status: NORMAL | Fan: OFF | Alarm: OFF
[2026-09-21 23:31:00] [INFO] Temperature: 28.0C | Status: NORMAL | Fan: OFF | Alarm: OFF
[2026-09-21 23:31:01] [INFO] Temperature: 28.0C | Status: NORMAL | Fan: OFF | Alarm: OFF
[2026-09-21 23:31:02] [INFO] Temperature: 28.0C | Status: NORMAL | Fan: OFF | Alarm: OFF
[2026-09-21 23:31:03] [INFO] Temperature: 28.0C | Status: NORMAL | Fan: OFF | Alarm: OFF
[2026-09-21 23:31:04] [INFO] Temperature: 28.0C | Status: NORMAL | Fan: OFF | Alarm: OFF
[2026-09-21 23:31:05] [INFO] Temperature: 28.0C | Status: NORMAL | Fan: OFF | Alarm: OFF
[2026-09-21 23:31:06] [INFO] Temperature: 28.0C | Status: NORMAL | Fan: OFF | Alarm: OFF
[2026-09-21 23:31:07] [INFO] Temperature: 28.0C | Status: NORMAL | Fan: OFF | Alarm: OFF
[2026-09-21 23:31:08] [INFO] Temperature: 28.0C | Status: NORMAL | Fan: OFF | Alarm: OFF
[2026-09-21 23:31:09] [INFO] Temperature: 28.0C | Status: NORMAL | Fan: OFF | Alarm: OFF
[2026-09-21 23:31:10] [INFO] Temperature: 28.0C | Status: NORMAL | Fan: OFF | Alarm: OFF
[2026-09-21 23:31:11] [INFO] Temperature: 28.0C | Status: NORMAL | Fan: OFF | Alarm: OFF
[2026-09-21 23:31:12] [INFO] Temperature: 28.0C | Status: NORMAL | Fan: OFF | Alarm: OFF
[2026-09-21 23:31:13] [INFO] Temperature: 28.0C | Status: NORMAL | Fan: OFF | Alarm: OFF
[2026-09-21 23:31:14] [INFO] Temperature: 28.0C | Status: NORMAL | Fan: OFF | Alarm: OFF
[2026-09-21 23:31:15] [INFO] Temperature: 28.0C | Status: NORMAL | Fan: OFF | Alarm: OFF
[2026-09-21 23:31:16] [INFO] Temperature: 28.0C | Status: NORMAL | Fan: OFF | Alarm: OFF
[2026-09-21 23:31:17] [INFO] Temperature: 28.0C | Status: NORMAL | Fan: OFF | Alarm: OFF
[2026-09-21 23:31:18] [INFO] Temperature: 28.0C | Status: NORMAL | Fan: OFF | Alarm: OFF
[2026-09-21 23:31:19] [INFO] Temperature: 28.0C | Status: NORMAL | Fan: OFF | Alarm: OFF
[2026-09-21 23:31:20] [INFO] Temperature: 28.0C | Status: NORMAL | Fan: OFF | Alarm: OFF
[2026-09-21 23:31:21] [INFO] Temperature: 28.0C | Status: NORMAL | Fan: OFF | Alarm: OFF
[2026-09-21 23:31:22] [INFO] Temperature: 28.0C | Status: NORMAL | Fan: OFF | Alarm: OFF
[2026-09-21 23:31:23] [INFO] Temperature: 28.0C | Status: NORMAL | Fan: OFF | Alarm: OFF
[2026-09-21 23:31:24] [INFO] Temperature: 28.0C | Status: NORMAL | Fan: OFF | Alarm: OFF
[2026-09-21 23:31:25] [INFO] Temperature: 28.0C | Status: NORMAL | Fan: OFF | Alarm: OFF
[2026-09-21 23:31:27] [INFO] Temperature: 28.0C | Status: NORMAL | Fan: OFF | Alarm: OFF
[2026-09-21 23:31:28] [INFO] Temperature: 28.0C | Status: NORMAL | Fan: OFF | Alarm: OFF
[2026-09-21 23:31:29] [INFO] Temperature: 28.0C | Status: NORMAL | Fan: OFF | Alarm: OFF
[2026-09-21 23:31:30] [INFO] Temperature: 28.0C | Status: NORMAL | Fan: OFF | Alarm: OFF
[2026-09-21 23:31:31] [INFO] Temperature: 28.0C | Status: NORMAL | Fan: OFF | Alarm: OFF
[2026-09-21 23:31:32] [INFO] Temperature: 28.0C | Status: NORMAL | Fan: OFF | Alarm: OFF
[2026-09-21 23:31:33] [INFO] Temperature: 28.0C | Status: NORMAL | Fan: OFF | Alarm: OFF
[2026-09-21 23:31:34] [INFO] Temperature: 28.0C | Status: NORMAL | Fan: OFF | Alarm: OFF
[2026-09-21 23:31:35] [INFO] Temperature: 28.0C | Status: NORMAL | Fan: OFF | Alarm: OFF
[2026-09-21 23:31:36] [INFO] Temperature: 28.0C | Status: NORMAL | Fan: OFF | Alarm: OFF
[2026-09-21 23:31:37] [INFO] Temperature: 28.0C | Status: NORMAL | Fan: OFF | Alarm: OFF
[2026-09-21 23:31:38] [INFO] Temperature: 28.0C | Status: NORMAL | Fan: OFF | Alarm: OFF
[2026-09-21 23:31:39] [INFO] Temperature: 28.0C | Status: NORMAL | Fan: OFF | Alarm: OFF
[2026-09-21 23:31:40] [INFO] Temperature: 28.0C | Status: NORMAL | Fan: OFF | Alarm: OFF
[2026-09-21 23:31:41] [INFO] Temperature: 28.0C | Status: NORMAL | Fan: OFF | Alarm: OFF
[2026-09-21 23:31:42] [INFO] Temperature: 28.0C | Status: NORMAL | Fan: OFF | Alarm: OFF
[2026-09-21 23:31:43] [INFO] Temperature: 28.0C | Status: NORMAL | Fan: OFF | Alarm: OFF
[2026-09-21 23:31:44] [INFO] Temperature: 28.0C | Status: NORMAL | Fan: OFF | Alarm: OFF
[2026-09-21 23:31:45] [INFO] Temperature: 28.0C | Status: NORMAL | Fan: OFF | Alarm: OFF
[2026-09-21 23:31:46] [INFO] Temperature: 28.0C | Status: NORMAL | Fan: OFF | Alarm: OFF
[2026-09-21 23:31:47] [INFO] Temperature: 28.0C | Status: NORMAL | Fan: OFF | Alarm: OFF
[2026-09-21 23:31:48] [INFO] Temperature: 28.0C | Status: NORMAL | Fan: OFF | Alarm: OFF
[2026-09-21 23:31:49] [INFO] Temperature: 28.0C | Status: NORMAL | Fan: OFF | Alarm: OFF
[2026-09-21 23:31:50] [INFO] Temperature: 28.0C | Status: NORMAL | Fan: OFF | Alarm: OFF
[2026-09-21 23:31:51] [INFO] Temperature: 28.0C | Status: NORMAL | Fan: OFF | Alarm: OFF
[2026-09-21 23:31:52] [INFO] System shutdown requested by user
[2026-09-21 23:31:52] [INFO] === System Shutdown ===
========================================

========================================
[2026-09-22 10:39:26] [INFO] === System Started ===
[2026-09-22 10:39:26] [INFO] Mode: MANUAL
[2026-09-22 10:39:26] [INFO] Controller initialized - Fan threshold: 30C, Alarm threshold: 40C, Valid range: [0, 60]C, Fault threshold: 3 cycles
[2026-09-22 10:39:26] [INFO] Temperature: 25.0C | Status: NORMAL | Fan: OFF | Alarm: OFF
[2026-09-22 10:39:27] [INFO] Temperature: 25.0C | Status: NORMAL | Fan: OFF | Alarm: OFF
[2026-09-22 10:39:28] [INFO] Temperature: 25.0C | Status: NORMAL | Fan: OFF | Alarm: OFF
[2026-09-22 10:39:29] [INFO] Temperature: 25.0C | Status: NORMAL | Fan: OFF | Alarm: OFF
[2026-09-22 10:39:30] [INFO] Temperature: 25.0C | Status: NORMAL | Fan: OFF | Alarm: OFF
[2026-09-22 10:39:31] [INFO] Temperature: 25.0C | Status: NORMAL | Fan: OFF | Alarm: OFF
[2026-09-22 10:39:32] [INFO] Temperature: 25.0C | Status: NORMAL | Fan: OFF | Alarm: OFF
[2026-09-22 10:39:33] [INFO] Temperature: 25.0C | Status: NORMAL | Fan: OFF | Alarm: OFF
[2026-09-22 10:39:34] [INFO] Temperature: 25.0C | Status: NORMAL | Fan: OFF | Alarm: OFF
[2026-09-22 10:39:35] [INFO] Temperature: 25.0C | Status: NORMAL | Fan: OFF | Alarm: OFF
[2026-09-22 10:39:36] [INFO] Temperature: 25.0C | Status: NORMAL | Fan: OFF | Alarm: OFF
[2026-09-22 10:39:37] [INFO] Temperature: 25.0C | Status: NORMAL | Fan: OFF | Alarm: OFF
[2026-09-22 10:39:38] [INFO] Temperature: 25.0C | Status: NORMAL | Fan: OFF | Alarm: OFF
[2026-09-22 10:39:39] [INFO] Temperature: 25.0C | Status: NORMAL | Fan: OFF | Alarm: OFF
[2026-09-22 10:39:40] [INFO] Temperature: 25.0C | Status: NORMAL | Fan: OFF | Alarm: OFF
[2026-09-22 10:39:41] [INFO] Temperature: 25.0C | Status: NORMAL | Fan: OFF | Alarm: OFF
[2026-09-22 10:39:42] [INFO] Temperature: 25.0C | Status: NORMAL | Fan: OFF | Alarm: OFF
[2026-09-22 10:39:43] [INFO] Temperature: 25.0C | Status: NORMAL | Fan: OFF | Alarm: OFF
[2026-09-22 10:39:44] [INFO] Temperature: 25.0C | Status: NORMAL | Fan: OFF | Alarm: OFF
[2026-09-22 10:39:45] [INFO] Temperature: 25.0C | Status: NORMAL | Fan: OFF | Alarm: OFF
[2026-09-22 10:39:46] [INFO] Temperature: 25.0C | Status: NORMAL | Fan: OFF | Alarm: OFF
[2026-09-22 10:39:47] [INFO] Temperature: 25.0C | Status: NORMAL | Fan: OFF | Alarm: OFF
[2026-09-22 10:39:48] [INFO] Temperature: 25.0C | Status: NORMAL | Fan: OFF | Alarm: OFF
[2026-09-22 10:39:49] [INFO] Temperature: 25.0C | Status: NORMAL | Fan: OFF | Alarm: OFF
[2026-09-22 10:39:50] [INFO] Temperature: 25.0C | Status: NORMAL | Fan: OFF | Alarm: OFF
[2026-09-22 10:39:51] [INFO] Temperature: 25.0C | Status: NORMAL | Fan: OFF | Alarm: OFF
[2026-09-22 10:39:52] [INFO] Temperature: 25.0C | Status: NORMAL | Fan: OFF | Alarm: OFF

========================================
[2026-09-22 10:40:57] [INFO] === System Started ===
[2026-09-22 10:40:57] [INFO] Mode: MANUAL
[2026-09-22 10:40:57] [INFO] Controller initialized - Fan threshold: 30C, Alarm threshold: 40C, Valid range: [0, 60]C, Fault threshold: 3 cycles
[2026-09-22 10:40:57] [INFO] Temperature: 25.0C | Status: NORMAL | Fan: OFF | Alarm: OFF
[2026-09-22 10:40:58] [INFO] Temperature: 25.0C | Status: NORMAL | Fan: OFF | Alarm: OFF
[2026-09-22 10:40:59] [INFO] Temperature: 25.0C | Status: NORMAL | Fan: OFF | Alarm: OFF
[2026-09-22 10:41:00] [INFO] Temperature: 25.0C | Status: NORMAL | Fan: OFF | Alarm: OFF
[2026-09-22 10:41:01] [INFO] Temperature: 25.0C | Status: NORMAL | Fan: OFF | Alarm: OFF
[2026-09-22 10:41:02] [INFO] Temperature: 25.0C | Status: NORMAL | Fan: OFF | Alarm: OFF
[2026-09-22 10:41:03] [INFO] Temperature: 25.0C | Status: NORMAL | Fan: OFF | Alarm: OFF
[2026-09-22 10:41:04] [INFO] Temperature: 25.0C | Status: NORMAL | Fan: OFF | Alarm: OFF
[2026-09-22 10:41:05] [INFO] Temperature: 25.0C | Status: NORMAL | Fan: OFF | Alarm: OFF
[2026-09-22 10:41:06] [INFO] Temperature: 25.0C | Status: NORMAL | Fan: OFF | Alarm: OFF
[2026-09-22 10:41:07] [INFO] Temperature: 25.0C | Status: NORMAL | Fan: OFF | Alarm: OFF
[2026-09-22 10:41:08] [WARNING] Fan turned ON - Temperature WARNING
[2026-09-22 10:41:08] [INFO] Status changed: NORMAL -> WARNING
[2026-09-22 10:41:08] [INFO] Temperature: 39.0C | Status: WARNING | Fan: ON | Alarm: OFF
[2026-09-22 10:41:09] [INFO] Temperature: 39.0C | Status: WARNING | Fan: ON | Alarm: OFF
[2026-09-22 10:41:10] [INFO] Temperature: 39.0C | Status: WARNING | Fan: ON | Alarm: OFF
[2026-09-22 10:41:11] [INFO] Temperature: 39.0C | Status: WARNING | Fan: ON | Alarm: OFF
[2026-09-22 10:41:12] [INFO] Temperature: 39.0C | Status: WARNING | Fan: ON | Alarm: OFF
[2026-09-22 10:41:13] [INFO] Temperature: 39.0C | Status: WARNING | Fan: ON | Alarm: OFF
[2026-09-22 10:41:14] [INFO] Temperature: 39.0C | Status: WARNING | Fan: ON | Alarm: OFF
[2026-09-22 10:41:15] [INFO] Temperature: 39.0C | Status: WARNING | Fan: ON | Alarm: OFF
[2026-09-22 10:41:16] [INFO] Temperature: 39.0C | Status: WARNING | Fan: ON | Alarm: OFF
[2026-09-22 10:41:17] [INFO] Temperature: 39.0C | Status: WARNING | Fan: ON | Alarm: OFF
[2026-09-22 10:41:18] [INFO] Temperature: 39.0C | Status: WARNING | Fan: ON | Alarm: OFF
[2026-09-22 10:41:19] [INFO] Temperature: 39.0C | Status: WARNING | Fan: ON | Alarm: OFF
[2026-09-22 10:41:20] [INFO] Temperature: 39.0C | Status: WARNING | Fan: ON | Alarm: OFF
[2026-09-22 10:41:21] [INFO] Temperature: 39.0C | Status: WARNING | Fan: ON | Alarm: OFF
[2026-09-22 10:41:22] [INFO] Temperature: 39.0C | Status: WARNING | Fan: ON | Alarm: OFF
[2026-09-22 10:41:23] [INFO] Temperature: 39.0C | Status: WARNING | Fan: ON | Alarm: OFF
[2026-09-22 10:41:24] [INFO] Temperature: 34.0C | Status: WARNING | Fan: ON | Alarm: OFF
[2026-09-22 10:41:25] [INFO] Temperature: 34.0C | Status: WARNING | Fan: ON | Alarm: OFF
[2026-09-22 10:41:26] [INFO] Temperature: 34.0C | Status: WARNING | Fan: ON | Alarm: OFF
[2026-09-22 10:41:27] [INFO] Temperature: 34.0C | Status: WARNING | Fan: ON | Alarm: OFF
[2026-09-22 10:41:28] [INFO] Temperature: 34.0C | Status: WARNING | Fan: ON | Alarm: OFF
[2026-09-22 10:41:29] [INFO] Temperature: 34.0C | Status: WARNING | Fan: ON | Alarm: OFF
[2026-09-22 10:41:30] [INFO] Temperature: 34.0C | Status: WARNING | Fan: ON | Alarm: OFF
[2026-09-22 10:41:32] [INFO] Temperature: 34.0C | Status: WARNING | Fan: ON | Alarm: OFF
[2026-09-22 10:41:33] [INFO] Temperature: 34.0C | Status: WARNING | Fan: ON | Alarm: OFF
[2026-09-22 10:41:34] [INFO] Temperature: 34.0C | Status: WARNING | Fan: ON | Alarm: OFF
[2026-09-22 10:41:35] [CRITICAL] Alarm turned ON - Temperature CRITICAL!
[2026-09-22 10:41:35] [INFO] Status changed: WARNING -> CRITICAL
[2026-09-22 10:41:35] [INFO] Temperature: 44.0C | Status: CRITICAL | Fan: ON | Alarm: ON
[2026-09-22 10:41:36] [INFO] Temperature: 44.0C | Status: CRITICAL | Fan: ON | Alarm: ON
[2026-09-22 10:41:37] [INFO] Temperature: 44.0C | Status: CRITICAL | Fan: ON | Alarm: ON
[2026-09-22 10:41:38] [INFO] Temperature: 44.0C | Status: CRITICAL | Fan: ON | Alarm: ON
[2026-09-22 10:41:39] [INFO] Temperature: 44.0C | Status: CRITICAL | Fan: ON | Alarm: ON
[2026-09-22 10:41:40] [INFO] Temperature: 44.0C | Status: CRITICAL | Fan: ON | Alarm: ON
[2026-09-22 10:41:41] [INFO] Temperature: 44.0C | Status: CRITICAL | Fan: ON | Alarm: ON
[2026-09-22 10:41:42] [INFO] Temperature: 44.0C | Status: CRITICAL | Fan: ON | Alarm: ON
[2026-09-22 10:41:43] [INFO] Temperature: 44.0C | Status: CRITICAL | Fan: ON | Alarm: ON
[2026-09-22 10:41:44] [INFO] Fan turned OFF
[2026-09-22 10:41:44] [INFO] Alarm turned OFF
[2026-09-22 10:41:44] [INFO] Status changed: CRITICAL -> NORMAL
[2026-09-22 10:41:44] [INFO] Temperature: 1.0C | Status: NORMAL | Fan: OFF | Alarm: OFF
[2026-09-22 10:41:45] [INFO] Temperature: 1.0C | Status: NORMAL | Fan: OFF | Alarm: OFF
[2026-09-22 10:41:46] [INFO] Temperature: 1.0C | Status: NORMAL | Fan: OFF | Alarm: OFF
[2026-09-22 10:41:47] [INFO] Temperature: 1.0C | Status: NORMAL | Fan: OFF | Alarm: OFF
[2026-09-22 10:41:48] [INFO] Temperature: 1.0C | Status: NORMAL | Fan: OFF | Alarm: OFF
[2026-09-22 10:41:49] [INFO] Temperature: 1.0C | Status: NORMAL | Fan: OFF | Alarm: OFF
[2026-09-22 10:41:50] [CRITICAL] Fan turned ON - Temperature CRITICAL
[2026-09-22 10:41:50] [CRITICAL] Alarm turned ON - Temperature CRITICAL!
[2026-09-22 10:41:50] [INFO] Status changed: NORMAL -> CRITICAL
[2026-09-22 10:41:50] [INFO] Temperature: 60.0C | Status: CRITICAL | Fan: ON | Alarm: ON
[2026-09-22 10:41:51] [INFO] Temperature: 60.0C | Status: CRITICAL | Fan: ON | Alarm: ON
[2026-09-22 10:41:52] [INFO] Temperature: 60.0C | Status: CRITICAL | Fan: ON | Alarm: ON
[2026-09-22 10:41:53] [WARNING] Sensor transient fault detected (Count: 1/3) - Raw value: -1.0C - Holding last valid state
[2026-09-22 10:41:54] [INFO] Sensor recovered after 0 fault cycle(s) - Resuming normal operation
[2026-09-22 10:41:54] [INFO] Status changed: SENSOR_ERROR -> CRITICAL
[2026-09-22 10:41:54] [INFO] Temperature: 60.0C | Status: CRITICAL | Fan: ON | Alarm: ON
[2026-09-22 10:41:55] [INFO] Temperature: 60.0C | Status: CRITICAL | Fan: ON | Alarm: ON
[2026-09-22 10:41:56] [INFO] Temperature: 60.0C | Status: CRITICAL | Fan: ON | Alarm: ON
[2026-09-22 10:41:57] [INFO] Temperature: 60.0C | Status: CRITICAL | Fan: ON | Alarm: ON
[2026-09-22 10:41:58] [INFO] Temperature: 60.0C | Status: CRITICAL | Fan: ON | Alarm: ON
[2026-09-22 10:41:59] [INFO] Temperature: 60.0C | Status: CRITICAL | Fan: ON | Alarm: ON
[2026-09-22 10:42:00] [INFO] Temperature: 60.0C | Status: CRITICAL | Fan: ON | Alarm: ON
[2026-09-22 10:42:01] [INFO] Temperature: 60.0C | Status: CRITICAL | Fan: ON | Alarm: ON
[2026-09-22 10:42:02] [INFO] Temperature: 60.0C | Status: CRITICAL | Fan: ON | Alarm: ON
[2026-09-22 10:42:03] [INFO] Temperature: 60.0C | Status: CRITICAL | Fan: ON | Alarm: ON
[2026-09-22 10:42:04] [INFO] Temperature: 60.0C | Status: CRITICAL | Fan: ON | Alarm: ON
[2026-09-22 10:42:05] [INFO] Temperature: 60.0C | Status: CRITICAL | Fan: ON | Alarm: ON
[2026-09-22 10:42:06] [INFO] Temperature: 60.0C | Status: CRITICAL | Fan: ON | Alarm: ON
[2026-09-22 10:42:07] [INFO] Temperature: 60.0C | Status: CRITICAL | Fan: ON | Alarm: ON
[2026-09-22 10:42:08] [INFO] Temperature: 60.0C | Status: CRITICAL | Fan: ON | Alarm: ON
[2026-09-22 10:42:09] [INFO] Temperature: 60.0C | Status: CRITICAL | Fan: ON | Alarm: ON
[2026-09-22 10:42:10] [INFO] Temperature: 60.0C | Status: CRITICAL | Fan: ON | Alarm: ON
[2026-09-22 10:42:11] [INFO] Temperature: 60.0C | Status: CRITICAL | Fan: ON | Alarm: ON
[2026-09-22 10:42:12] [INFO] Temperature: 60.0C | Status: CRITICAL | Fan: ON | Alarm: ON
[2026-09-22 10:42:13] [INFO] Temperature: 60.0C | Status: CRITICAL | Fan: ON | Alarm: ON
[2026-09-22 10:42:14] [INFO] Temperature: 60.0C | Status: CRITICAL | Fan: ON | Alarm: ON
[2026-09-22 10:42:15] [INFO] Temperature: 60.0C | Status: CRITICAL | Fan: ON | Alarm: ON
[2026-09-22 10:42:16] [INFO] Temperature: 60.0C | Status: CRITICAL | Fan: ON | Alarm: ON
[2026-09-22 10:42:17] [INFO] Temperature: 60.0C | Status: CRITICAL | Fan: ON | Alarm: ON
[2026-09-22 10:42:18] [INFO] Temperature: 60.0C | Status: CRITICAL | Fan: ON | Alarm: ON
[2026-09-22 10:42:19] [INFO] Temperature: 60.0C | Status: CRITICAL | Fan: ON | Alarm: ON
[2026-09-22 10:42:20] [INFO] Temperature: 60.0C | Status: CRITICAL | Fan: ON | Alarm: ON
[2026-09-22 10:42:21] [INFO] Temperature: 60.0C | Status: CRITICAL | Fan: ON | Alarm: ON
[2026-09-22 10:42:22] [INFO] Temperature: 60.0C | Status: CRITICAL | Fan: ON | Alarm: ON
[2026-09-22 10:42:23] [INFO] Temperature: 60.0C | Status: CRITICAL | Fan: ON | Alarm: ON
[2026-09-22 10:42:24] [INFO] Temperature: 60.0C | Status: CRITICAL | Fan: ON | Alarm: ON
[2026-09-22 10:42:25] [INFO] Temperature: 60.0C | Status: CRITICAL | Fan: ON | Alarm: ON
[2026-09-22 10:42:26] [INFO] Temperature: 60.0C | Status: CRITICAL | Fan: ON | Alarm: ON
[2026-09-22 10:42:27] [INFO] Temperature: 60.0C | Status: CRITICAL | Fan: ON | Alarm: ON
[2026-09-22 10:42:28] [INFO] Temperature: 60.0C | Status: CRITICAL | Fan: ON | Alarm: ON
[2026-09-22 10:42:29] [INFO] Temperature: 60.0C | Status: CRITICAL | Fan: ON | Alarm: ON
[2026-09-22 10:42:30] [INFO] Temperature: 60.0C | Status: CRITICAL | Fan: ON | Alarm: ON
[2026-09-22 10:42:31] [INFO] Temperature: 60.0C | Status: CRITICAL | Fan: ON | Alarm: ON
[2026-09-22 10:42:32] [INFO] Temperature: 60.0C | Status: CRITICAL | Fan: ON | Alarm: ON
[2026-09-22 10:42:33] [INFO] Temperature: 60.0C | Status: CRITICAL | Fan: ON | Alarm: ON
[2026-09-22 10:42:34] [INFO] Temperature: 60.0C | Status: CRITICAL | Fan: ON | Alarm: ON
[2026-09-22 10:42:35] [INFO] Temperature: 60.0C | Status: CRITICAL | Fan: ON | Alarm: ON
[2026-09-22 10:42:36] [INFO] Temperature: 60.0C | Status: CRITICAL | Fan: ON | Alarm: ON
[2026-09-22 10:42:37] [INFO] Temperature: 60.0C | Status: CRITICAL | Fan: ON | Alarm: ON
[2026-09-22 10:42:38] [INFO] Temperature: 60.0C | Status: CRITICAL | Fan: ON | Alarm: ON
[2026-09-22 10:42:39] [INFO] Temperature: 60.0C | Status: CRITICAL | Fan: ON | Alarm: ON
[2026-09-22 10:42:40] [INFO] Temperature: 60.0C | Status: CRITICAL | Fan: ON | Alarm: ON
[2026-09-22 10:42:41] [INFO] Temperature: 60.0C | Status: CRITICAL | Fan: ON | Alarm: ON
[2026-09-22 10:42:42] [INFO] Temperature: 60.0C | Status: CRITICAL | Fan: ON | Alarm: ON
[2026-09-22 10:42:43] [INFO] Temperature: 60.0C | Status: CRITICAL | Fan: ON | Alarm: ON
[2026-09-22 10:42:44] [INFO] Temperature: 60.0C | Status: CRITICAL | Fan: ON | Alarm: ON
[2026-09-22 10:42:45] [INFO] Temperature: 60.0C | Status: CRITICAL | Fan: ON | Alarm: ON
[2026-09-22 10:42:46] [INFO] Temperature: 60.0C | Status: CRITICAL | Fan: ON | Alarm: ON
[2026-09-22 10:42:47] [INFO] Temperature: 60.0C | Status: CRITICAL | Fan: ON | Alarm: ON
[2026-09-22 10:42:48] [INFO] Temperature: 60.0C | Status: CRITICAL | Fan: ON | Alarm: ON
[2026-09-22 10:42:49] [INFO] Temperature: 60.0C | Status: CRITICAL | Fan: ON | Alarm: ON
[2026-09-22 10:42:50] [INFO] Temperature: 60.0C | Status: CRITICAL | Fan: ON | Alarm: ON
[2026-09-22 10:42:52] [INFO] Temperature: 60.0C | Status: CRITICAL | Fan: ON | Alarm: ON
[2026-09-22 10:42:53] [INFO] Temperature: 60.0C | Status: CRITICAL | Fan: ON | Alarm: ON
[2026-09-22 10:42:54] [INFO] Temperature: 60.0C | Status: CRITICAL | Fan: ON | Alarm: ON
[2026-09-22 10:42:55] [INFO] Temperature: 60.0C | Status: CRITICAL | Fan: ON | Alarm: ON
[2026-09-22 10:42:56] [INFO] Temperature: 60.0C | Status: CRITICAL | Fan: ON | Alarm: ON
[2026-09-22 10:42:57] [INFO] Temperature: 60.0C | Status: CRITICAL | Fan: ON | Alarm: ON
[2026-09-22 10:42:58] [INFO] Temperature: 60.0C | Status: CRITICAL | Fan: ON | Alarm: ON
[2026-09-22 10:42:59] [INFO] Temperature: 60.0C | Status: CRITICAL | Fan: ON | Alarm: ON
[2026-09-22 10:43:00] [INFO] Temperature: 60.0C | Status: CRITICAL | Fan: ON | Alarm: ON
[2026-09-22 10:43:01] [INFO] Temperature: 60.0C | Status: CRITICAL | Fan: ON | Alarm: ON
[2026-09-22 10:43:02] [INFO] Temperature: 60.0C | Status: CRITICAL | Fan: ON | Alarm: ON
[2026-09-22 10:43:03] [INFO] Temperature: 60.0C | Status: CRITICAL | Fan: ON | Alarm: ON
[2026-09-22 10:43:04] [INFO] Temperature: 60.0C | Status: CRITICAL | Fan: ON | Alarm: ON
[2026-09-22 10:43:05] [INFO] Temperature: 60.0C | Status: CRITICAL | Fan: ON | Alarm: ON
[2026-09-22 10:43:06] [INFO] Temperature: 60.0C | Status: CRITICAL | Fan: ON | Alarm: ON
[2026-09-22 10:43:07] [INFO] Temperature: 60.0C | Status: CRITICAL | Fan: ON | Alarm: ON
[2026-09-22 10:43:08] [INFO] Temperature: 60.0C | Status: CRITICAL | Fan: ON | Alarm: ON
[2026-09-22 10:43:09] [INFO] Temperature: 60.0C | Status: CRITICAL | Fan: ON | Alarm: ON
[2026-09-22 10:43:10] [INFO] Temperature: 60.0C | Status: CRITICAL | Fan: ON | Alarm: ON
[2026-09-22 10:43:11] [INFO] Temperature: 60.0C | Status: CRITICAL | Fan: ON | Alarm: ON
[2026-09-22 10:43:12] [INFO] Temperature: 60.0C | Status: CRITICAL | Fan: ON | Alarm: ON
[2026-09-22 10:43:13] [INFO] Temperature: 60.0C | Status: CRITICAL | Fan: ON | Alarm: ON
[2026-09-22 10:43:14] [INFO] Temperature: 60.0C | Status: CRITICAL | Fan: ON | Alarm: ON
[2026-09-22 10:43:15] [INFO] Temperature: 60.0C | Status: CRITICAL | Fan: ON | Alarm: ON
[2026-09-22 10:43:16] [INFO] Temperature: 60.0C | Status: CRITICAL | Fan: ON | Alarm: ON
[2026-09-22 10:43:17] [INFO] Temperature: 60.0C | Status: CRITICAL | Fan: ON | Alarm: ON
[2026-09-22 10:43:18] [INFO] Temperature: 60.0C | Status: CRITICAL | Fan: ON | Alarm: ON
[2026-09-22 10:43:19] [INFO] Temperature: 60.0C | Status: CRITICAL | Fan: ON | Alarm: ON
[2026-09-22 10:43:20] [INFO] Temperature: 60.0C | Status: CRITICAL | Fan: ON | Alarm: ON
[2026-09-22 10:43:21] [INFO] Temperature: 60.0C | Status: CRITICAL | Fan: ON | Alarm: ON
[2026-09-22 10:43:22] [INFO] Temperature: 60.0C | Status: CRITICAL | Fan: ON | Alarm: ON
[2026-09-22 10:43:23] [INFO] Temperature: 60.0C | Status: CRITICAL | Fan: ON | Alarm: ON
[2026-09-22 10:43:24] [INFO] Temperature: 60.0C | Status: CRITICAL | Fan: ON | Alarm: ON
[2026-09-22 10:43:25] [INFO] Temperature: 60.0C | Status: CRITICAL | Fan: ON | Alarm: ON
[2026-09-22 10:43:26] [INFO] Temperature: 60.0C | Status: CRITICAL | Fan: ON | Alarm: ON
[2026-09-22 10:43:27] [INFO] Temperature: 60.0C | Status: CRITICAL | Fan: ON | Alarm: ON
[2026-09-22 10:43:28] [INFO] Temperature: 60.0C | Status: CRITICAL | Fan: ON | Alarm: ON
[2026-09-22 10:43:29] [INFO] Temperature: 60.0C | Status: CRITICAL | Fan: ON | Alarm: ON
[2026-09-22 10:43:30] [INFO] Temperature: 60.0C | Status: CRITICAL | Fan: ON | Alarm: ON
[2026-09-22 10:43:31] [INFO] Temperature: 60.0C | Status: CRITICAL | Fan: ON | Alarm: ON
[2026-09-22 10:43:32] [INFO] Temperature: 60.0C | Status: CRITICAL | Fan: ON | Alarm: ON
[2026-09-22 10:43:33] [INFO] Temperature: 60.0C | Status: CRITICAL | Fan: ON | Alarm: ON
[2026-09-22 10:43:34] [INFO] Temperature: 60.0C | Status: CRITICAL | Fan: ON | Alarm: ON
[2026-09-22 10:43:35] [INFO] Temperature: 60.0C | Status: CRITICAL | Fan: ON | Alarm: ON
[2026-09-22 10:43:36] [INFO] Temperature: 60.0C | Status: CRITICAL | Fan: ON | Alarm: ON
[2026-09-22 10:43:37] [INFO] Temperature: 60.0C | Status: CRITICAL | Fan: ON | Alarm: ON
[2026-09-22 10:43:38] [INFO] Temperature: 60.0C | Status: CRITICAL | Fan: ON | Alarm: ON
[2026-09-22 10:43:39] [INFO] Temperature: 60.0C | Status: CRITICAL | Fan: ON | Alarm: ON
[2026-09-22 10:43:40] [INFO] Temperature: 60.0C | Status: CRITICAL | Fan: ON | Alarm: ON
[2026-09-22 10:43:41] [INFO] Temperature: 60.0C | Status: CRITICAL | Fan: ON | Alarm: ON
[2026-09-22 10:43:42] [INFO] Temperature: 60.0C | Status: CRITICAL | Fan: ON | Alarm: ON
[2026-09-22 10:43:43] [INFO] Temperature: 60.0C | Status: CRITICAL | Fan: ON | Alarm: ON
[2026-09-22 10:43:44] [INFO] Temperature: 60.0C | Status: CRITICAL | Fan: ON | Alarm: ON
[2026-09-22 10:43:45] [INFO] Temperature: 60.0C | Status: CRITICAL | Fan: ON | Alarm: ON
[2026-09-22 10:43:46] [INFO] Temperature: 60.0C | Status: CRITICAL | Fan: ON | Alarm: ON
[2026-09-22 10:43:47] [INFO] Temperature: 60.0C | Status: CRITICAL | Fan: ON | Alarm: ON
[2026-09-22 10:43:48] [INFO] Temperature: 60.0C | Status: CRITICAL | Fan: ON | Alarm: ON
[2026-09-22 10:43:49] [INFO] Temperature: 60.0C | Status: CRITICAL | Fan: ON | Alarm: ON
[2026-09-22 10:43:50] [INFO] Temperature: 60.0C | Status: CRITICAL | Fan: ON | Alarm: ON
[2026-09-22 10:43:51] [INFO] Temperature: 60.0C | Status: CRITICAL | Fan: ON | Alarm: ON
[2026-09-22 10:43:52] [INFO] Temperature: 60.0C | Status: CRITICAL | Fan: ON | Alarm: ON
[2026-09-22 10:43:53] [INFO] Temperature: 60.0C | Status: CRITICAL | Fan: ON | Alarm: ON
[2026-09-22 10:43:54] [INFO] Temperature: 60.0C | Status: CRITICAL | Fan: ON | Alarm: ON
[2026-09-22 10:43:55] [INFO] Temperature: 60.0C | Status: CRITICAL | Fan: ON | Alarm: ON
[2026-09-22 10:43:56] [INFO] Temperature: 60.0C | Status: CRITICAL | Fan: ON | Alarm: ON
[2026-09-22 10:43:57] [INFO] Temperature: 60.0C | Status: CRITICAL | Fan: ON | Alarm: ON
[2026-09-22 10:43:58] [INFO] Temperature: 60.0C | Status: CRITICAL | Fan: ON | Alarm: ON
[2026-09-22 10:43:59] [INFO] Temperature: 60.0C | Status: CRITICAL | Fan: ON | Alarm: ON
[2026-09-22 10:44:00] [INFO] Temperature: 60.0C | Status: CRITICAL | Fan: ON | Alarm: ON
[2026-09-22 10:44:01] [INFO] Temperature: 60.0C | Status: CRITICAL | Fan: ON | Alarm: ON
[2026-09-22 10:44:02] [INFO] Temperature: 60.0C | Status: CRITICAL | Fan: ON | Alarm: ON
[2026-09-22 10:44:03] [INFO] Temperature: 60.0C | Status: CRITICAL | Fan: ON | Alarm: ON
[2026-09-22 10:44:05] [INFO] Temperature: 60.0C | Status: CRITICAL | Fan: ON | Alarm: ON
[2026-09-22 10:44:06] [INFO] Temperature: 60.0C | Status: CRITICAL | Fan: ON | Alarm: ON
[2026-09-22 10:44:07] [INFO] Temperature: 60.0C | Status: CRITICAL | Fan: ON | Alarm: ON
[2026-09-22 10:44:08] [INFO] Temperature: 60.0C | Status: CRITICAL | Fan: ON | Alarm: ON
[2026-09-22 10:44:09] [INFO] Temperature: 60.0C | Status: CRITICAL | Fan: ON | Alarm: ON
[2026-09-22 10:44:10] [INFO] Temperature: 60.0C | Status: CRITICAL | Fan: ON | Alarm: ON
[2026-09-22 10:44:12] [INFO] Temperature: 60.0C | Status: CRITICAL | Fan: ON | Alarm: ON
[2026-09-22 10:44:13] [INFO] Temperature: 60.0C | Status: CRITICAL | Fan: ON | Alarm: ON
[2026-09-22 10:44:14] [INFO] Temperature: 60.0C | Status: CRITICAL | Fan: ON | Alarm: ON
[2026-09-22 10:44:15] [INFO] Temperature: 60.0C | Status: CRITICAL | Fan: ON | Alarm: ON
[2026-09-22 10:44:16] [INFO] Temperature: 60.0C | Status: CRITICAL | Fan: ON | Alarm: ON
[2026-09-22 10:44:17] [INFO] Temperature: 60.0C | Status: CRITICAL | Fan: ON | Alarm: ON
[2026-09-22 10:44:18] [INFO] Temperature: 60.0C | Status: CRITICAL | Fan: ON | Alarm: ON
[2026-09-22 10:44:19] [INFO] Temperature: 60.0C | Status: CRITICAL | Fan: ON | Alarm: ON
[2026-09-22 10:44:20] [INFO] Temperature: 60.0C | Status: CRITICAL | Fan: ON | Alarm: ON
[2026-09-22 10:44:21] [INFO] Temperature: 60.0C | Status: CRITICAL | Fan: ON | Alarm: ON
[2026-09-22 10:44:22] [INFO] Temperature: 60.0C | Status: CRITICAL | Fan: ON | Alarm: ON
[2026-09-22 10:44:23] [INFO] Temperature: 60.0C | Status: CRITICAL | Fan: ON | Alarm: ON
[2026-09-22 10:44:24] [INFO] Temperature: 60.0C | Status: CRITICAL | Fan: ON | Alarm: ON
[2026-09-22 10:44:25] [INFO] Temperature: 60.0C | Status: CRITICAL | Fan: ON | Alarm: ON
[2026-09-22 10:44:26] [INFO] Temperature: 60.0C | Status: CRITICAL | Fan: ON | Alarm: ON
[2026-09-22 10:44:27] [INFO] Temperature: 60.0C | Status: CRITICAL | Fan: ON | Alarm: ON
[2026-09-22 10:44:28] [INFO] Temperature: 60.0C | Status: CRITICAL | Fan: ON | Alarm: ON
[2026-09-22 10:44:29] [INFO] Temperature: 60.0C | Status: CRITICAL | Fan: ON | Alarm: ON
[2026-09-22 10:44:30] [INFO] Temperature: 60.0C | Status: CRITICAL | Fan: ON | Alarm: ON
[2026-09-22 10:44:31] [INFO] Temperature: 60.0C | Status: CRITICAL | Fan: ON | Alarm: ON
[2026-09-22 10:44:32] [INFO] Temperature: 60.0C | Status: CRITICAL | Fan: ON | Alarm: ON
[2026-09-22 10:44:33] [INFO] Temperature: 60.0C | Status: CRITICAL | Fan: ON | Alarm: ON
[2026-09-22 10:44:34] [INFO] Temperature: 60.0C | Status: CRITICAL | Fan: ON | Alarm: ON
[2026-09-22 10:44:35] [INFO] Temperature: 60.0C | Status: CRITICAL | Fan: ON | Alarm: ON
[2026-09-22 10:44:37] [INFO] Temperature: 60.0C | Status: CRITICAL | Fan: ON | Alarm: ON
[2026-09-22 10:44:38] [INFO] Temperature: 60.0C | Status: CRITICAL | Fan: ON | Alarm: ON
[2026-09-22 10:44:39] [INFO] Temperature: 60.0C | Status: CRITICAL | Fan: ON | Alarm: ON
[2026-09-22 10:44:40] [INFO] Temperature: 60.0C | Status: CRITICAL | Fan: ON | Alarm: ON
[2026-09-22 10:44:41] [INFO] Temperature: 60.0C | Status: CRITICAL | Fan: ON | Alarm: ON
[2026-09-22 10:44:42] [INFO] Temperature: 60.0C | Status: CRITICAL | Fan: ON | Alarm: ON
[2026-09-22 10:44:43] [INFO] Temperature: 60.0C | Status: CRITICAL | Fan: ON | Alarm: ON
[2026-09-22 10:44:44] [INFO] Temperature: 60.0C | Status: CRITICAL | Fan: ON | Alarm: ON
[2026-09-22 10:44:45] [INFO] Temperature: 60.0C | Status: CRITICAL | Fan: ON | Alarm: ON
[2026-09-22 10:44:46] [INFO] Temperature: 60.0C | Status: CRITICAL | Fan: ON | Alarm: ON
[2026-09-22 10:44:47] [INFO] Temperature: 60.0C | Status: CRITICAL | Fan: ON | Alarm: ON
[2026-09-22 10:44:48] [INFO] Temperature: 60.0C | Status: CRITICAL | Fan: ON | Alarm: ON
[2026-09-22 10:44:49] [INFO] Temperature: 60.0C | Status: CRITICAL | Fan: ON | Alarm: ON
[2026-09-22 10:44:50] [INFO] Temperature: 60.0C | Status: CRITICAL | Fan: ON | Alarm: ON
[2026-09-22 10:44:51] [INFO] Temperature: 60.0C | Status: CRITICAL | Fan: ON | Alarm: ON
[2026-09-22 10:44:52] [INFO] Temperature: 60.0C | Status: CRITICAL | Fan: ON | Alarm: ON
[2026-09-22 10:44:53] [INFO] Temperature: 60.0C | Status: CRITICAL | Fan: ON | Alarm: ON
[2026-09-22 10:44:54] [INFO] Temperature: 60.0C | Status: CRITICAL | Fan: ON | Alarm: ON
[2026-09-22 10:44:55] [INFO] Temperature: 60.0C | Status: CRITICAL | Fan: ON | Alarm: ON
[2026-09-22 10:44:56] [INFO] Temperature: 60.0C | Status: CRITICAL | Fan: ON | Alarm: ON
[2026-09-22 10:44:57] [INFO] Temperature: 60.0C | Status: CRITICAL | Fan: ON | Alarm: ON
[2026-09-22 10:44:58] [INFO] Temperature: 60.0C | Status: CRITICAL | Fan: ON | Alarm: ON
[2026-09-22 10:44:59] [INFO] Temperature: 60.0C | Status: CRITICAL | Fan: ON | Alarm: ON
[2026-09-22 10:45:00] [INFO] Temperature: 60.0C | Status: CRITICAL | Fan: ON | Alarm: ON
[2026-09-22 10:45:01] [INFO] Temperature: 60.0C | Status: CRITICAL | Fan: ON | Alarm: ON
[2026-09-22 10:45:02] [INFO] Temperature: 60.0C | Status: CRITICAL | Fan: ON | Alarm: ON
[2026-09-22 10:45:03] [INFO] Temperature: 60.0C | Status: CRITICAL | Fan: ON | Alarm: ON
[2026-09-22 10:45:04] [INFO] Temperature: 60.0C | Status: CRITICAL | Fan: ON | Alarm: ON
[2026-09-22 10:45:05] [INFO] Temperature: 60.0C | Status: CRITICAL | Fan: ON | Alarm: ON
[2026-09-22 10:45:06] [INFO] Temperature: 60.0C | Status: CRITICAL | Fan: ON | Alarm: ON
[2026-09-22 10:45:07] [INFO] Temperature: 60.0C | Status: CRITICAL | Fan: ON | Alarm: ON
[2026-09-22 10:45:08] [INFO] Temperature: 60.0C | Status: CRITICAL | Fan: ON | Alarm: ON
[2026-09-22 10:45:09] [INFO] Temperature: 60.0C | Status: CRITICAL | Fan: ON | Alarm: ON
[2026-09-22 10:45:10] [INFO] Temperature: 60.0C | Status: CRITICAL | Fan: ON | Alarm: ON
[2026-09-22 10:45:11] [INFO] Temperature: 60.0C | Status: CRITICAL | Fan: ON | Alarm: ON
[2026-09-22 10:45:12] [INFO] Temperature: 60.0C | Status: CRITICAL | Fan: ON | Alarm: ON
[2026-09-22 10:45:13] [INFO] Temperature: 60.0C | Status: CRITICAL | Fan: ON | Alarm: ON
[2026-09-22 10:45:14] [INFO] Temperature: 60.0C | Status: CRITICAL | Fan: ON | Alarm: ON
[2026-09-22 10:45:15] [INFO] Temperature: 60.0C | Status: CRITICAL | Fan: ON | Alarm: ON
[2026-09-22 10:45:16] [INFO] Temperature: 60.0C | Status: CRITICAL | Fan: ON | Alarm: ON
[2026-09-22 10:45:17] [INFO] Temperature: 60.0C | Status: CRITICAL | Fan: ON | Alarm: ON
[2026-09-22 10:45:18] [INFO] Temperature: 60.0C | Status: CRITICAL | Fan: ON | Alarm: ON
[2026-09-22 10:45:19] [INFO] Temperature: 60.0C | Status: CRITICAL | Fan: ON | Alarm: ON
[2026-09-22 10:45:20] [INFO] Temperature: 60.0C | Status: CRITICAL | Fan: ON | Alarm: ON
[2026-09-22 10:45:21] [INFO] Temperature: 60.0C | Status: CRITICAL | Fan: ON | Alarm: ON
[2026-09-22 10:45:22] [INFO] Temperature: 60.0C | Status: CRITICAL | Fan: ON | Alarm: ON
[2026-09-22 10:45:23] [INFO] Temperature: 60.0C | Status: CRITICAL | Fan: ON | Alarm: ON
[2026-09-22 10:45:24] [INFO] Temperature: 60.0C | Status: CRITICAL | Fan: ON | Alarm: ON
[2026-09-22 10:45:25] [INFO] Temperature: 60.0C | Status: CRITICAL | Fan: ON | Alarm: ON
[2026-09-22 10:45:26] [INFO] Temperature: 60.0C | Status: CRITICAL | Fan: ON | Alarm: ON
[2026-09-22 10:45:27] [INFO] Temperature: 60.0C | Status: CRITICAL | Fan: ON | Alarm: ON
[2026-09-22 10:45:28] [INFO] Temperature: 60.0C | Status: CRITICAL | Fan: ON | Alarm: ON
[2026-09-22 10:45:29] [INFO] Temperature: 60.0C | Status: CRITICAL | Fan: ON | Alarm: ON
[2026-09-22 10:45:30] [INFO] Temperature: 60.0C | Status: CRITICAL | Fan: ON | Alarm: ON
[2026-09-22 10:45:31] [INFO] Temperature: 60.0C | Status: CRITICAL | Fan: ON | Alarm: ON
[2026-09-22 10:45:32] [INFO] Temperature: 60.0C | Status: CRITICAL | Fan: ON | Alarm: ON
[2026-09-22 10:45:33] [INFO] Temperature: 60.0C | Status: CRITICAL | Fan: ON | Alarm: ON
[2026-09-22 10:45:34] [INFO] Temperature: 60.0C | Status: CRITICAL | Fan: ON | Alarm: ON
[2026-09-22 10:45:35] [INFO] Temperature: 60.0C | Status: CRITICAL | Fan: ON | Alarm: ON
[2026-09-22 10:45:36] [INFO] Temperature: 60.0C | Status: CRITICAL | Fan: ON | Alarm: ON
[2026-09-22 10:45:38] [INFO] Temperature: 60.0C | Status: CRITICAL | Fan: ON | Alarm: ON
[2026-09-22 10:45:39] [INFO] Temperature: 60.0C | Status: CRITICAL | Fan: ON | Alarm: ON
[2026-09-22 10:45:40] [INFO] Temperature: 60.0C | Status: CRITICAL | Fan: ON | Alarm: ON
[2026-09-22 10:45:41] [INFO] Temperature: 60.0C | Status: CRITICAL | Fan: ON | Alarm: ON
[2026-09-22 10:45:42] [INFO] Temperature: 60.0C | Status: CRITICAL | Fan: ON | Alarm: ON
[2026-09-22 10:45:43] [INFO] Temperature: 60.0C | Status: CRITICAL | Fan: ON | Alarm: ON
[2026-09-22 10:45:44] [INFO] Temperature: 60.0C | Status: CRITICAL | Fan: ON | Alarm: ON
[2026-09-22 10:45:45] [INFO] Temperature: 60.0C | Status: CRITICAL | Fan: ON | Alarm: ON
[2026-09-22 10:45:46] [INFO] Temperature: 60.0C | Status: CRITICAL | Fan: ON | Alarm: ON
[2026-09-22 10:45:47] [INFO] Temperature: 60.0C | Status: CRITICAL | Fan: ON | Alarm: ON
[2026-09-22 10:45:48] [INFO] Temperature: 60.0C | Status: CRITICAL | Fan: ON | Alarm: ON
[2026-09-22 10:45:49] [INFO] Temperature: 60.0C | Status: CRITICAL | Fan: ON | Alarm: ON
[2026-09-22 10:45:50] [INFO] Temperature: 60.0C | Status: CRITICAL | Fan: ON | Alarm: ON
[2026-09-22 10:45:51] [INFO] Temperature: 60.0C | Status: CRITICAL | Fan: ON | Alarm: ON
[2026-09-22 10:45:52] [INFO] Temperature: 60.0C | Status: CRITICAL | Fan: ON | Alarm: ON
[2026-09-22 10:45:53] [INFO] Temperature: 60.0C | Status: CRITICAL | Fan: ON | Alarm: ON
[2026-09-22 10:45:54] [INFO] Temperature: 60.0C | Status: CRITICAL | Fan: ON | Alarm: ON
[2026-09-22 10:45:55] [INFO] Temperature: 60.0C | Status: CRITICAL | Fan: ON | Alarm: ON
[2026-09-22 10:45:56] [INFO] Temperature: 60.0C | Status: CRITICAL | Fan: ON | Alarm: ON
[2026-09-22 10:45:57] [INFO] Temperature: 60.0C | Status: CRITICAL | Fan: ON | Alarm: ON
[2026-09-22 10:45:58] [INFO] Temperature: 60.0C | Status: CRITICAL | Fan: ON | Alarm: ON
[2026-09-22 10:45:59] [INFO] System shutdown requested by user
[2026-09-22 10:45:59] [INFO] === System Shutdown ===
========================================

========================================
[2026-09-22 10:46:26] [INFO] === System Started ===
[2026-09-22 10:46:26] [INFO] Mode: MANUAL
[2026-09-22 10:46:26] [INFO] Controller initialized - Fan threshold: 30C, Alarm threshold: 40C, Valid range: [0, 60]C, Fault threshold: 3 cycles
[2026-09-22 10:46:26] [INFO] Temperature: 25.0C | Status: NORMAL | Fan: OFF | Alarm: OFF
[2026-09-22 10:46:27] [INFO] Temperature: 25.0C | Status: NORMAL | Fan: OFF | Alarm: OFF
[2026-09-22 10:46:28] [INFO] Temperature: 25.0C | Status: NORMAL | Fan: OFF | Alarm: OFF
[2026-09-22 10:46:29] [INFO] Temperature: 25.0C | Status: NORMAL | Fan: OFF | Alarm: OFF
[2026-09-22 10:46:30] [INFO] Temperature: 25.0C | Status: NORMAL | Fan: OFF | Alarm: OFF
[2026-09-22 10:46:31] [INFO] Temperature: 25.0C | Status: NORMAL | Fan: OFF | Alarm: OFF
[2026-09-22 10:46:32] [INFO] Temperature: 24.0C | Status: NORMAL | Fan: OFF | Alarm: OFF
[2026-09-22 10:46:33] [INFO] Temperature: 24.0C | Status: NORMAL | Fan: OFF | Alarm: OFF
[2026-09-22 10:46:34] [INFO] Temperature: 24.0C | Status: NORMAL | Fan: OFF | Alarm: OFF
[2026-09-22 10:46:35] [INFO] Temperature: 24.0C | Status: NORMAL | Fan: OFF | Alarm: OFF
[2026-09-22 10:46:36] [INFO] Temperature: 24.0C | Status: NORMAL | Fan: OFF | Alarm: OFF
[2026-09-22 10:46:37] [INFO] Temperature: 24.0C | Status: NORMAL | Fan: OFF | Alarm: OFF
[2026-09-22 10:46:38] [INFO] Temperature: 24.0C | Status: NORMAL | Fan: OFF | Alarm: OFF
[2026-09-22 10:46:39] [INFO] Temperature: 24.0C | Status: NORMAL | Fan: OFF | Alarm: OFF
[2026-09-22 10:46:40] [INFO] Temperature: 24.0C | Status: NORMAL | Fan: OFF | Alarm: OFF
[2026-09-22 10:46:42] [INFO] Temperature: 0.0C | Status: NORMAL | Fan: OFF | Alarm: OFF
[2026-09-22 10:46:43] [INFO] Temperature: 0.0C | Status: NORMAL | Fan: OFF | Alarm: OFF
[2026-09-22 10:46:44] [INFO] Temperature: 0.0C | Status: NORMAL | Fan: OFF | Alarm: OFF
[2026-09-22 10:46:45] [INFO] Temperature: 0.0C | Status: NORMAL | Fan: OFF | Alarm: OFF
[2026-09-22 10:46:46] [CRITICAL] Fan turned ON - Temperature CRITICAL
[2026-09-22 10:46:46] [CRITICAL] Alarm turned ON - Temperature CRITICAL!
[2026-09-22 10:46:46] [INFO] Status changed: NORMAL -> CRITICAL
[2026-09-22 10:46:46] [INFO] Temperature: 60.0C | Status: CRITICAL | Fan: ON | Alarm: ON
[2026-09-22 10:46:47] [INFO] Temperature: 60.0C | Status: CRITICAL | Fan: ON | Alarm: ON
[2026-09-22 10:46:48] [INFO] Temperature: 60.0C | Status: CRITICAL | Fan: ON | Alarm: ON
[2026-09-22 10:46:49] [INFO] Temperature: 60.0C | Status: CRITICAL | Fan: ON | Alarm: ON
[2026-09-22 10:46:50] [INFO] Temperature: 60.0C | Status: CRITICAL | Fan: ON | Alarm: ON
[2026-09-22 10:46:51] [INFO] Temperature: 60.0C | Status: CRITICAL | Fan: ON | Alarm: ON
[2026-09-22 10:46:52] [INFO] Temperature: 60.0C | Status: CRITICAL | Fan: ON | Alarm: ON
[2026-09-22 10:46:53] [INFO] Temperature: 60.0C | Status: CRITICAL | Fan: ON | Alarm: ON
[2026-09-22 10:46:54] [INFO] Temperature: 60.0C | Status: CRITICAL | Fan: ON | Alarm: ON
[2026-09-22 10:46:55] [INFO] Temperature: 60.0C | Status: CRITICAL | Fan: ON | Alarm: ON
[2026-09-22 10:46:56] [INFO] Temperature: 60.0C | Status: CRITICAL | Fan: ON | Alarm: ON
[2026-09-22 10:46:57] [INFO] Temperature: 60.0C | Status: CRITICAL | Fan: ON | Alarm: ON
[2026-09-22 10:46:58] [INFO] Temperature: 60.0C | Status: CRITICAL | Fan: ON | Alarm: ON
[2026-09-22 10:46:59] [INFO] Temperature: 60.0C | Status: CRITICAL | Fan: ON | Alarm: ON
[2026-09-22 10:47:00] [INFO] Temperature: 60.0C | Status: CRITICAL | Fan: ON | Alarm: ON
[2026-09-22 10:47:01] [INFO] Temperature: 60.0C | Status: CRITICAL | Fan: ON | Alarm: ON
[2026-09-22 10:47:02] [INFO] Temperature: 60.0C | Status: CRITICAL | Fan: ON | Alarm: ON
[2026-09-22 10:47:03] [INFO] Temperature: 60.0C | Status: CRITICAL | Fan: ON | Alarm: ON
[2026-09-22 10:47:04] [INFO] Temperature: 60.0C | Status: CRITICAL | Fan: ON | Alarm: ON
[2026-09-22 10:47:05] [INFO] Temperature: 60.0C | Status: CRITICAL | Fan: ON | Alarm: ON
[2026-09-22 10:47:06] [INFO] Temperature: 60.0C | Status: CRITICAL | Fan: ON | Alarm: ON
[2026-09-22 10:47:07] [INFO] Temperature: 60.0C | Status: CRITICAL | Fan: ON | Alarm: ON
[2026-09-22 10:47:08] [INFO] Temperature: 60.0C | Status: CRITICAL | Fan: ON | Alarm: ON
[2026-09-22 10:47:09] [INFO] Temperature: 60.0C | Status: CRITICAL | Fan: ON | Alarm: ON
[2026-09-22 10:47:10] [INFO] Temperature: 60.0C | Status: CRITICAL | Fan: ON | Alarm: ON
[2026-09-22 10:47:11] [INFO] Temperature: 60.0C | Status: CRITICAL | Fan: ON | Alarm: ON
[2026-09-22 10:47:12] [INFO] Temperature: 60.0C | Status: CRITICAL | Fan: ON | Alarm: ON
[2026-09-22 10:47:13] [INFO] Temperature: 60.0C | Status: CRITICAL | Fan: ON | Alarm: ON
[2026-09-22 10:47:14] [INFO] Temperature: 60.0C | Status: CRITICAL | Fan: ON | Alarm: ON
[2026-09-22 10:47:15] [INFO] Temperature: 60.0C | Status: CRITICAL | Fan: ON | Alarm: ON
[2026-09-22 10:47:16] [INFO] Temperature: 60.0C | Status: CRITICAL | Fan: ON | Alarm: ON
[2026-09-22 10:47:17] [INFO] Temperature: 60.0C | Status: CRITICAL | Fan: ON | Alarm: ON
[2026-09-22 10:47:18] [INFO] Temperature: 60.0C | Status: CRITICAL | Fan: ON | Alarm: ON
[2026-09-22 10:47:19] [INFO] Temperature: 60.0C | Status: CRITICAL | Fan: ON | Alarm: ON
[2026-09-22 10:47:20] [INFO] Temperature: 60.0C | Status: CRITICAL | Fan: ON | Alarm: ON
[2026-09-22 10:47:21] [INFO] Temperature: 60.0C | Status: CRITICAL | Fan: ON | Alarm: ON
[2026-09-22 10:47:22] [INFO] Temperature: 60.0C | Status: CRITICAL | Fan: ON | Alarm: ON
[2026-09-22 10:47:23] [INFO] Temperature: 60.0C | Status: CRITICAL | Fan: ON | Alarm: ON
[2026-09-22 10:47:24] [INFO] Temperature: 60.0C | Status: CRITICAL | Fan: ON | Alarm: ON
[2026-09-22 10:47:25] [INFO] Temperature: 60.0C | Status: CRITICAL | Fan: ON | Alarm: ON
[2026-09-22 10:47:26] [INFO] Temperature: 60.0C | Status: CRITICAL | Fan: ON | Alarm: ON
[2026-09-22 10:47:27] [INFO] Temperature: 60.0C | Status: CRITICAL | Fan: ON | Alarm: ON
[2026-09-22 10:47:28] [INFO] System shutdown requested by user
[2026-09-22 10:47:28] [INFO] === System Shutdown ===
========================================

========================================
[2026-09-22 11:03:30] [INFO] === System Started ===
[2026-09-22 11:03:30] [INFO] Mode: MANUAL
[2026-09-22 11:03:30] [INFO] Controller initialized - Fan threshold: 30C, Alarm threshold: 40C, Valid range: [0, 60]C, Fault threshold: 3 cycles
[2026-09-22 11:03:30] [INFO] Temperature: 25.0C | Status: NORMAL | Fan: OFF | Alarm: OFF
[2026-09-22 11:03:31] [INFO] Temperature: 25.0C | Status: NORMAL | Fan: OFF | Alarm: OFF
[2026-09-22 11:03:32] [INFO] Temperature: 25.0C | Status: NORMAL | Fan: OFF | Alarm: OFF
[2026-09-22 11:03:33] [INFO] Temperature: 25.0C | Status: NORMAL | Fan: OFF | Alarm: OFF
[2026-09-22 11:03:34] [INFO] Temperature: 25.0C | Status: NORMAL | Fan: OFF | Alarm: OFF
[2026-09-22 11:03:35] [INFO] Temperature: 25.0C | Status: NORMAL | Fan: OFF | Alarm: OFF
[2026-09-22 11:03:36] [INFO] Temperature: 25.0C | Status: NORMAL | Fan: OFF | Alarm: OFF
[2026-09-22 11:03:37] [INFO] Temperature: 25.0C | Status: NORMAL | Fan: OFF | Alarm: OFF
[2026-09-22 11:03:38] [INFO] Temperature: 23.0C | Status: NORMAL | Fan: OFF | Alarm: OFF
[2026-09-22 11:03:39] [INFO] Temperature: 23.0C | Status: NORMAL | Fan: OFF | Alarm: OFF
[2026-09-22 11:03:40] [INFO] Temperature: 23.0C | Status: NORMAL | Fan: OFF | Alarm: OFF
[2026-09-22 11:03:41] [INFO] Temperature: 23.0C | Status: NORMAL | Fan: OFF | Alarm: OFF
[2026-09-22 11:03:42] [INFO] Temperature: 25.0C | Status: NORMAL | Fan: OFF | Alarm: OFF
[2026-09-22 11:03:43] [INFO] Temperature: 25.0C | Status: NORMAL | Fan: OFF | Alarm: OFF
[2026-09-22 11:03:44] [INFO] Temperature: 25.0C | Status: NORMAL | Fan: OFF | Alarm: OFF
[2026-09-22 11:03:45] [INFO] Temperature: 0.0C | Status: NORMAL | Fan: OFF | Alarm: OFF
[2026-09-22 11:03:46] [INFO] Temperature: 0.0C | Status: NORMAL | Fan: OFF | Alarm: OFF
[2026-09-22 11:03:47] [INFO] Temperature: 0.0C | Status: NORMAL | Fan: OFF | Alarm: OFF
[2026-09-22 11:03:48] [INFO] Temperature: 0.0C | Status: NORMAL | Fan: OFF | Alarm: OFF
[2026-09-22 11:03:50] [INFO] Temperature: 0.0C | Status: NORMAL | Fan: OFF | Alarm: OFF
[2026-09-22 11:03:51] [INFO] Temperature: 0.0C | Status: NORMAL | Fan: OFF | Alarm: OFF
[2026-09-22 11:03:52] [INFO] Temperature: 0.0C | Status: NORMAL | Fan: OFF | Alarm: OFF
[2026-09-22 11:03:53] [INFO] Temperature: 0.0C | Status: NORMAL | Fan: OFF | Alarm: OFF
[2026-09-22 11:03:54] [INFO] Temperature: 0.0C | Status: NORMAL | Fan: OFF | Alarm: OFF
[2026-09-22 11:03:55] [INFO] Temperature: 0.0C | Status: NORMAL | Fan: OFF | Alarm: OFF
[2026-09-22 11:03:56] [INFO] Temperature: 0.0C | Status: NORMAL | Fan: OFF | Alarm: OFF
[2026-09-22 11:03:57] [INFO] Temperature: 0.0C | Status: NORMAL | Fan: OFF | Alarm: OFF
[2026-09-22 11:03:58] [INFO] Temperature: 0.0C | Status: NORMAL | Fan: OFF | Alarm: OFF
[2026-09-22 11:03:59] [INFO] Temperature: 0.0C | Status: NORMAL | Fan: OFF | Alarm: OFF
[2026-09-22 11:04:00] [INFO] Temperature: 0.0C | Status: NORMAL | Fan: OFF | Alarm: OFF
[2026-09-22 11:04:01] [INFO] Temperature: 0.0C | Status: NORMAL | Fan: OFF | Alarm: OFF
[2026-09-22 11:04:02] [INFO] Temperature: 0.0C | Status: NORMAL | Fan: OFF | Alarm: OFF
[2026-09-22 11:04:03] [INFO] Temperature: 0.0C | Status: NORMAL | Fan: OFF | Alarm: OFF
[2026-09-22 11:04:04] [INFO] Temperature: 0.0C | Status: NORMAL | Fan: OFF | Alarm: OFF
[2026-09-22 11:04:05] [INFO] Temperature: 0.0C | Status: NORMAL | Fan: OFF | Alarm: OFF
[2026-09-22 11:04:06] [INFO] Temperature: 0.0C | Status: NORMAL | Fan: OFF | Alarm: OFF
[2026-09-22 11:04:07] [INFO] Temperature: 0.0C | Status: NORMAL | Fan: OFF | Alarm: OFF
[2026-09-22 11:04:08] [INFO] Temperature: 0.0C | Status: NORMAL | Fan: OFF | Alarm: OFF
[2026-09-22 11:04:09] [INFO] System shutdown requested by user
[2026-09-22 11:04:09] [INFO] === System Shutdown ===
========================================

========================================
[2026-09-23 20:46:13] [INFO] === System Started ===
[2026-09-23 20:46:13] [INFO] Mode: AUTO
[2026-09-23 20:46:13] [INFO] Controller initialized - Fan threshold: 30C, Alarm threshold: 40C, Valid range: [0, 60]C, Fault threshold: 3 cycles
[2026-09-23 20:46:13] [CRITICAL] Fan turned ON - Temperature CRITICAL
[2026-09-23 20:46:13] [CRITICAL] Alarm turned ON - Temperature CRITICAL!
[2026-09-23 20:46:13] [INFO] Status changed: NORMAL -> CRITICAL
[2026-09-23 20:46:13] [INFO] Temperature: 50.2C | Status: CRITICAL | Fan: ON | Alarm: ON
[2026-09-23 20:46:14] [INFO] Alarm turned OFF
[2026-09-23 20:46:14] [INFO] Status changed: CRITICAL -> WARNING
[2026-09-23 20:46:14] [INFO] Temperature: 32.5C | Status: WARNING | Fan: ON | Alarm: OFF
[2026-09-23 20:46:15] [INFO] Fan turned OFF
[2026-09-23 20:46:15] [INFO] Status changed: WARNING -> NORMAL
[2026-09-23 20:46:15] [INFO] Temperature: 14.2C | Status: NORMAL | Fan: OFF | Alarm: OFF
[2026-09-23 20:46:16] [CRITICAL] Fan turned ON - Temperature CRITICAL
[2026-09-23 20:46:16] [CRITICAL] Alarm turned ON - Temperature CRITICAL!
[2026-09-23 20:46:16] [INFO] Status changed: NORMAL -> CRITICAL
[2026-09-23 20:46:16] [INFO] Temperature: 40.9C | Status: CRITICAL | Fan: ON | Alarm: ON
[2026-09-23 20:46:17] [INFO] Fan turned OFF
[2026-09-23 20:46:17] [INFO] Alarm turned OFF
[2026-09-23 20:46:17] [INFO] Status changed: CRITICAL -> NORMAL
[2026-09-23 20:46:17] [INFO] Temperature: 11.5C | Status: NORMAL | Fan: OFF | Alarm: OFF
[2026-09-23 20:46:18] [CRITICAL] Fan turned ON - Temperature CRITICAL
[2026-09-23 20:46:18] [CRITICAL] Alarm turned ON - Temperature CRITICAL!
[2026-09-23 20:46:18] [INFO] Status changed: NORMAL -> CRITICAL
[2026-09-23 20:46:18] [INFO] Temperature: 59.7C | Status: CRITICAL | Fan: ON | Alarm: ON
[2026-09-23 20:46:19] [INFO] Temperature: 59.9C | Status: CRITICAL | Fan: ON | Alarm: ON
[2026-09-23 20:46:20] [INFO] Fan turned OFF
[2026-09-23 20:46:20] [INFO] Alarm turned OFF
[2026-09-23 20:46:20] [INFO] Status changed: CRITICAL -> NORMAL
[2026-09-23 20:46:20] [INFO] Temperature: 21.3C | Status: NORMAL | Fan: OFF | Alarm: OFF
[2026-09-23 20:46:21] [WARNING] Fan turned ON - Temperature WARNING
[2026-09-23 20:46:21] [INFO] Status changed: NORMAL -> WARNING
[2026-09-23 20:46:21] [INFO] Temperature: 32.1C | Status: WARNING | Fan: ON | Alarm: OFF
[2026-09-23 20:46:22] [INFO] System shutdown requested by user
[2026-09-23 20:46:22] [INFO] === System Shutdown ===
========================================

========================================
[2026-09-23 20:47:33] [INFO] === System Started ===
[2026-09-23 20:47:33] [INFO] Mode: AUTO
[2026-09-23 20:47:33] [INFO] Controller initialized - Fan threshold: 30C, Alarm threshold: 40C, Valid range: [0, 60]C, Fault threshold: 3 cycles
[2026-09-23 20:47:33] [CRITICAL] Fan turned ON - Temperature CRITICAL
[2026-09-23 20:47:33] [CRITICAL] Alarm turned ON - Temperature CRITICAL!
[2026-09-23 20:47:33] [INFO] Status changed: NORMAL -> CRITICAL
[2026-09-23 20:47:33] [INFO] Temperature: 54.9C | Status: CRITICAL | Fan: ON | Alarm: ON
[2026-09-23 20:47:34] [INFO] Fan turned OFF
[2026-09-23 20:47:34] [INFO] Alarm turned OFF
[2026-09-23 20:47:34] [INFO] Status changed: CRITICAL -> NORMAL
[2026-09-23 20:47:34] [INFO] Temperature: 3.8C | Status: NORMAL | Fan: OFF | Alarm: OFF
[2026-09-23 20:47:35] [WARNING] Fan turned ON - Temperature WARNING
[2026-09-23 20:47:35] [INFO] Status changed: NORMAL -> WARNING
[2026-09-23 20:47:35] [INFO] Temperature: 32.2C | Status: WARNING | Fan: ON | Alarm: OFF
[2026-09-23 20:47:36] [INFO] System shutdown requested by user
[2026-09-23 20:47:36] [INFO] === System Shutdown ===
========================================

========================================
[2026-09-23 20:47:53] [INFO] === System Started ===
[2026-09-23 20:47:53] [INFO] Mode: AUTO
[2026-09-23 20:47:53] [INFO] Controller initialized - Fan threshold: 30C, Alarm threshold: 40C, Valid range: [0, 60]C, Fault threshold: 3 cycles
[2026-09-23 20:47:53] [WARNING] Fan turned ON - Temperature WARNING
[2026-09-23 20:47:53] [INFO] Status changed: NORMAL -> WARNING
[2026-09-23 20:47:53] [INFO] Temperature: 34.3C | Status: WARNING | Fan: ON | Alarm: OFF
[2026-09-23 20:47:54] [INFO] Fan turned OFF
[2026-09-23 20:47:54] [INFO] Status changed: WARNING -> NORMAL
[2026-09-23 20:47:54] [INFO] Temperature: 21.9C | Status: NORMAL | Fan: OFF | Alarm: OFF
[2026-09-23 20:47:55] [INFO] System shutdown requested by user
[2026-09-23 20:47:55] [INFO] === System Shutdown ===
========================================

========================================
[2026-09-23 20:49:49] [INFO] === System Started ===
[2026-09-23 20:49:49] [INFO] Mode: AUTO
[2026-09-23 20:49:49] [INFO] Controller initialized - Fan threshold: 30C, Alarm threshold: 40C, Valid range: [0, 60]C, Fault threshold: 3 cycles
[2026-09-23 20:49:49] [INFO] Temperature: 14.1C | Status: NORMAL | Fan: OFF | Alarm: OFF
[2026-09-23 20:49:50] [INFO] Temperature: 8.4C | Status: NORMAL | Fan: OFF | Alarm: OFF
[2026-09-23 20:49:51] [INFO] Temperature: 14.9C | Status: NORMAL | Fan: OFF | Alarm: OFF
[2026-09-23 20:49:52] [INFO] Temperature: 13.6C | Status: NORMAL | Fan: OFF | Alarm: OFF
[2026-09-23 20:49:53] [INFO] Temperature: 28.0C | Status: NORMAL | Fan: OFF | Alarm: OFF
[2026-09-23 20:49:54] [CRITICAL] Fan turned ON - Temperature CRITICAL
[2026-09-23 20:49:54] [CRITICAL] Alarm turned ON - Temperature CRITICAL!
[2026-09-23 20:49:54] [INFO] Status changed: NORMAL -> CRITICAL
[2026-09-23 20:49:54] [INFO] Temperature: 49.7C | Status: CRITICAL | Fan: ON | Alarm: ON
[2026-09-23 20:49:55] [INFO] Alarm turned OFF
[2026-09-23 20:49:55] [INFO] Status changed: CRITICAL -> WARNING
[2026-09-23 20:49:55] [INFO] Temperature: 35.7C | Status: WARNING | Fan: ON | Alarm: OFF
[2026-09-23 20:49:56] [CRITICAL] Alarm turned ON - Temperature CRITICAL!
[2026-09-23 20:49:56] [INFO] Status changed: WARNING -> CRITICAL
[2026-09-23 20:49:56] [INFO] Temperature: 45.4C | Status: CRITICAL | Fan: ON | Alarm: ON
[2026-09-23 20:49:57] [INFO] Fan turned OFF
[2026-09-23 20:49:57] [INFO] Alarm turned OFF
[2026-09-23 20:49:57] [INFO] Status changed: CRITICAL -> NORMAL
[2026-09-23 20:49:57] [INFO] Temperature: 21.6C | Status: NORMAL | Fan: OFF | Alarm: OFF
[2026-09-23 20:49:58] [INFO] Temperature: 2.8C | Status: NORMAL | Fan: OFF | Alarm: OFF
[2026-09-23 20:49:59] [INFO] Temperature: 10.5C | Status: NORMAL | Fan: OFF | Alarm: OFF
[2026-09-23 20:50:00] [CRITICAL] Fan turned ON - Temperature CRITICAL
[2026-09-23 20:50:00] [CRITICAL] Alarm turned ON - Temperature CRITICAL!
[2026-09-23 20:50:00] [INFO] Status changed: NORMAL -> CRITICAL
[2026-09-23 20:50:00] [INFO] Temperature: 59.3C | Status: CRITICAL | Fan: ON | Alarm: ON
[2026-09-23 20:50:01] [INFO] Temperature: 41.1C | Status: CRITICAL | Fan: ON | Alarm: ON
[2026-09-23 20:50:02] [INFO] Fan turned OFF
[2026-09-23 20:50:02] [INFO] Alarm turned OFF
[2026-09-23 20:50:02] [INFO] Status changed: CRITICAL -> NORMAL
[2026-09-23 20:50:02] [INFO] Temperature: 22.1C | Status: NORMAL | Fan: OFF | Alarm: OFF
[2026-09-23 20:50:03] [WARNING] Fan turned ON - Temperature WARNING
[2026-09-23 20:50:03] [INFO] Status changed: NORMAL -> WARNING
[2026-09-23 20:50:03] [INFO] Temperature: 39.3C | Status: WARNING | Fan: ON | Alarm: OFF
[2026-09-23 20:50:04] [CRITICAL] Alarm turned ON - Temperature CRITICAL!
[2026-09-23 20:50:04] [INFO] Status changed: WARNING -> CRITICAL
[2026-09-23 20:50:04] [INFO] Temperature: 56.9C | Status: CRITICAL | Fan: ON | Alarm: ON
[2026-09-23 20:50:05] [INFO] Temperature: 40.8C | Status: CRITICAL | Fan: ON | Alarm: ON
[2026-09-23 20:50:06] [INFO] Fan turned OFF
[2026-09-23 20:50:06] [INFO] Alarm turned OFF
[2026-09-23 20:50:06] [INFO] Status changed: CRITICAL -> NORMAL
[2026-09-23 20:50:06] [INFO] Temperature: 13.5C | Status: NORMAL | Fan: OFF | Alarm: OFF

========================================
[2026-09-23 20:50:45] [INFO] === System Started ===
[2026-09-23 20:50:45] [INFO] Mode: AUTO
[2026-09-23 20:50:45] [INFO] Controller initialized - Fan threshold: 30C, Alarm threshold: 40C, Valid range: [0, 60]C, Fault threshold: 3 cycles
[2026-09-23 20:50:45] [INFO] Temperature: 20.1C | Status: NORMAL | Fan: OFF | Alarm: OFF
[2026-09-23 20:50:46] [CRITICAL] Fan turned ON - Temperature CRITICAL
[2026-09-23 20:50:46] [CRITICAL] Alarm turned ON - Temperature CRITICAL!
[2026-09-23 20:50:46] [INFO] Status changed: NORMAL -> CRITICAL
[2026-09-23 20:50:46] [INFO] Temperature: 58.7C | Status: CRITICAL | Fan: ON | Alarm: ON
[2026-09-23 20:50:47] [INFO] Fan turned OFF
[2026-09-23 20:50:47] [INFO] Alarm turned OFF
[2026-09-23 20:50:47] [INFO] Status changed: CRITICAL -> NORMAL
[2026-09-23 20:50:47] [INFO] Temperature: 25.9C | Status: NORMAL | Fan: OFF | Alarm: OFF
[2026-09-23 20:50:48] [INFO] Temperature: 27.9C | Status: NORMAL | Fan: OFF | Alarm: OFF
[2026-09-23 20:50:49] [CRITICAL] Fan turned ON - Temperature CRITICAL
[2026-09-23 20:50:49] [CRITICAL] Alarm turned ON - Temperature CRITICAL!
[2026-09-23 20:50:49] [INFO] Status changed: NORMAL -> CRITICAL
[2026-09-23 20:50:49] [INFO] Temperature: 56.5C | Status: CRITICAL | Fan: ON | Alarm: ON
[2026-09-23 20:50:50] [WARNING] Sensor transient fault detected (Count: 1/3) - Raw value: 120.0C - Holding last valid state
[2026-09-23 20:50:51] [INFO] Sensor recovered after 0 fault cycle(s) - Resuming normal operation
[2026-09-23 20:50:51] [INFO] Status changed: SENSOR_ERROR -> CRITICAL
[2026-09-23 20:50:51] [INFO] Temperature: 55.5C | Status: CRITICAL | Fan: ON | Alarm: ON
[2026-09-23 20:50:52] [INFO] Temperature: 41.7C | Status: CRITICAL | Fan: ON | Alarm: ON
[2026-09-23 20:50:53] [INFO] Fan turned OFF
[2026-09-23 20:50:53] [INFO] Alarm turned OFF
[2026-09-23 20:50:53] [INFO] Status changed: CRITICAL -> NORMAL
[2026-09-23 20:50:53] [INFO] Temperature: 12.3C | Status: NORMAL | Fan: OFF | Alarm: OFF
[2026-09-23 20:50:54] [INFO] Temperature: 0.4C | Status: NORMAL | Fan: OFF | Alarm: OFF
[2026-09-23 20:50:55] [WARNING] Fan turned ON - Temperature WARNING
[2026-09-23 20:50:55] [INFO] Status changed: NORMAL -> WARNING
[2026-09-23 20:50:55] [INFO] Temperature: 33.0C | Status: WARNING | Fan: ON | Alarm: OFF
[2026-09-23 20:50:56] [CRITICAL] Alarm turned ON - Temperature CRITICAL!
[2026-09-23 20:50:56] [INFO] Status changed: WARNING -> CRITICAL
[2026-09-23 20:50:56] [INFO] Temperature: 55.7C | Status: CRITICAL | Fan: ON | Alarm: ON
[2026-09-23 20:50:57] [INFO] Fan turned OFF
[2026-09-23 20:50:57] [INFO] Alarm turned OFF
[2026-09-23 20:50:57] [INFO] Status changed: CRITICAL -> NORMAL
[2026-09-23 20:50:57] [INFO] Temperature: 29.4C | Status: NORMAL | Fan: OFF | Alarm: OFF
[2026-09-23 20:50:58] [INFO] Temperature: 4.6C | Status: NORMAL | Fan: OFF | Alarm: OFF
[2026-09-23 20:50:59] [CRITICAL] Fan turned ON - Temperature CRITICAL
[2026-09-23 20:50:59] [CRITICAL] Alarm turned ON - Temperature CRITICAL!
[2026-09-23 20:50:59] [INFO] Status changed: NORMAL -> CRITICAL
[2026-09-23 20:50:59] [INFO] Temperature: 54.9C | Status: CRITICAL | Fan: ON | Alarm: ON
[2026-09-23 20:51:00] [INFO] Fan turned OFF
[2026-09-23 20:51:00] [INFO] Alarm turned OFF
[2026-09-23 20:51:00] [INFO] Status changed: CRITICAL -> NORMAL
[2026-09-23 20:51:00] [INFO] Temperature: 0.4C | Status: NORMAL | Fan: OFF | Alarm: OFF
[2026-09-23 20:51:01] [INFO] Temperature: 8.9C | Status: NORMAL | Fan: OFF | Alarm: OFF
[2026-09-23 20:51:02] [INFO] Temperature: 10.5C | Status: NORMAL | Fan: OFF | Alarm: OFF
[2026-09-23 20:51:04] [INFO] Temperature: 21.6C | Status: NORMAL | Fan: OFF | Alarm: OFF
[2026-09-23 20:51:05] [INFO] Temperature: 16.4C | Status: NORMAL | Fan: OFF | Alarm: OFF
[2026-09-23 20:51:06] [INFO] Temperature: 21.6C | Status: NORMAL | Fan: OFF | Alarm: OFF
[2026-09-23 20:51:07] [INFO] Temperature: 15.2C | Status: NORMAL | Fan: OFF | Alarm: OFF
[2026-09-23 20:51:08] [WARNING] Fan turned ON - Temperature WARNING
[2026-09-23 20:51:08] [INFO] Status changed: NORMAL -> WARNING
[2026-09-23 20:51:08] [INFO] Temperature: 30.5C | Status: WARNING | Fan: ON | Alarm: OFF
[2026-09-23 20:51:09] [INFO] Temperature: 31.5C | Status: WARNING | Fan: ON | Alarm: OFF
[2026-09-23 20:51:10] [CRITICAL] Alarm turned ON - Temperature CRITICAL!
[2026-09-23 20:51:10] [INFO] Status changed: WARNING -> CRITICAL
[2026-09-23 20:51:10] [INFO] Temperature: 49.8C | Status: CRITICAL | Fan: ON | Alarm: ON
[2026-09-23 20:51:11] [INFO] Fan turned OFF
[2026-09-23 20:51:11] [INFO] Alarm turned OFF
[2026-09-23 20:51:11] [INFO] Status changed: CRITICAL -> NORMAL
[2026-09-23 20:51:11] [INFO] Temperature: 6.3C | Status: NORMAL | Fan: OFF | Alarm: OFF
[2026-09-23 20:51:12] [INFO] Temperature: 7.2C | Status: NORMAL | Fan: OFF | Alarm: OFF
[2026-09-23 20:51:13] [INFO] System shutdown requested by user
[2026-09-23 20:51:13] [INFO] === System Shutdown ===
========================================

========================================
[2026-09-23 20:51:57] [INFO] === System Started ===
[2026-09-23 20:51:57] [INFO] Mode: AUTO
[2026-09-23 20:51:57] [INFO] Controller initialized - Fan threshold: 30C, Alarm threshold: 40C, Valid range: [0, 60]C, Fault threshold: 3 cycles
[2026-09-23 20:51:57] [INFO] Temperature: 1.9C | Status: NORMAL | Fan: OFF | Alarm: OFF
[2026-09-23 20:51:58] [CRITICAL] Fan turned ON - Temperature CRITICAL
[2026-09-23 20:51:58] [CRITICAL] Alarm turned ON - Temperature CRITICAL!
[2026-09-23 20:51:58] [INFO] Status changed: NORMAL -> CRITICAL
[2026-09-23 20:51:58] [INFO] Temperature: 47.6C | Status: CRITICAL | Fan: ON | Alarm: ON
[2026-09-23 20:51:59] [INFO] Fan turned OFF
[2026-09-23 20:51:59] [INFO] Alarm turned OFF
[2026-09-23 20:51:59] [INFO] Status changed: CRITICAL -> NORMAL
[2026-09-23 20:51:59] [INFO] Temperature: 28.2C | Status: NORMAL | Fan: OFF | Alarm: OFF
[2026-09-23 20:52:00] [CRITICAL] Fan turned ON - Temperature CRITICAL
[2026-09-23 20:52:00] [CRITICAL] Alarm turned ON - Temperature CRITICAL!
[2026-09-23 20:52:00] [INFO] Status changed: NORMAL -> CRITICAL
[2026-09-23 20:52:00] [INFO] Temperature: 46.3C | Status: CRITICAL | Fan: ON | Alarm: ON
[2026-09-23 20:52:01] [INFO] Temperature: 42.1C | Status: CRITICAL | Fan: ON | Alarm: ON
[2026-09-23 20:52:02] [INFO] Fan turned OFF
[2026-09-23 20:52:02] [INFO] Alarm turned OFF
[2026-09-23 20:52:02] [INFO] Status changed: CRITICAL -> NORMAL
[2026-09-23 20:52:02] [INFO] Temperature: 17.5C | Status: NORMAL | Fan: OFF | Alarm: OFF
[2026-09-23 20:52:03] [INFO] Temperature: 1.8C | Status: NORMAL | Fan: OFF | Alarm: OFF
[2026-09-23 20:52:04] [INFO] System shutdown requested by user
[2026-09-23 20:52:04] [INFO] === System Shutdown ===
========================================

========================================
[2026-09-23 20:53:38] [INFO] === System Started ===
[2026-09-23 20:53:38] [INFO] Mode: MANUAL
[2026-09-23 20:53:38] [INFO] Controller initialized - Fan threshold: 30C, Alarm threshold: 40C, Valid range: [0, 60]C, Fault threshold: 3 cycles
[2026-09-23 20:53:38] [INFO] Temperature: 25.0C | Status: NORMAL | Fan: OFF | Alarm: OFF
[2026-09-23 20:53:39] [INFO] Temperature: 25.0C | Status: NORMAL | Fan: OFF | Alarm: OFF
[2026-09-23 20:53:40] [INFO] Temperature: 25.0C | Status: NORMAL | Fan: OFF | Alarm: OFF
[2026-09-23 20:53:41] [INFO] Temperature: 10.0C | Status: NORMAL | Fan: OFF | Alarm: OFF
[2026-09-23 20:53:42] [INFO] Temperature: 10.0C | Status: NORMAL | Fan: OFF | Alarm: OFF
[2026-09-23 20:53:43] [INFO] Temperature: 10.0C | Status: NORMAL | Fan: OFF | Alarm: OFF
[2026-09-23 20:53:44] [INFO] Temperature: 10.0C | Status: NORMAL | Fan: OFF | Alarm: OFF
[2026-09-23 20:53:46] [INFO] Temperature: 10.0C | Status: NORMAL | Fan: OFF | Alarm: OFF
[2026-09-23 20:53:47] [WARNING] Fan turned ON - Temperature WARNING
[2026-09-23 20:53:47] [INFO] Status changed: NORMAL -> WARNING
[2026-09-23 20:53:47] [INFO] Temperature: 30.0C | Status: WARNING | Fan: ON | Alarm: OFF
[2026-09-23 20:53:48] [INFO] Temperature: 30.0C | Status: WARNING | Fan: ON | Alarm: OFF
[2026-09-23 20:53:49] [INFO] Temperature: 30.0C | Status: WARNING | Fan: ON | Alarm: OFF
[2026-09-23 20:53:50] [INFO] Temperature: 30.0C | Status: WARNING | Fan: ON | Alarm: OFF
[2026-09-23 20:53:51] [INFO] Temperature: 30.0C | Status: WARNING | Fan: ON | Alarm: OFF
[2026-09-23 20:53:52] [INFO] Temperature: 30.0C | Status: WARNING | Fan: ON | Alarm: OFF
[2026-09-23 20:53:53] [INFO] Temperature: 30.0C | Status: WARNING | Fan: ON | Alarm: OFF
[2026-09-23 20:53:54] [INFO] System shutdown requested by user
[2026-09-23 20:53:54] [INFO] === System Shutdown ===
========================================

========================================
[2026-09-24 09:30:53] [INFO] === System Started ===
[2026-09-24 09:30:53] [INFO] Mode: MANUAL
[2026-09-24 09:30:53] [INFO] Controller initialized - Fan threshold: 30C, Alarm threshold: 40C, Valid range: [0, 60]C, Fault threshold: 3 cycles
[2026-09-24 09:30:53] [INFO] Temperature: 25.0C | Status: NORMAL | Fan: OFF | Alarm: OFF
[2026-09-24 09:30:54] [INFO] Temperature: 25.0C | Status: NORMAL | Fan: OFF | Alarm: OFF
[2026-09-24 09:30:55] [WARNING] Sensor transient fault detected (Count: 1/3) - Raw value: -10.0C - Holding last valid state
[2026-09-24 09:30:56] [INFO] Sensor recovered after 0 fault cycle(s) - Resuming normal operation
[2026-09-24 09:30:56] [INFO] Status changed: SENSOR_ERROR -> NORMAL
[2026-09-24 09:30:56] [INFO] Temperature: 25.0C | Status: NORMAL | Fan: OFF | Alarm: OFF
[2026-09-24 09:30:57] [WARNING] Sensor transient fault detected (Count: 1/3) - Raw value: -10.0C - Holding last valid state
[2026-09-24 09:30:58] [INFO] Sensor recovered after 0 fault cycle(s) - Resuming normal operation
[2026-09-24 09:30:58] [INFO] Status changed: SENSOR_ERROR -> NORMAL
[2026-09-24 09:30:58] [INFO] Temperature: 25.0C | Status: NORMAL | Fan: OFF | Alarm: OFF
[2026-09-24 09:30:59] [WARNING] Sensor transient fault detected (Count: 1/3) - Raw value: -10.0C - Holding last valid state
[2026-09-24 09:31:00] [INFO] Sensor recovered after 0 fault cycle(s) - Resuming normal operation
[2026-09-24 09:31:00] [INFO] Status changed: SENSOR_ERROR -> NORMAL
[2026-09-24 09:31:00] [INFO] Temperature: 25.0C | Status: NORMAL | Fan: OFF | Alarm: OFF
[2026-09-24 09:31:01] [INFO] Temperature: 25.0C | Status: NORMAL | Fan: OFF | Alarm: OFF
[2026-09-24 09:31:02] [INFO] Temperature: 25.0C | Status: NORMAL | Fan: OFF | Alarm: OFF
[2026-09-24 09:31:04] [INFO] Temperature: 25.0C | Status: NORMAL | Fan: OFF | Alarm: OFF
[2026-09-24 09:31:05] [INFO] Temperature: 25.0C | Status: NORMAL | Fan: OFF | Alarm: OFF
[2026-09-24 09:31:06] [INFO] Temperature: 25.0C | Status: NORMAL | Fan: OFF | Alarm: OFF
[2026-09-24 09:31:07] [INFO] Temperature: 25.0C | Status: NORMAL | Fan: OFF | Alarm: OFF
[2026-09-24 09:31:08] [INFO] Temperature: 25.0C | Status: NORMAL | Fan: OFF | Alarm: OFF
[2026-09-24 09:31:09] [INFO] Temperature: 25.0C | Status: NORMAL | Fan: OFF | Alarm: OFF
[2026-09-24 09:31:10] [INFO] Temperature: 25.0C | Status: NORMAL | Fan: OFF | Alarm: OFF
[2026-09-24 09:31:11] [INFO] Temperature: 25.0C | Status: NORMAL | Fan: OFF | Alarm: OFF
[2026-09-24 09:31:13] [INFO] Temperature: 25.0C | Status: NORMAL | Fan: OFF | Alarm: OFF
[2026-09-24 09:31:14] [INFO] Temperature: 25.0C | Status: NORMAL | Fan: OFF | Alarm: OFF
[2026-09-24 09:31:15] [WARNING] Sensor transient fault detected (Count: 1/3) - Raw value: -10.0C - Holding last valid state
[2026-09-24 09:31:16] [INFO] Sensor recovered after 0 fault cycle(s) - Resuming normal operation
[2026-09-24 09:31:16] [INFO] Status changed: SENSOR_ERROR -> NORMAL
[2026-09-24 09:31:16] [INFO] Temperature: 25.0C | Status: NORMAL | Fan: OFF | Alarm: OFF
[2026-09-24 09:31:17] [INFO] System shutdown requested by user
[2026-09-24 09:31:17] [INFO] === System Shutdown ===
========================================

========================================
[2026-09-24 09:31:27] [INFO] === System Started ===
[2026-09-24 09:31:27] [INFO] Mode: MANUAL
[2026-09-24 09:31:27] [INFO] Controller initialized - Fan threshold: 30C, Alarm threshold: 40C, Valid range: [0, 60]C, Fault threshold: 3 cycles
[2026-09-24 09:31:27] [INFO] Temperature: 25.0C | Status: NORMAL | Fan: OFF | Alarm: OFF
[2026-09-24 09:31:28] [INFO] Temperature: 25.0C | Status: NORMAL | Fan: OFF | Alarm: OFF
[2026-09-24 09:31:29] [WARNING] Sensor transient fault detected (Count: 1/3) - Raw value: 100.0C - Holding last valid state
[2026-09-24 09:31:30] [INFO] Sensor recovered after 0 fault cycle(s) - Resuming normal operation
[2026-09-24 09:31:30] [INFO] Status changed: SENSOR_ERROR -> NORMAL
[2026-09-24 09:31:30] [INFO] Temperature: 25.0C | Status: NORMAL | Fan: OFF | Alarm: OFF
[2026-09-24 09:31:31] [WARNING] Sensor transient fault detected (Count: 1/3) - Raw value: 100.0C - Holding last valid state
[2026-09-24 09:31:32] [INFO] Sensor recovered after 0 fault cycle(s) - Resuming normal operation
[2026-09-24 09:31:32] [INFO] Status changed: SENSOR_ERROR -> NORMAL
[2026-09-24 09:31:32] [INFO] Temperature: 25.0C | Status: NORMAL | Fan: OFF | Alarm: OFF
[2026-09-24 09:31:33] [WARNING] Sensor transient fault detected (Count: 1/3) - Raw value: 100.0C - Holding last valid state
[2026-09-24 09:31:34] [WARNING] Sensor transient fault detected (Count: 2/3) - Raw value: 100.0C - Holding last valid state
[2026-09-24 09:31:36] [INFO] Sensor recovered after 0 fault cycle(s) - Resuming normal operation
[2026-09-24 09:31:36] [INFO] Status changed: SENSOR_ERROR -> NORMAL
[2026-09-24 09:31:36] [INFO] Temperature: 25.0C | Status: NORMAL | Fan: OFF | Alarm: OFF
[2026-09-24 09:31:37] [INFO] Temperature: 25.0C | Status: NORMAL | Fan: OFF | Alarm: OFF
[2026-09-24 09:31:38] [INFO] Temperature: 25.0C | Status: NORMAL | Fan: OFF | Alarm: OFF
[2026-09-24 09:31:39] [WARNING] Sensor transient fault detected (Count: 1/3) - Raw value: 1100.0C - Holding last valid state
[2026-09-24 09:31:40] [INFO] Sensor recovered after 0 fault cycle(s) - Resuming normal operation
[2026-09-24 09:31:40] [INFO] Status changed: SENSOR_ERROR -> NORMAL
[2026-09-24 09:31:40] [INFO] Temperature: 25.0C | Status: NORMAL | Fan: OFF | Alarm: OFF
[2026-09-24 09:31:41] [INFO] Temperature: 25.0C | Status: NORMAL | Fan: OFF | Alarm: OFF
[2026-09-24 09:31:42] [WARNING] Sensor transient fault detected (Count: 1/3) - Raw value: 100.0C - Holding last valid state
[2026-09-24 09:31:43] [INFO] Sensor recovered after 0 fault cycle(s) - Resuming normal operation
[2026-09-24 09:31:43] [INFO] Status changed: SENSOR_ERROR -> NORMAL
[2026-09-24 09:31:43] [INFO] Temperature: 25.0C | Status: NORMAL | Fan: OFF | Alarm: OFF
[2026-09-24 09:31:44] [WARNING] Sensor transient fault detected (Count: 1/3) - Raw value: 100.0C - Holding last valid state
[2026-09-24 09:31:45] [INFO] Sensor recovered after 0 fault cycle(s) - Resuming normal operation
[2026-09-24 09:31:45] [INFO] Status changed: SENSOR_ERROR -> NORMAL
[2026-09-24 09:31:45] [INFO] Temperature: 25.0C | Status: NORMAL | Fan: OFF | Alarm: OFF
[2026-09-24 09:31:46] [WARNING] Sensor transient fault detected (Count: 1/3) - Raw value: 100.0C - Holding last valid state
[2026-09-24 09:31:47] [INFO] Sensor recovered after 0 fault cycle(s) - Resuming normal operation
[2026-09-24 09:31:47] [INFO] Status changed: SENSOR_ERROR -> NORMAL
[2026-09-24 09:31:47] [INFO] Temperature: 25.0C | Status: NORMAL | Fan: OFF | Alarm: OFF
[2026-09-24 09:31:48] [WARNING] Sensor transient fault detected (Count: 1/3) - Raw value: 100.0C - Holding last valid state
[2026-09-24 09:31:49] [INFO] Sensor recovered after 0 fault cycle(s) - Resuming normal operation
[2026-09-24 09:31:49] [INFO] Status changed: SENSOR_ERROR -> NORMAL
[2026-09-24 09:31:49] [INFO] Temperature: 25.0C | Status: NORMAL | Fan: OFF | Alarm: OFF
[2026-09-24 09:31:50] [INFO] Temperature: 25.0C | Status: NORMAL | Fan: OFF | Alarm: OFF
[2026-09-24 09:31:51] [INFO] Temperature: 25.0C | Status: NORMAL | Fan: OFF | Alarm: OFF
[2026-09-24 09:31:52] [INFO] Temperature: 25.0C | Status: NORMAL | Fan: OFF | Alarm: OFF
[2026-09-24 09:31:53] [INFO] Temperature: 25.0C | Status: NORMAL | Fan: OFF | Alarm: OFF
[2026-09-24 09:31:54] [INFO] Temperature: 25.0C | Status: NORMAL | Fan: OFF | Alarm: OFF
[2026-09-24 09:31:55] [WARNING] Sensor transient fault detected (Count: 1/3) - Raw value: 100100.0C - Holding last valid state
[2026-09-24 09:31:56] [INFO] Sensor recovered after 0 fault cycle(s) - Resuming normal operation
[2026-09-24 09:31:56] [INFO] Status changed: SENSOR_ERROR -> NORMAL
[2026-09-24 09:31:56] [INFO] Temperature: 25.0C | Status: NORMAL | Fan: OFF | Alarm: OFF
[2026-09-24 09:31:57] [INFO] Temperature: 25.0C | Status: NORMAL | Fan: OFF | Alarm: OFF
[2026-09-24 09:31:58] [INFO] Temperature: 25.0C | Status: NORMAL | Fan: OFF | Alarm: OFF
[2026-09-24 09:31:59] [INFO] Temperature: 25.0C | Status: NORMAL | Fan: OFF | Alarm: OFF
[2026-09-24 09:32:00] [WARNING] Sensor transient fault detected (Count: 1/3) - Raw value: 100.0C - Holding last valid state
[2026-09-24 09:32:01] [INFO] Sensor recovered after 0 fault cycle(s) - Resuming normal operation
[2026-09-24 09:32:01] [INFO] Status changed: SENSOR_ERROR -> NORMAL
[2026-09-24 09:32:01] [INFO] Temperature: 25.0C | Status: NORMAL | Fan: OFF | Alarm: OFF
[2026-09-24 09:32:02] [WARNING] Sensor transient fault detected (Count: 1/3) - Raw value: 100.0C - Holding last valid state
[2026-09-24 09:32:03] [INFO] Sensor recovered after 0 fault cycle(s) - Resuming normal operation
[2026-09-24 09:32:03] [INFO] Status changed: SENSOR_ERROR -> NORMAL
[2026-09-24 09:32:03] [INFO] Temperature: 25.0C | Status: NORMAL | Fan: OFF | Alarm: OFF
[2026-09-24 09:32:04] [INFO] Temperature: 25.0C | Status: NORMAL | Fan: OFF | Alarm: OFF
[2026-09-24 09:32:05] [WARNING] Sensor transient fault detected (Count: 1/3) - Raw value: 100.0C - Holding last valid state
[2026-09-24 09:32:06] [INFO] Sensor recovered after 0 fault cycle(s) - Resuming normal operation
[2026-09-24 09:32:06] [INFO] Status changed: SENSOR_ERROR -> NORMAL
[2026-09-24 09:32:06] [INFO] Temperature: 25.0C | Status: NORMAL | Fan: OFF | Alarm: OFF
[2026-09-24 09:32:07] [WARNING] Sensor transient fault detected (Count: 1/3) - Raw value: 100.0C - Holding last valid state
[2026-09-24 09:32:08] [INFO] Sensor recovered after 0 fault cycle(s) - Resuming normal operation
[2026-09-24 09:32:08] [INFO] Status changed: SENSOR_ERROR -> NORMAL
[2026-09-24 09:32:08] [INFO] Temperature: 25.0C | Status: NORMAL | Fan: OFF | Alarm: OFF
[2026-09-24 09:32:09] [WARNING] Sensor transient fault detected (Count: 1/3) - Raw value: 100.0C - Holding last valid state
[2026-09-24 09:32:10] [INFO] Sensor recovered after 0 fault cycle(s) - Resuming normal operation
[2026-09-24 09:32:10] [INFO] Status changed: SENSOR_ERROR -> NORMAL
[2026-09-24 09:32:10] [INFO] Temperature: 25.0C | Status: NORMAL | Fan: OFF | Alarm: OFF
[2026-09-24 09:32:11] [WARNING] Sensor transient fault detected (Count: 1/3) - Raw value: 100.0C - Holding last valid state
[2026-09-24 09:32:12] [WARNING] Sensor transient fault detected (Count: 2/3) - Raw value: 100.0C - Holding last valid state
[2026-09-24 09:32:13] [INFO] Sensor recovered after 0 fault cycle(s) - Resuming normal operation
[2026-09-24 09:32:13] [INFO] Status changed: SENSOR_ERROR -> NORMAL
[2026-09-24 09:32:13] [INFO] Temperature: 25.0C | Status: NORMAL | Fan: OFF | Alarm: OFF
[2026-09-24 09:32:14] [WARNING] Sensor transient fault detected (Count: 1/3) - Raw value: 100.0C - Holding last valid state
[2026-09-24 09:32:15] [INFO] Sensor recovered after 0 fault cycle(s) - Resuming normal operation
[2026-09-24 09:32:15] [INFO] Status changed: SENSOR_ERROR -> NORMAL
[2026-09-24 09:32:15] [INFO] Temperature: 25.0C | Status: NORMAL | Fan: OFF | Alarm: OFF
[2026-09-24 09:32:16] [WARNING] Sensor transient fault detected (Count: 1/3) - Raw value: 100.0C - Holding last valid state
[2026-09-24 09:32:18] [WARNING] Sensor transient fault detected (Count: 2/3) - Raw value: 100.0C - Holding last valid state
[2026-09-24 09:32:19] [INFO] Sensor recovered after 0 fault cycle(s) - Resuming normal operation
[2026-09-24 09:32:19] [INFO] Status changed: SENSOR_ERROR -> NORMAL
[2026-09-24 09:32:19] [INFO] Temperature: 25.0C | Status: NORMAL | Fan: OFF | Alarm: OFF
[2026-09-24 09:32:20] [INFO] Temperature: 25.0C | Status: NORMAL | Fan: OFF | Alarm: OFF
[2026-09-24 09:32:21] [INFO] System shutdown requested by user
[2026-09-24 09:32:21] [INFO] === System Shutdown ===
========================================

========================================
[2026-09-24 09:36:58] [INFO] === System Started ===
[2026-09-24 09:36:58] [INFO] Mode: MANUAL
[2026-09-24 09:36:58] [INFO] Controller initialized - Fan threshold: 30C, Alarm threshold: 40C, Valid range: [0, 60]C, Fault threshold: 3 cycles
[2026-09-24 09:36:58] [INFO] Temperature: 25.0C | Status: NORMAL | Fan: OFF | Alarm: OFF
[2026-09-24 09:36:59] [INFO] Temperature: 25.0C | Status: NORMAL | Fan: OFF | Alarm: OFF
[2026-09-24 09:37:00] [INFO] Temperature: 25.0C | Status: NORMAL | Fan: OFF | Alarm: OFF
[2026-09-24 09:37:01] [WARNING] Sensor transient fault detected (Count: 1/3) - Raw value: -10.0C - Holding last valid state
[2026-09-24 09:37:02] [WARNING] Sensor transient fault detected (Count: 2/3) - Raw value: -10.0C - Holding last valid state
[2026-09-24 09:37:03] [WARNING] Sensor transient fault detected (Count: 3/3) - Raw value: -10.0C - Holding last valid state
[2026-09-24 09:37:04] [CRITICAL] PERSISTENT SENSOR FAILURE! Fault count: 4 - Raw value: -10.0C - System entered FAILSAFE MODE
[2026-09-24 09:37:04] [CRITICAL] Fan FORCED ON (Failsafe)
[2026-09-24 09:37:04] [CRITICAL] Alarm FORCED ON (Failsafe) - Technician intervention required!
[2026-09-24 09:37:04] [CRITICAL] === FAILSAFE MODE ACTIVATED - Fan ON, Alarm ON ===
[2026-09-24 09:37:05] [CRITICAL] PERSISTENT SENSOR FAILURE! Fault count: 5 - Raw value: -10.0C - System entered FAILSAFE MODE
[2026-09-24 09:37:06] [CRITICAL] PERSISTENT SENSOR FAILURE! Fault count: 6 - Raw value: -10.0C - System entered FAILSAFE MODE
[2026-09-24 09:37:07] [INFO] Sensor recovered after 0 fault cycle(s) - Resuming normal operation
[2026-09-24 09:37:07] [INFO] Fan turned OFF
[2026-09-24 09:37:07] [INFO] Alarm turned OFF
[2026-09-24 09:37:07] [INFO] Status changed: FAILSAFE -> NORMAL
[2026-09-24 09:37:07] [INFO] Temperature: 10.0C | Status: NORMAL | Fan: OFF | Alarm: OFF
[2026-09-24 09:37:09] [INFO] Temperature: 10.0C | Status: NORMAL | Fan: OFF | Alarm: OFF
[2026-09-24 09:37:10] [INFO] Temperature: 10.0C | Status: NORMAL | Fan: OFF | Alarm: OFF
[2026-09-24 09:37:11] [INFO] Temperature: 10.0C | Status: NORMAL | Fan: OFF | Alarm: OFF
[2026-09-24 09:37:12] [INFO] System shutdown requested by user
[2026-09-24 09:37:12] [INFO] === System Shutdown ===
========================================
